timestamp,minutes_elapsed,cam_id,model,operator,setup,environment,distance_m,signal_dbm,battery_pct,battery_health,temperature_c,link_state,bitrate_mbps,dropped_frames,latency_ms,transmitting,recording_local
2026-08-29T07:00:00,0.0,CAM-01,Sony FX6,Ariel,Location A - Ancestral House (Interior),interior,18.0,-54.1,99.9,0.95,25.9,OK,49.1,0,35,True,True
2026-08-29T07:00:00,0.0,CAM-02,Sony FX6,Marlon,Location A - Ancestral House (Interior),interior,32.0,-57.1,99.9,0.92,25.8,OK,48.2,0,35,True,True
2026-08-29T07:00:00,0.0,CAM-03,Sony FX3,Kiko,Location A - Ancestral House (Interior),interior,68.0,-67.6,100.0,0.61,25.4,DEGRADED,22.2,15,316,True,True
2026-08-29T07:00:00,0.0,CAM-04,Sony FX3,Dennis,Location A - Ancestral House (Interior),interior,45.0,-60.1,100.0,0.88,26.4,OK,45.5,0,36,True,True
2026-08-29T07:00:00,0.0,CAM-05,Blackmagic,Jorge,Location A - Ancestral House (Interior),interior,95.0,-69.4,99.9,0.79,26.3,DEGRADED,18.3,74,390,True,True
2026-08-29T07:00:30,0.5,CAM-01,Sony FX6,Ariel,Location A - Ancestral House (Interior),interior,18.0,-52.5,99.3,0.95,23.9,OK,47.1,0,35,True,True
2026-08-29T07:00:30,0.5,CAM-02,Sony FX6,Marlon,Location A - Ancestral House (Interior),interior,32.0,-56.3,99.4,0.92,26.7,OK,46.5,0,35,True,True
2026-08-29T07:00:30,0.5,CAM-03,Sony FX3,Kiko,Location A - Ancestral House (Interior),interior,68.0,-68.8,100.0,0.61,26.5,DEGRADED,20.4,8,207,True,True
2026-08-29T07:00:30,0.5,CAM-04,Sony FX3,Dennis,Location A - Ancestral House (Interior),interior,45.0,-61.5,99.6,0.88,25.6,OK,43.9,3,119,True,True
2026-08-29T07:00:30,0.5,CAM-05,Blackmagic,Jorge,Location A - Ancestral House (Interior),interior,95.0,-73.1,99.4,0.79,26.6,CRITICAL,8.2,19,365,True,True
2026-08-29T07:01:00,1.0,CAM-01,Sony FX6,Ariel,Location A - Ancestral House (Interior),interior,18.0,-50.6,99.7,0.95,24.9,OK,47.2,0,35,True,True
2026-08-29T07:01:00,1.0,CAM-02,Sony FX6,Marlon,Location A - Ancestral House (Interior),interior,32.0,-57.7,99.9,0.92,25.7,OK,49.1,0,35,True,True
2026-08-29T07:01:00,1.0,CAM-03,Sony FX3,Kiko,Location A - Ancestral House (Interior),interior,68.0,-67.7,99.4,0.61,25.6,DEGRADED,22.1,65,263,True,True
2026-08-29T07:01:00,1.0,CAM-04,Sony FX3,Dennis,Location A - Ancestral House (Interior),interior,45.0,-60.3,100.0,0.88,25.4,OK,46.6,1,51,True,True
2026-08-29T07:01:00,1.0,CAM-05,Blackmagic,Jorge,Location A - Ancestral House (Interior),interior,95.0,-72.6,99.9,0.79,27.0,CRITICAL,7.7,10,118,True,True
2026-08-29T07:01:30,1.5,CAM-01,Sony FX6,Ariel,Location A - Ancestral House (Interior),interior,18.0,-51.4,100.0,0.95,26.2,OK,46.5,0,35,True,True
2026-08-29T07:01:30,1.5,CAM-02,Sony FX6,Marlon,Location A - Ancestral House (Interior),interior,32.0,-55.1,99.6,0.92,27.6,OK,47.5,0,35,True,True
2026-08-29T07:01:30,1.5,CAM-03,Sony FX3,Kiko,Location A - Ancestral House (Interior),interior,68.0,-70.2,99.0,0.61,25.9,DEGRADED,17.5,10,324,True,True
2026-08-29T07:01:30,1.5,CAM-04,Sony FX3,Dennis,Location A - Ancestral House (Interior),interior,45.0,-65.4,99.9,0.88,26.4,DEGRADED,29.9,25,110,True,True
2026-08-29T07:01:30,1.5,CAM-05,Blackmagic,Jorge,Location A - Ancestral House (Interior),interior,95.0,-67.5,99.2,0.79,25.7,DEGRADED,26.0,42,129,True,True
2026-08-29T07:02:00,2.0,CAM-01,Sony FX6,Ariel,Location A - Ancestral House (Interior),interior,18.0,-53.6,99.0,0.95,26.2,OK,46.2,0,35,True,True
2026-08-29T07:02:00,2.0,CAM-02,Sony FX6,Marlon,Location A - Ancestral House (Interior),interior,32.0,-52.8,99.6,0.92,27.1,OK,46.0,0,35,True,True
2026-08-29T07:02:00,2.0,CAM-03,Sony FX3,Kiko,Location A - Ancestral House (Interior),interior,68.0,-65.2,98.6,0.61,26.8,OK,32.2,3,277,True,True
2026-08-29T07:02:00,2.0,CAM-04,Sony FX3,Dennis,Location A - Ancestral House (Interior),interior,45.0,-60.0,99.3,0.88,25.0,OK,48.3,0,35,True,True
2026-08-29T07:02:00,2.0,CAM-05,Blackmagic,Jorge,Location A - Ancestral House (Interior),interior,95.0,-72.7,99.6,0.79,24.7,CRITICAL,6.8,23,307,True,True
2026-08-29T07:02:30,2.5,CAM-01,Sony FX6,Ariel,Location A - Ancestral House (Interior),interior,18.0,-50.6,99.4,0.95,25.1,OK,48.7,0,35,True,True
2026-08-29T07:02:30,2.5,CAM-02,Sony FX6,Marlon,Location A - Ancestral House (Interior),interior,32.0,-59.3,99.9,0.92,26.1,OK,49.0,0,35,True,True
2026-08-29T07:02:30,2.5,CAM-03,Sony FX3,Kiko,Location A - Ancestral House (Interior),interior,68.0,-68.4,100.0,0.61,26.2,DEGRADED,20.7,18,383,True,True
2026-08-29T07:02:30,2.5,CAM-04,Sony FX3,Dennis,Location A - Ancestral House (Interior),interior,45.0,-59.9,99.6,0.88,27.0,OK,47.2,0,35,True,True
2026-08-29T07:02:30,2.5,CAM-05,Blackmagic,Jorge,Location A - Ancestral House (Interior),interior,95.0,-70.8,99.1,0.79,26.7,DEGRADED,14.4,42,360,True,True
2026-08-29T07:03:00,3.0,CAM-01,Sony FX6,Ariel,Location A - Ancestral House (Interior),interior,18.0,-54.2,98.7,0.95,26.4,OK,47.9,0,35,True,True
2026-08-29T07:03:00,3.0,CAM-02,Sony FX6,Marlon,Location A - Ancestral House (Interior),interior,32.0,-56.7,99.1,0.92,26.3,OK,49.5,0,35,True,True
2026-08-29T07:03:00,3.0,CAM-03,Sony FX3,Kiko,Location A - Ancestral House (Interior),interior,68.0,-69.0,99.8,0.61,24.5,DEGRADED,20.2,46,96,True,True
2026-08-29T07:03:00,3.0,CAM-04,Sony FX3,Dennis,Location A - Ancestral House (Interior),interior,45.0,-56.0,99.2,0.88,27.8,OK,47.3,0,35,True,True
2026-08-29T07:03:00,3.0,CAM-05,Blackmagic,Jorge,Location A - Ancestral House (Interior),interior,95.0,-72.9,99.2,0.79,25.8,CRITICAL,7.0,45,798,True,True
2026-08-29T07:03:30,3.5,CAM-01,Sony FX6,Ariel,Location A - Ancestral House (Interior),interior,18.0,-54.2,99.9,0.95,25.2,OK,48.4,0,35,True,True
2026-08-29T07:03:30,3.5,CAM-02,Sony FX6,Marlon,Location A - Ancestral House (Interior),interior,32.0,-61.1,98.9,0.92,26.4,OK,45.5,9,75,True,True
2026-08-29T07:03:30,3.5,CAM-03,Sony FX3,Kiko,Location A - Ancestral House (Interior),interior,68.0,-72.5,98.6,0.61,27.0,CRITICAL,8.7,58,681,True,True
2026-08-29T07:03:30,3.5,CAM-04,Sony FX3,Dennis,Location A - Ancestral House (Interior),interior,45.0,-57.1,100.0,0.88,26.4,OK,48.5,0,35,True,True
2026-08-29T07:03:30,3.5,CAM-05,Blackmagic,Jorge,Location A - Ancestral House (Interior),interior,95.0,-71.2,99.2,0.79,26.5,DEGRADED,11.4,62,468,True,True
2026-08-29T07:04:00,4.0,CAM-01,Sony FX6,Ariel,Location A - Ancestral House (Interior),interior,18.0,-56.3,99.3,0.95,24.2,OK,47.5,0,35,True,True
2026-08-29T07:04:00,4.0,CAM-02,Sony FX6,Marlon,Location A - Ancestral House (Interior),interior,32.0,-57.6,99.4,0.92,25.7,OK,46.9,0,35,True,True
2026-08-29T07:04:00,4.0,CAM-03,Sony FX3,Kiko,Location A - Ancestral House (Interior),interior,68.0,-66.8,98.8,0.61,28.7,DEGRADED,26.2,4,143,True,True
2026-08-29T07:04:00,4.0,CAM-04,Sony FX3,Dennis,Location A - Ancestral House (Interior),interior,45.0,-60.6,99.9,0.88,27.2,OK,44.0,2,42,True,True
2026-08-29T07:04:00,4.0,CAM-05,Blackmagic,Jorge,Location A - Ancestral House (Interior),interior,95.0,-69.6,98.3,0.79,24.2,DEGRADED,14.4,58,77,True,True
2026-08-29T07:04:30,4.5,CAM-01,Sony FX6,Ariel,Location A - Ancestral House (Interior),interior,18.0,-53.0,98.7,0.95,25.0,OK,45.0,0,35,True,True
2026-08-29T07:04:30,4.5,CAM-02,Sony FX6,Marlon,Location A - Ancestral House (Interior),interior,32.0,-55.6,99.2,0.92,25.8,OK,50.0,0,35,True,True
2026-08-29T07:04:30,4.5,CAM-03,Sony FX3,Kiko,Location A - Ancestral House (Interior),interior,68.0,-70.2,98.1,0.61,24.3,DEGRADED,15.6,80,128,True,True
2026-08-29T07:04:30,4.5,CAM-04,Sony FX3,Dennis,Location A - Ancestral House (Interior),interior,45.0,-61.7,99.0,0.88,27.4,OK,42.6,10,66,True,True
2026-08-29T07:04:30,4.5,CAM-05,Blackmagic,Jorge,Location A - Ancestral House (Interior),interior,95.0,-71.5,98.2,0.79,25.9,DEGRADED,11.3,8,649,True,True
2026-08-29T07:05:00,5.0,CAM-01,Sony FX6,Ariel,Location A - Ancestral House (Interior),interior,18.0,-51.5,98.6,0.95,26.5,OK,46.3,0,35,True,True
2026-08-29T07:05:00,5.0,CAM-02,Sony FX6,Marlon,Location A - Ancestral House (Interior),interior,32.0,-59.5,99.6,0.92,26.5,OK,45.1,0,35,True,True
2026-08-29T07:05:00,5.0,CAM-03,Sony FX3,Kiko,Location A - Ancestral House (Interior),interior,68.0,-69.0,98.4,0.61,26.3,DEGRADED,16.1,34,383,True,True
2026-08-29T07:05:00,5.0,CAM-04,Sony FX3,Dennis,Location A - Ancestral House (Interior),interior,45.0,-57.3,99.5,0.88,27.4,OK,44.9,0,35,True,True
2026-08-29T07:05:00,5.0,CAM-05,Blackmagic,Jorge,Location A - Ancestral House (Interior),interior,95.0,-67.8,98.7,0.79,25.1,DEGRADED,26.1,58,443,True,True
2026-08-29T07:05:30,5.5,CAM-01,Sony FX6,Ariel,Location A - Ancestral House (Interior),interior,18.0,-53.1,98.4,0.95,26.1,OK,47.3,0,35,True,True
2026-08-29T07:05:30,5.5,CAM-02,Sony FX6,Marlon,Location A - Ancestral House (Interior),interior,32.0,-57.1,99.4,0.92,25.3,OK,48.3,0,35,True,True
2026-08-29T07:05:30,5.5,CAM-03,Sony FX3,Kiko,Location A - Ancestral House (Interior),interior,68.0,-67.6,98.1,0.61,25.2,DEGRADED,26.3,68,184,True,True
2026-08-29T07:05:30,5.5,CAM-04,Sony FX3,Dennis,Location A - Ancestral House (Interior),interior,45.0,-61.6,98.3,0.88,27.0,OK,42.7,14,51,True,True
2026-08-29T07:05:30,5.5,CAM-05,Blackmagic,Jorge,Location A - Ancestral House (Interior),interior,95.0,-70.0,98.4,0.79,26.6,DEGRADED,15.7,10,318,True,True
2026-08-29T07:06:00,6.0,CAM-01,Sony FX6,Ariel,Location A - Ancestral House (Interior),interior,18.0,-54.0,98.3,0.95,25.2,OK,46.9,0,35,True,True
2026-08-29T07:06:00,6.0,CAM-02,Sony FX6,Marlon,Location A - Ancestral House (Interior),interior,32.0,-57.9,99.2,0.92,27.8,OK,48.0,0,35,True,True
2026-08-29T07:06:00,6.0,CAM-03,Sony FX3,Kiko,Location A - Ancestral House (Interior),interior,68.0,-69.2,97.2,0.61,25.8,DEGRADED,19.0,57,241,True,True
2026-08-29T07:06:00,6.0,CAM-04,Sony FX3,Dennis,Location A - Ancestral House (Interior),interior,45.0,-61.8,99.2,0.88,25.9,OK,41.0,5,83,True,True
2026-08-29T07:06:00,6.0,CAM-05,Blackmagic,Jorge,Location A - Ancestral House (Interior),interior,95.0,-72.8,98.5,0.79,26.6,CRITICAL,8.2,112,571,True,True
2026-08-29T07:06:30,6.5,CAM-01,Sony FX6,Ariel,Location A - Ancestral House (Interior),interior,18.0,-51.3,98.2,0.95,25.7,OK,49.8,0,35,True,True
2026-08-29T07:06:30,6.5,CAM-02,Sony FX6,Marlon,Location A - Ancestral House (Interior),interior,32.0,-60.4,98.7,0.92,25.5,OK,45.3,1,41,True,True
2026-08-29T07:06:30,6.5,CAM-03,Sony FX3,Kiko,Location A - Ancestral House (Interior),interior,68.0,-73.7,97.8,0.61,26.1,CRITICAL,3.3,10,485,True,True
2026-08-29T07:06:30,6.5,CAM-04,Sony FX3,Dennis,Location A - Ancestral House (Interior),interior,45.0,-61.5,98.1,0.88,26.6,OK,40.9,9,59,True,True
2026-08-29T07:06:30,6.5,CAM-05,Blackmagic,Jorge,Location A - Ancestral House (Interior),interior,95.0,-71.2,98.3,0.79,26.0,DEGRADED,13.9,88,125,True,True
2026-08-29T07:07:00,7.0,CAM-01,Sony FX6,Ariel,Location A - Ancestral House (Interior),interior,18.0,-56.4,98.7,0.95,26.4,OK,50.2,0,35,True,True
2026-08-29T07:07:00,7.0,CAM-02,Sony FX6,Marlon,Location A - Ancestral House (Interior),interior,32.0,-57.9,98.3,0.92,26.0,OK,45.4,0,35,True,True
2026-08-29T07:07:00,7.0,CAM-03,Sony FX3,Kiko,Location A - Ancestral House (Interior),interior,68.0,-66.5,98.4,0.61,25.7,DEGRADED,27.1,15,369,True,True
2026-08-29T07:07:00,7.0,CAM-04,Sony FX3,Dennis,Location A - Ancestral House (Interior),interior,45.0,-64.0,98.4,0.88,24.8,OK,31.3,22,263,True,True
2026-08-29T07:07:00,7.0,CAM-05,Blackmagic,Jorge,Location A - Ancestral House (Interior),interior,95.0,-69.0,97.7,0.79,25.8,DEGRADED,17.5,69,347,True,True
2026-08-29T07:07:30,7.5,CAM-01,Sony FX6,Ariel,Location A - Ancestral House (Interior),interior,18.0,-50.9,97.9,0.95,25.4,OK,48.2,0,35,True,True
2026-08-29T07:07:30,7.5,CAM-02,Sony FX6,Marlon,Location A - Ancestral House (Interior),interior,32.0,-57.5,97.7,0.92,25.6,OK,47.1,0,35,True,True
2026-08-29T07:07:30,7.5,CAM-03,Sony FX3,Kiko,Location A - Ancestral House (Interior),interior,68.0,-69.3,97.6,0.61,25.6,DEGRADED,18.0,20,433,True,True
2026-08-29T07:07:30,7.5,CAM-04,Sony FX3,Dennis,Location A - Ancestral House (Interior),interior,45.0,-60.4,98.0,0.88,25.2,OK,47.7,1,41,True,True
2026-08-29T07:07:30,7.5,CAM-05,Blackmagic,Jorge,Location A - Ancestral House (Interior),interior,95.0,-75.5,98.3,0.79,24.9,DEGRADED,15.0,79,501,True,True
2026-08-29T07:08:00,8.0,CAM-01,Sony FX6,Ariel,Location A - Ancestral House (Interior),interior,18.0,-54.0,98.2,0.95,25.2,OK,50.0,0,35,True,True
2026-08-29T07:08:00,8.0,CAM-02,Sony FX6,Marlon,Location A - Ancestral House (Interior),interior,32.0,-61.0,98.4,0.92,25.0,OK,44.2,2,51,True,True
2026-08-29T07:08:00,8.0,CAM-03,Sony FX3,Kiko,Location A - Ancestral House (Interior),interior,68.0,-69.5,97.2,0.61,25.4,DEGRADED,19.5,35,160,True,True
2026-08-29T07:08:00,8.0,CAM-04,Sony FX3,Dennis,Location A - Ancestral House (Interior),interior,45.0,-61.3,98.0,0.88,25.9,OK,43.6,4,81,True,True
2026-08-29T07:08:00,8.0,CAM-05,Blackmagic,Jorge,Location A - Ancestral House (Interior),interior,95.0,-68.2,97.9,0.79,26.6,DEGRADED,23.0,3,241,True,True
2026-08-29T07:08:30,8.5,CAM-01,Sony FX6,Ariel,Location A - Ancestral House (Interior),interior,18.0,-53.3,98.4,0.95,26.1,OK,46.5,0,35,True,True
2026-08-29T07:08:30,8.5,CAM-02,Sony FX6,Marlon,Location A - Ancestral House (Interior),interior,32.0,-57.8,98.1,0.92,27.0,OK,48.2,0,35,True,True
2026-08-29T07:08:30,8.5,CAM-03,Sony FX3,Kiko,Location A - Ancestral House (Interior),interior,68.0,-71.3,96.4,0.61,25.2,DEGRADED,9.8,100,206,True,True
2026-08-29T07:08:30,8.5,CAM-04,Sony FX3,Dennis,Location A - Ancestral House (Interior),interior,45.0,-58.9,97.9,0.88,26.8,OK,49.6,0,35,True,True
2026-08-29T07:08:30,8.5,CAM-05,Blackmagic,Jorge,Location A - Ancestral House (Interior),interior,95.0,-72.5,97.0,0.79,26.5,CRITICAL,9.8,87,165,True,True
2026-08-29T07:09:00,9.0,CAM-01,Sony FX6,Ariel,Location A - Ancestral House (Interior),interior,18.0,-51.4,97.0,0.95,26.1,OK,48.2,0,35,True,True
2026-08-29T07:09:00,9.0,CAM-02,Sony FX6,Marlon,Location A - Ancestral House (Interior),interior,32.0,-55.6,97.7,0.92,25.9,OK,47.4,0,35,True,True
2026-08-29T07:09:00,9.0,CAM-03,Sony FX3,Kiko,Location A - Ancestral House (Interior),interior,68.0,-66.0,97.2,0.61,26.6,DEGRADED,27.2,6,389,True,True
2026-08-29T07:09:00,9.0,CAM-04,Sony FX3,Dennis,Location A - Ancestral House (Interior),interior,45.0,-59.7,97.4,0.88,25.3,OK,48.6,0,35,True,True
2026-08-29T07:09:00,9.0,CAM-05,Blackmagic,Jorge,Location A - Ancestral House (Interior),interior,95.0,-68.9,96.9,0.79,27.6,DEGRADED,21.9,52,483,True,True
2026-08-29T07:09:30,9.5,CAM-01,Sony FX6,Ariel,Location A - Ancestral House (Interior),interior,18.0,-54.4,97.4,0.95,25.8,OK,44.1,0,35,True,True
2026-08-29T07:09:30,9.5,CAM-02,Sony FX6,Marlon,Location A - Ancestral House (Interior),interior,32.0,-60.2,97.6,0.92,24.8,OK,48.3,0,45,True,True
2026-08-29T07:09:30,9.5,CAM-03,Sony FX3,Kiko,Location A - Ancestral House (Interior),interior,68.0,-68.6,96.4,0.61,26.4,DEGRADED,19.7,37,363,True,True
2026-08-29T07:09:30,9.5,CAM-04,Sony FX3,Dennis,Location A - Ancestral House (Interior),interior,45.0,-60.5,97.7,0.88,26.3,OK,45.6,0,59,True,True
2026-08-29T07:09:30,9.5,CAM-05,Blackmagic,Jorge,Location A - Ancestral House (Interior),interior,95.0,-73.8,98.0,0.79,25.8,CRITICAL,2.7,1,822,True,True
2026-08-29T07:10:00,10.0,CAM-01,Sony FX6,Ariel,Location A - Ancestral House (Interior),interior,18.0,-50.8,98.0,0.95,24.7,OK,48.2,0,35,True,True
2026-08-29T07:10:00,10.0,CAM-02,Sony FX6,Marlon,Location A - Ancestral House (Interior),interior,32.0,-61.7,97.6,0.92,26.5,OK,43.1,10,70,True,True
2026-08-29T07:10:00,10.0,CAM-03,Sony FX3,Kiko,Location A - Ancestral House (Interior),interior,68.0,-71.2,96.2,0.61,25.2,DEGRADED,11.9,77,287,True,True
2026-08-29T07:10:00,10.0,CAM-04,Sony FX3,Dennis,Location A - Ancestral House (Interior),interior,45.0,-60.7,97.2,0.88,26.0,OK,46.5,1,42,True,True
2026-08-29T07:10:00,10.0,CAM-05,Blackmagic,Jorge,Location A - Ancestral House (Interior),interior,95.0,-75.0,97.1,0.79,26.2,DEGRADED,17.8,44,469,True,True
2026-08-29T07:10:30,10.5,CAM-01,Sony FX6,Ariel,Location A - Ancestral House (Interior),interior,18.0,-51.1,97.5,0.95,25.9,OK,48.7,0,35,True,True
2026-08-29T07:10:30,10.5,CAM-02,Sony FX6,Marlon,Location A - Ancestral House (Interior),interior,32.0,-57.6,97.6,0.92,25.4,OK,47.7,0,35,True,True
2026-08-29T07:10:30,10.5,CAM-03,Sony FX3,Kiko,Location A - Ancestral House (Interior),interior,68.0,-69.4,96.0,0.61,26.6,DEGRADED,16.6,76,374,True,True
2026-08-29T07:10:30,10.5,CAM-04,Sony FX3,Dennis,Location A - Ancestral House (Interior),interior,45.0,-62.5,97.5,0.88,26.1,OK,40.4,21,111,True,True
2026-08-29T07:10:30,10.5,CAM-05,Blackmagic,Jorge,Location A - Ancestral House (Interior),interior,95.0,-70.4,96.7,0.79,27.0,DEGRADED,15.7,5,163,True,True
2026-08-29T07:11:00,11.0,CAM-01,Sony FX6,Ariel,Location A - Ancestral House (Interior),interior,18.0,-55.5,97.3,0.95,26.4,OK,48.0,0,35,True,True
2026-08-29T07:11:00,11.0,CAM-02,Sony FX6,Marlon,Location A - Ancestral House (Interior),interior,32.0,-57.4,97.1,0.92,25.1,OK,47.8,0,35,True,True
2026-08-29T07:11:00,11.0,CAM-03,Sony FX3,Kiko,Location A - Ancestral House (Interior),interior,68.0,-67.1,96.0,0.61,25.2,DEGRADED,23.9,49,440,True,True
2026-08-29T07:11:00,11.0,CAM-04,Sony FX3,Dennis,Location A - Ancestral House (Interior),interior,45.0,-59.8,97.5,0.88,25.8,OK,47.3,0,35,True,True
2026-08-29T07:11:00,11.0,CAM-05,Blackmagic,Jorge,Location A - Ancestral House (Interior),interior,95.0,-68.9,96.9,0.79,25.4,DEGRADED,18.8,19,422,True,True
2026-08-29T07:11:30,11.5,CAM-01,Sony FX6,Ariel,Location A - Ancestral House (Interior),interior,18.0,-54.5,96.9,0.95,25.3,OK,44.9,0,35,True,True
2026-08-29T07:11:30,11.5,CAM-02,Sony FX6,Marlon,Location A - Ancestral House (Interior),interior,32.0,-60.5,96.5,0.92,25.1,OK,47.3,3,62,True,True
2026-08-29T07:11:30,11.5,CAM-03,Sony FX3,Kiko,Location A - Ancestral House (Interior),interior,68.0,-68.6,95.7,0.61,26.3,DEGRADED,21.6,60,343,True,True
2026-08-29T07:11:30,11.5,CAM-04,Sony FX3,Dennis,Location A - Ancestral House (Interior),interior,45.0,-60.4,97.3,0.88,25.5,OK,44.6,3,47,True,True
2026-08-29T07:11:30,11.5,CAM-05,Blackmagic,Jorge,Location A - Ancestral House (Interior),interior,95.0,-72.2,96.8,0.79,26.8,CRITICAL,9.4,36,254,True,True
2026-08-29T07:12:00,12.0,CAM-01,Sony FX6,Ariel,Location A - Ancestral House (Interior),interior,18.0,-49.1,97.8,0.95,26.5,OK,46.3,0,35,True,True
2026-08-29T07:12:00,12.0,CAM-02,Sony FX6,Marlon,Location A - Ancestral House (Interior),interior,32.0,-58.6,96.9,0.92,27.3,OK,48.6,0,35,True,True
2026-08-29T07:12:00,12.0,CAM-03,Sony FX3,Kiko,Location A - Ancestral House (Interior),interior,68.0,-67.8,95.5,0.61,25.0,DEGRADED,22.0,35,106,True,True
2026-08-29T07:12:00,12.0,CAM-04,Sony FX3,Dennis,Location A - Ancestral House (Interior),interior,45.0,-61.3,97.3,0.88,25.2,OK,41.2,4,90,True,True
2026-08-29T07:12:00,12.0,CAM-05,Blackmagic,Jorge,Location A - Ancestral House (Interior),interior,95.0,-72.6,97.6,0.79,26.4,CRITICAL,5.9,53,307,True,True
2026-08-29T07:12:30,12.5,CAM-01,Sony FX6,Ariel,Location A - Ancestral House (Interior),interior,18.0,-56.4,98.1,0.95,25.2,OK,49.0,0,35,True,True
2026-08-29T07:12:30,12.5,CAM-02,Sony FX6,Marlon,Location A - Ancestral House (Interior),interior,32.0,-60.0,96.9,0.92,26.3,OK,49.3,0,35,True,True
2026-08-29T07:12:30,12.5,CAM-03,Sony FX3,Kiko,Location A - Ancestral House (Interior),interior,68.0,-68.9,95.2,0.61,24.3,DEGRADED,18.5,36,418,True,True
2026-08-29T07:12:30,12.5,CAM-04,Sony FX3,Dennis,Location A - Ancestral House (Interior),interior,45.0,-55.9,97.6,0.88,25.5,OK,47.3,0,35,True,True
2026-08-29T07:12:30,12.5,CAM-05,Blackmagic,Jorge,Location A - Ancestral House (Interior),interior,95.0,-72.3,96.5,0.79,27.8,CRITICAL,8.5,52,165,True,True
2026-08-29T07:13:00,13.0,CAM-01,Sony FX6,Ariel,Location A - Ancestral House (Interior),interior,18.0,-52.5,96.6,0.95,25.8,OK,46.3,0,35,True,True
2026-08-29T07:13:00,13.0,CAM-02,Sony FX6,Marlon,Location A - Ancestral House (Interior),interior,32.0,-56.2,96.9,0.92,25.3,OK,47.5,0,35,True,True
2026-08-29T07:13:00,13.0,CAM-03,Sony FX3,Kiko,Location A - Ancestral House (Interior),interior,68.0,-65.8,94.8,0.61,25.8,DEGRADED,32.1,22,361,True,True
2026-08-29T07:13:00,13.0,CAM-04,Sony FX3,Dennis,Location A - Ancestral House (Interior),interior,45.0,-64.2,96.7,0.88,25.9,OK,35.8,23,286,True,True
2026-08-29T07:13:00,13.0,CAM-05,Blackmagic,Jorge,Location A - Ancestral House (Interior),interior,95.0,-72.6,96.4,0.79,25.3,CRITICAL,7.3,64,468,True,True
2026-08-29T07:13:30,13.5,CAM-01,Sony FX6,Ariel,Location A - Ancestral House (Interior),interior,18.0,-55.6,97.0,0.95,26.5,OK,50.1,0,35,True,True
2026-08-29T07:13:30,13.5,CAM-02,Sony FX6,Marlon,Location A - Ancestral House (Interior),interior,32.0,-57.7,96.7,0.92,26.0,OK,45.7,0,35,True,True
2026-08-29T07:13:30,13.5,CAM-03,Sony FX3,Kiko,Location A - Ancestral House (Interior),interior,68.0,-71.1,94.5,0.61,26.9,DEGRADED,12.3,3,391,True,True
2026-08-29T07:13:30,13.5,CAM-04,Sony FX3,Dennis,Location A - Ancestral House (Interior),interior,45.0,-63.9,96.2,0.88,26.6,OK,34.4,19,150,True,True
2026-08-29T07:13:30,13.5,CAM-05,Blackmagic,Jorge,Location A - Ancestral House (Interior),interior,95.0,-71.7,95.8,0.79,25.7,DEGRADED,9.8,51,716,True,True
2026-08-29T07:14:00,14.0,CAM-01,Sony FX6,Ariel,Location A - Ancestral House (Interior),interior,18.0,-55.6,97.3,0.95,25.1,OK,45.6,0,35,True,True
2026-08-29T07:14:00,14.0,CAM-02,Sony FX6,Marlon,Location A - Ancestral House (Interior),interior,32.0,-59.2,96.9,0.92,25.7,OK,45.5,0,35,True,True
2026-08-29T07:14:00,14.0,CAM-03,Sony FX3,Kiko,Location A - Ancestral House (Interior),interior,68.0,-66.2,95.2,0.61,28.4,DEGRADED,25.7,43,210,True,True
2026-08-29T07:14:00,14.0,CAM-04,Sony FX3,Dennis,Location A - Ancestral House (Interior),interior,45.0,-57.6,96.8,0.88,26.6,OK,46.8,0,35,True,True
2026-08-29T07:14:00,14.0,CAM-05,Blackmagic,Jorge,Location A - Ancestral House (Interior),interior,95.0,-67.6,96.3,0.79,25.8,DEGRADED,25.1,10,291,True,True
2026-08-29T07:14:30,14.5,CAM-01,Sony FX6,Ariel,Location A - Ancestral House (Interior),interior,18.0,-57.4,96.4,0.95,26.2,OK,48.5,0,35,True,True
2026-08-29T07:14:30,14.5,CAM-02,Sony FX6,Marlon,Location A - Ancestral House (Interior),interior,32.0,-57.5,97.4,0.92,26.6,OK,49.3,0,35,True,True
2026-08-29T07:14:30,14.5,CAM-03,Sony FX3,Kiko,Location A - Ancestral House (Interior),interior,68.0,-65.1,94.8,0.61,27.0,OK,30.4,7,181,True,True
2026-08-29T07:14:30,14.5,CAM-04,Sony FX3,Dennis,Location A - Ancestral House (Interior),interior,45.0,-61.8,96.8,0.88,25.5,OK,41.0,4,127,True,True
2026-08-29T07:14:30,14.5,CAM-05,Blackmagic,Jorge,Location A - Ancestral House (Interior),interior,95.0,-70.7,96.3,0.79,25.4,DEGRADED,13.9,57,422,True,True
2026-08-29T07:15:00,15.0,CAM-01,Sony FX6,Ariel,Location A - Ancestral House (Interior),interior,18.0,-51.9,96.5,0.95,27.2,OK,47.7,0,35,True,True
2026-08-29T07:15:00,15.0,CAM-02,Sony FX6,Marlon,Location A - Ancestral House (Interior),interior,32.0,-59.2,95.8,0.92,27.0,OK,48.6,0,35,True,True
2026-08-29T07:15:00,15.0,CAM-03,Sony FX3,Kiko,Location A - Ancestral House (Interior),interior,68.0,-69.9,95.3,0.61,25.4,DEGRADED,15.4,58,418,True,True
2026-08-29T07:15:00,15.0,CAM-04,Sony FX3,Dennis,Location A - Ancestral House (Interior),interior,45.0,-61.7,95.7,0.88,25.2,OK,40.2,9,127,True,True
2026-08-29T07:15:00,15.0,CAM-05,Blackmagic,Jorge,Location A - Ancestral House (Interior),interior,95.0,-72.5,95.5,0.79,25.0,CRITICAL,8.7,85,148,True,True
2026-08-29T07:15:30,15.5,CAM-01,Sony FX6,Ariel,Location A - Ancestral House (Interior),interior,18.0,-54.8,97.0,0.95,26.2,OK,48.7,0,35,True,True
2026-08-29T07:15:30,15.5,CAM-02,Sony FX6,Marlon,Location A - Ancestral House (Interior),interior,32.0,-62.6,96.1,0.92,26.3,OK,38.7,20,115,True,True
2026-08-29T07:15:30,15.5,CAM-03,Sony FX3,Kiko,Location A - Ancestral House (Interior),interior,68.0,-67.8,93.8,0.61,25.8,DEGRADED,23.7,70,127,True,True
2026-08-29T07:15:30,15.5,CAM-04,Sony FX3,Dennis,Location A - Ancestral House (Interior),interior,45.0,-55.9,96.0,0.88,25.6,OK,43.9,0,35,True,True
2026-08-29T07:15:30,15.5,CAM-05,Blackmagic,Jorge,Location A - Ancestral House (Interior),interior,95.0,-73.9,96.2,0.79,27.0,CRITICAL,3.7,59,614,True,True
2026-08-29T07:16:00,16.0,CAM-01,Sony FX6,Ariel,Location A - Ancestral House (Interior),interior,18.0,-55.2,95.8,0.95,26.8,OK,44.8,0,35,True,True
2026-08-29T07:16:00,16.0,CAM-02,Sony FX6,Marlon,Location A - Ancestral House (Interior),interior,32.0,-53.3,96.3,0.92,24.4,OK,46.7,0,35,True,True
2026-08-29T07:16:00,16.0,CAM-03,Sony FX3,Kiko,Location A - Ancestral House (Interior),interior,68.0,-66.9,93.4,0.61,25.7,DEGRADED,27.4,9,428,True,True
2026-08-29T07:16:00,16.0,CAM-04,Sony FX3,Dennis,Location A - Ancestral House (Interior),interior,45.0,-61.0,96.4,0.88,27.4,OK,46.6,1,64,True,True
2026-08-29T07:16:00,16.0,CAM-05,Blackmagic,Jorge,Location A - Ancestral House (Interior),interior,95.0,-73.1,95.0,0.79,26.8,CRITICAL,5.6,90,200,True,True
2026-08-29T07:16:30,16.5,CAM-01,Sony FX6,Ariel,Location A - Ancestral House (Interior),interior,18.0,-54.6,96.3,0.95,25.2,OK,48.1,0,35,True,True
2026-08-29T07:16:30,16.5,CAM-02,Sony FX6,Marlon,Location A - Ancestral House (Interior),interior,32.0,-59.4,96.4,0.92,27.5,OK,47.1,0,35,True,True
2026-08-29T07:16:30,16.5,CAM-03,Sony FX3,Kiko,Location A - Ancestral House (Interior),interior,68.0,-74.9,93.7,0.61,25.5,CRITICAL,1.5,26,196,True,True
2026-08-29T07:16:30,16.5,CAM-04,Sony FX3,Dennis,Location A - Ancestral House (Interior),interior,45.0,-58.8,95.5,0.88,25.4,OK,46.2,0,35,True,True
2026-08-29T07:16:30,16.5,CAM-05,Blackmagic,Jorge,Location A - Ancestral House (Interior),interior,95.0,-71.0,95.1,0.79,26.7,DEGRADED,14.2,7,550,True,True
2026-08-29T07:17:00,17.0,CAM-01,Sony FX6,Ariel,Location A - Ancestral House (Interior),interior,18.0,-53.4,96.3,0.95,26.5,OK,47.0,0,35,True,True
2026-08-29T07:17:00,17.0,CAM-02,Sony FX6,Marlon,Location A - Ancestral House (Interior),interior,32.0,-53.4,95.9,0.92,26.3,OK,48.6,0,35,True,True
2026-08-29T07:17:00,17.0,CAM-03,Sony FX3,Kiko,Location A - Ancestral House (Interior),interior,68.0,-69.3,93.8,0.61,27.4,DEGRADED,18.5,20,240,True,True
2026-08-29T07:17:00,17.0,CAM-04,Sony FX3,Dennis,Location A - Ancestral House (Interior),interior,45.0,-59.8,95.9,0.88,25.9,OK,46.2,0,35,True,True
2026-08-29T07:17:00,17.0,CAM-05,Blackmagic,Jorge,Location A - Ancestral House (Interior),interior,95.0,-70.9,94.8,0.79,26.7,DEGRADED,14.2,96,105,True,True
2026-08-29T07:17:30,17.5,CAM-01,Sony FX6,Ariel,Location A - Ancestral House (Interior),interior,18.0,-52.9,95.2,0.95,25.1,OK,47.8,0,35,True,True
2026-08-29T07:17:30,17.5,CAM-02,Sony FX6,Marlon,Location A - Ancestral House (Interior),interior,32.0,-60.0,95.9,0.92,25.6,OK,46.4,0,35,True,True
2026-08-29T07:17:30,17.5,CAM-03,Sony FX3,Kiko,Location A - Ancestral House (Interior),interior,68.0,-66.4,94.0,0.61,26.6,DEGRADED,28.0,37,257,True,True
2026-08-29T07:17:30,17.5,CAM-04,Sony FX3,Dennis,Location A - Ancestral House (Interior),interior,45.0,-63.4,96.8,0.88,25.1,OK,36.8,19,67,True,True
2026-08-29T07:17:30,17.5,CAM-05,Blackmagic,Jorge,Location A - Ancestral House (Interior),interior,95.0,-72.6,94.4,0.79,25.2,CRITICAL,5.6,84,237,True,True
2026-08-29T07:18:00,18.0,CAM-01,Sony FX6,Ariel,Location A - Ancestral House (Interior),interior,18.0,-55.3,95.9,0.95,25.5,OK,49.4,0,35,True,True
2026-08-29T07:18:00,18.0,CAM-02,Sony FX6,Marlon,Location A - Ancestral House (Interior),interior,32.0,-60.7,96.0,0.92,25.7,OK,46.4,6,40,True,True
2026-08-29T07:18:00,18.0,CAM-03,Sony FX3,Kiko,Location A - Ancestral House (Interior),interior,68.0,-68.5,93.4,0.61,27.1,DEGRADED,22.2,64,333,True,True
2026-08-29T07:18:00,18.0,CAM-04,Sony FX3,Dennis,Location A - Ancestral House (Interior),interior,45.0,-62.6,95.2,0.88,25.8,OK,40.4,8,142,True,True
2026-08-29T07:18:00,18.0,CAM-05,Blackmagic,Jorge,Location A - Ancestral House (Interior),interior,95.0,-71.3,94.2,0.79,25.6,DEGRADED,8.0,63,302,True,True
2026-08-29T07:18:30,18.5,CAM-01,Sony FX6,Ariel,Location A - Ancestral House (Interior),interior,18.0,-55.1,95.6,0.95,25.7,OK,47.1,0,35,True,True
2026-08-29T07:18:30,18.5,CAM-02,Sony FX6,Marlon,Location A - Ancestral House (Interior),interior,32.0,-60.3,96.1,0.92,24.7,OK,45.8,2,52,True,True
2026-08-29T07:18:30,18.5,CAM-03,Sony FX3,Kiko,Location A - Ancestral House (Interior),interior,68.0,-67.8,92.8,0.61,25.9,DEGRADED,22.8,67,428,True,True
2026-08-29T07:18:30,18.5,CAM-04,Sony FX3,Dennis,Location A - Ancestral House (Interior),interior,45.0,-60.3,95.6,0.88,25.8,OK,45.8,0,36,True,True
2026-08-29T07:18:30,18.5,CAM-05,Blackmagic,Jorge,Location A - Ancestral House (Interior),interior,95.0,-69.4,94.5,0.79,25.6,DEGRADED,18.4,55,88,True,True
2026-08-29T07:19:00,19.0,CAM-01,Sony FX6,Ariel,Location A - Ancestral House (Interior),interior,18.0,-53.8,95.3,0.95,25.4,OK,48.7,0,35,True,True
2026-08-29T07:19:00,19.0,CAM-02,Sony FX6,Marlon,Location A - Ancestral House (Interior),interior,32.0,-57.3,94.9,0.92,26.2,OK,48.3,0,35,True,True
2026-08-29T07:19:00,19.0,CAM-03,Sony FX3,Kiko,Location A - Ancestral House (Interior),interior,68.0,-69.8,92.9,0.61,25.5,DEGRADED,15.2,40,224,True,True
2026-08-29T07:19:00,19.0,CAM-04,Sony FX3,Dennis,Location A - Ancestral House (Interior),interior,45.0,-60.1,95.1,0.88,25.4,OK,48.2,0,38,True,True
2026-08-29T07:19:00,19.0,CAM-05,Blackmagic,Jorge,Location A - Ancestral House (Interior),interior,95.0,-71.7,94.6,0.79,25.1,DEGRADED,11.8,0,279,True,True
2026-08-29T07:19:30,19.5,CAM-01,Sony FX6,Ariel,Location A - Ancestral House (Interior),interior,18.0,-53.5,95.7,0.95,26.0,OK,49.3,0,35,True,True
2026-08-29T07:19:30,19.5,CAM-02,Sony FX6,Marlon,Location A - Ancestral House (Interior),interior,32.0,-56.8,95.7,0.92,25.7,OK,46.3,0,35,True,True
2026-08-29T07:19:30,19.5,CAM-03,Sony FX3,Kiko,Location A - Ancestral House (Interior),interior,68.0,-65.1,93.3,0.61,26.2,OK,31.8,43,301,True,True
2026-08-29T07:19:30,19.5,CAM-04,Sony FX3,Dennis,Location A - Ancestral House (Interior),interior,45.0,-62.7,94.9,0.88,25.8,OK,37.9,2,48,True,True
2026-08-29T07:19:30,19.5,CAM-05,Blackmagic,Jorge,Location A - Ancestral House (Interior),interior,95.0,-73.1,95.2,0.79,24.9,CRITICAL,4.2,112,152,True,True
2026-08-29T07:20:00,20.0,CAM-01,Sony FX6,Ariel,Location A - Ancestral House (Interior),interior,18.0,-52.9,95.1,0.95,25.2,OK,47.0,0,35,True,True
2026-08-29T07:20:00,20.0,CAM-02,Sony FX6,Marlon,Location A - Ancestral House (Interior),interior,32.0,-58.8,95.5,0.92,26.5,OK,49.6,0,35,True,True
2026-08-29T07:20:00,20.0,CAM-03,Sony FX3,Kiko,Location A - Ancestral House (Interior),interior,68.0,-67.3,92.6,0.61,25.8,DEGRADED,21.9,55,160,True,True
2026-08-29T07:20:00,20.0,CAM-04,Sony FX3,Dennis,Location A - Ancestral House (Interior),interior,45.0,-59.3,95.2,0.88,24.9,OK,46.5,0,35,True,True
2026-08-29T07:20:00,20.0,CAM-05,Blackmagic,Jorge,Location A - Ancestral House (Interior),interior,95.0,-71.0,94.0,0.79,26.0,DEGRADED,10.3,46,648,True,True
2026-08-29T07:20:30,20.5,CAM-01,Sony FX6,Ariel,Location A - Ancestral House (Interior),interior,18.0,-56.7,95.0,0.95,24.9,OK,45.9,0,35,True,True
2026-08-29T07:20:30,20.5,CAM-02,Sony FX6,Marlon,Location A - Ancestral House (Interior),interior,32.0,-55.6,95.3,0.92,25.8,OK,49.1,0,35,True,True
2026-08-29T07:20:30,20.5,CAM-03,Sony FX3,Kiko,Location A - Ancestral House (Interior),interior,68.0,-69.9,93.0,0.61,27.4,DEGRADED,17.3,7,553,True,True
2026-08-29T07:20:30,20.5,CAM-04,Sony FX3,Dennis,Location A - Ancestral House (Interior),interior,45.0,-58.3,94.4,0.88,25.1,OK,47.9,0,35,True,True
2026-08-29T07:20:30,20.5,CAM-05,Blackmagic,Jorge,Location A - Ancestral House (Interior),interior,95.0,-69.4,94.0,0.79,26.4,DEGRADED,15.9,28,322,True,True
2026-08-29T07:21:00,21.0,CAM-01,Sony FX6,Ariel,Location A - Ancestral House (Interior),interior,18.0,-53.3,95.3,0.95,27.4,OK,49.9,0,35,True,True
2026-08-29T07:21:00,21.0,CAM-02,Sony FX6,Marlon,Location A - Ancestral House (Interior),interior,32.0,-59.1,95.0,0.92,26.0,OK,49.6,0,35,True,True
2026-08-29T07:21:00,21.0,CAM-03,Sony FX3,Kiko,Location A - Ancestral House (Interior),interior,68.0,-67.9,92.8,0.61,25.8,DEGRADED,24.2,24,331,True,True
2026-08-29T07:21:00,21.0,CAM-04,Sony FX3,Dennis,Location A - Ancestral House (Interior),interior,45.0,-59.4,94.2,0.88,26.3,OK,48.3,0,35,True,True
2026-08-29T07:21:00,21.0,CAM-05,Blackmagic,Jorge,Location A - Ancestral House (Interior),interior,95.0,-71.9,93.6,0.79,27.4,DEGRADED,8.2,37,470,True,True
2026-08-29T07:21:30,21.5,CAM-01,Sony FX6,Ariel,Location A - Ancestral House (Interior),interior,18.0,-52.5,95.3,0.95,27.2,OK,47.5,0,35,True,True
2026-08-29T07:21:30,21.5,CAM-02,Sony FX6,Marlon,Location A - Ancestral House (Interior),interior,32.0,-56.0,94.7,0.92,25.0,OK,49.9,0,35,True,True
2026-08-29T07:21:30,21.5,CAM-03,Sony FX3,Kiko,Location A - Ancestral House (Interior),interior,68.0,-67.3,91.7,0.61,25.6,DEGRADED,23.0,44,237,True,True
2026-08-29T07:21:30,21.5,CAM-04,Sony FX3,Dennis,Location A - Ancestral House (Interior),interior,45.0,-61.5,94.9,0.88,26.2,OK,44.1,13,81,True,True
2026-08-29T07:21:30,21.5,CAM-05,Blackmagic,Jorge,Location A - Ancestral House (Interior),interior,95.0,-71.2,94.2,0.79,27.4,DEGRADED,13.5,10,563,True,True
2026-08-29T07:22:00,22.0,CAM-01,Sony FX6,Ariel,Location A - Ancestral House (Interior),interior,18.0,-51.5,94.2,0.95,26.7,OK,48.3,0,35,True,True
2026-08-29T07:22:00,22.0,CAM-02,Sony FX6,Marlon,Location A - Ancestral House (Interior),interior,32.0,-58.7,94.9,0.92,26.7,OK,45.8,0,35,True,True
2026-08-29T07:22:00,22.0,CAM-03,Sony FX3,Kiko,Location A - Ancestral House (Interior),interior,68.0,-71.1,92.2,0.61,25.7,DEGRADED,11.5,46,256,True,True
2026-08-29T07:22:00,22.0,CAM-04,Sony FX3,Dennis,Location A - Ancestral House (Interior),interior,45.0,-60.2,94.1,0.88,25.3,OK,47.1,1,41,True,True
2026-08-29T07:22:00,22.0,CAM-05,Blackmagic,Jorge,Location A - Ancestral House (Interior),interior,95.0,-70.3,93.5,0.79,28.2,DEGRADED,13.6,44,238,True,True
2026-08-29T07:22:30,22.5,CAM-01,Sony FX6,Ariel,Location A - Ancestral House (Interior),interior,18.0,-55.8,95.1,0.95,27.4,OK,47.4,0,35,True,True
2026-08-29T07:22:30,22.5,CAM-02,Sony FX6,Marlon,Location A - Ancestral House (Interior),interior,32.0,-57.8,95.2,0.92,26.7,OK,46.6,0,35,True,True
2026-08-29T07:22:30,22.5,CAM-03,Sony FX3,Kiko,Location A - Ancestral House (Interior),interior,68.0,-67.9,91.6,0.61,26.1,DEGRADED,21.5,66,131,True,True
2026-08-29T07:22:30,22.5,CAM-04,Sony FX3,Dennis,Location A - Ancestral House (Interior),interior,45.0,-65.1,94.7,0.88,26.2,OK,33.3,16,63,True,True
2026-08-29T07:22:30,22.5,CAM-05,Blackmagic,Jorge,Location A - Ancestral House (Interior),interior,95.0,-68.9,93.9,0.79,26.2,DEGRADED,24.3,31,84,True,True
2026-08-29T07:23:00,23.0,CAM-01,Sony FX6,Ariel,Location A - Ancestral House (Interior),interior,18.0,-50.0,94.4,0.95,25.2,OK,45.9,0,35,True,True
2026-08-29T07:23:00,23.0,CAM-02,Sony FX6,Marlon,Location A - Ancestral House (Interior),interior,32.0,-56.2,94.0,0.92,26.8,OK,49.8,0,35,True,True
2026-08-29T07:23:00,23.0,CAM-03,Sony FX3,Kiko,Location A - Ancestral House (Interior),interior,68.0,-67.5,91.9,0.61,26.5,DEGRADED,22.4,50,286,True,True
2026-08-29T07:23:00,23.0,CAM-04,Sony FX3,Dennis,Location A - Ancestral House (Interior),interior,45.0,-58.8,94.5,0.88,25.9,OK,48.4,0,35,True,True
2026-08-29T07:23:00,23.0,CAM-05,Blackmagic,Jorge,Location A - Ancestral House (Interior),interior,95.0,-72.4,93.6,0.79,26.9,CRITICAL,7.2,1,442,True,True
2026-08-29T07:23:30,23.5,CAM-01,Sony FX6,Ariel,Location A - Ancestral House (Interior),interior,18.0,-53.7,94.8,0.95,25.0,OK,48.9,0,35,True,True
2026-08-29T07:23:30,23.5,CAM-02,Sony FX6,Marlon,Location A - Ancestral House (Interior),interior,32.0,-58.3,94.2,0.92,26.3,OK,47.9,0,35,True,True
2026-08-29T07:23:30,23.5,CAM-03,Sony FX3,Kiko,Location A - Ancestral House (Interior),interior,68.0,-66.2,91.5,0.61,25.3,DEGRADED,29.2,36,400,True,True
2026-08-29T07:23:30,23.5,CAM-04,Sony FX3,Dennis,Location A - Ancestral House (Interior),interior,45.0,-60.2,94.2,0.88,26.2,OK,46.0,1,42,True,True
2026-08-29T07:23:30,23.5,CAM-05,Blackmagic,Jorge,Location A - Ancestral House (Interior),interior,95.0,-70.9,92.8,0.79,25.9,DEGRADED,13.5,55,575,True,True
2026-08-29T07:24:00,24.0,CAM-01,Sony FX6,Ariel,Location A - Ancestral House (Interior),interior,18.0,-52.0,95.1,0.95,24.8,OK,48.5,0,35,True,True
2026-08-29T07:24:00,24.0,CAM-02,Sony FX6,Marlon,Location A - Ancestral House (Interior),interior,32.0,-54.3,94.5,0.92,25.4,OK,48.3,0,35,True,True
2026-08-29T07:24:00,24.0,CAM-03,Sony FX3,Kiko,Location A - Ancestral House (Interior),interior,68.0,-64.1,91.6,0.61,23.6,OK,34.4,20,109,True,True
2026-08-29T07:24:00,24.0,CAM-04,Sony FX3,Dennis,Location A - Ancestral House (Interior),interior,45.0,-60.1,93.7,0.88,25.1,OK,49.7,0,37,True,True
2026-08-29T07:24:00,24.0,CAM-05,Blackmagic,Jorge,Location A - Ancestral House (Interior),interior,95.0,-69.8,93.6,0.79,27.0,DEGRADED,15.1,81,286,True,True
2026-08-29T07:24:30,24.5,CAM-01,Sony FX6,Ariel,Location A - Ancestral House (Interior),interior,18.0,-51.2,94.2,0.95,24.2,OK,48.1,0,35,True,True
2026-08-29T07:24:30,24.5,CAM-02,Sony FX6,Marlon,Location A - Ancestral House (Interior),interior,32.0,-57.9,94.0,0.92,24.8,OK,46.3,0,35,True,True
2026-08-29T07:24:30,24.5,CAM-03,Sony FX3,Kiko,Location A - Ancestral House (Interior),interior,68.0,-66.2,91.4,0.61,25.6,DEGRADED,30.1,24,299,True,True
2026-08-29T07:24:30,24.5,CAM-04,Sony FX3,Dennis,Location A - Ancestral House (Interior),interior,45.0,-60.5,94.0,0.88,26.5,OK,45.4,4,44,True,True
2026-08-29T07:24:30,24.5,CAM-05,Blackmagic,Jorge,Location A - Ancestral House (Interior),interior,95.0,-66.0,93.1,0.79,27.0,DEGRADED,29.8,20,328,True,True
2026-08-29T07:25:00,25.0,CAM-01,Sony FX6,Ariel,Location A - Ancestral House (Interior),interior,18.0,-56.1,93.3,0.95,26.7,OK,49.6,0,35,True,True
2026-08-29T07:25:00,25.0,CAM-02,Sony FX6,Marlon,Location A - Ancestral House (Interior),interior,32.0,-54.3,94.3,0.92,25.5,OK,49.1,0,35,True,True
2026-08-29T07:25:00,25.0,CAM-03,Sony FX3,Kiko,Location A - Ancestral House (Interior),interior,68.0,-71.3,90.1,0.61,25.1,DEGRADED,13.7,60,415,True,True
2026-08-29T07:25:00,25.0,CAM-04,Sony FX3,Dennis,Location A - Ancestral House (Interior),interior,45.0,-62.7,94.1,0.88,26.0,OK,40.1,18,121,True,True
2026-08-29T07:25:00,25.0,CAM-05,Blackmagic,Jorge,Location A - Ancestral House (Interior),interior,95.0,-73.5,93.4,0.79,26.0,CRITICAL,6.0,56,842,True,True
2026-08-29T07:25:30,25.5,CAM-01,Sony FX6,Ariel,Location A - Ancestral House (Interior),interior,18.0,-54.9,95.0,0.95,25.6,OK,48.0,0,35,True,True
2026-08-29T07:25:30,25.5,CAM-02,Sony FX6,Marlon,Location A - Ancestral House (Interior),interior,32.0,-55.9,93.6,0.92,27.0,OK,49.2,0,35,True,True
2026-08-29T07:25:30,25.5,CAM-03,Sony FX3,Kiko,Location A - Ancestral House (Interior),interior,68.0,-69.5,90.9,0.61,24.4,DEGRADED,16.8,75,451,True,True
2026-08-29T07:25:30,25.5,CAM-04,Sony FX3,Dennis,Location A - Ancestral House (Interior),interior,45.0,-57.3,93.4,0.88,26.3,OK,46.3,0,35,True,True
2026-08-29T07:25:30,25.5,CAM-05,Blackmagic,Jorge,Location A - Ancestral House (Interior),interior,95.0,-68.8,93.4,0.79,27.0,DEGRADED,20.2,30,466,True,True
2026-08-29T07:26:00,26.0,CAM-01,Sony FX6,Ariel,Location A - Ancestral House (Interior),interior,18.0,-56.7,93.8,0.95,26.6,OK,48.7,0,35,True,True
2026-08-29T07:26:00,26.0,CAM-02,Sony FX6,Marlon,Location A - Ancestral House (Interior),interior,32.0,-61.5,93.7,0.92,26.1,OK,42.7,13,94,True,True
2026-08-29T07:26:00,26.0,CAM-03,Sony FX3,Kiko,Location A - Ancestral House (Interior),interior,68.0,-72.2,90.8,0.61,25.1,CRITICAL,11.5,88,520,True,True
2026-08-29T07:26:00,26.0,CAM-04,Sony FX3,Dennis,Location A - Ancestral House (Interior),interior,45.0,-57.8,94.4,0.88,24.4,OK,49.4,0,35,True,True
2026-08-29T07:26:00,26.0,CAM-05,Blackmagic,Jorge,Location A - Ancestral House (Interior),interior,95.0,-70.6,93.0,0.79,25.4,DEGRADED,16.2,34,635,True,True
2026-08-29T07:26:30,26.5,CAM-01,Sony FX6,Ariel,Location A - Ancestral House (Interior),interior,18.0,-50.4,93.4,0.95,26.0,OK,50.1,0,35,True,True
2026-08-29T07:26:30,26.5,CAM-02,Sony FX6,Marlon,Location A - Ancestral House (Interior),interior,32.0,-58.7,94.1,0.92,25.5,OK,48.0,0,35,True,True
2026-08-29T07:26:30,26.5,CAM-03,Sony FX3,Kiko,Location A - Ancestral House (Interior),interior,68.0,-70.9,89.9,0.61,24.8,DEGRADED,11.4,57,582,True,True
2026-08-29T07:26:30,26.5,CAM-04,Sony FX3,Dennis,Location A - Ancestral House (Interior),interior,45.0,-59.5,93.4,0.88,25.3,OK,46.5,0,35,True,True
2026-08-29T07:26:30,26.5,CAM-05,Blackmagic,Jorge,Location A - Ancestral House (Interior),interior,95.0,-74.1,92.9,0.79,24.9,CRITICAL,2.9,38,846,True,True
2026-08-29T07:27:00,27.0,CAM-01,Sony FX6,Ariel,Location A - Ancestral House (Interior),interior,18.0,-57.7,93.8,0.95,25.7,OK,46.8,0,35,True,True
2026-08-29T07:27:00,27.0,CAM-02,Sony FX6,Marlon,Location A - Ancestral House (Interior),interior,32.0,-60.1,93.7,0.92,26.3,OK,49.6,0,39,True,True
2026-08-29T07:27:00,27.0,CAM-03,Sony FX3,Kiko,Location A - Ancestral House (Interior),interior,68.0,-69.5,89.5,0.61,26.4,DEGRADED,17.5,32,371,True,True
2026-08-29T07:27:00,27.0,CAM-04,Sony FX3,Dennis,Location A - Ancestral House (Interior),interior,45.0,-61.2,93.7,0.88,25.9,OK,45.3,1,59,True,True
2026-08-29T07:27:00,27.0,CAM-05,Blackmagic,Jorge,Location A - Ancestral House (Interior),interior,95.0,-73.6,92.8,0.79,26.0,CRITICAL,7.5,20,338,True,True
2026-08-29T07:27:30,27.5,CAM-01,Sony FX6,Ariel,Location A - Ancestral House (Interior),interior,18.0,-55.5,93.5,0.95,26.1,OK,46.2,0,35,True,True
2026-08-29T07:27:30,27.5,CAM-02,Sony FX6,Marlon,Location A - Ancestral House (Interior),interior,32.0,-58.0,93.5,0.92,26.9,OK,47.4,0,35,True,True
2026-08-29T07:27:30,27.5,CAM-03,Sony FX3,Kiko,Location A - Ancestral House (Interior),interior,68.0,-69.4,90.2,0.61,24.3,DEGRADED,18.0,57,320,True,True
2026-08-29T07:27:30,27.5,CAM-04,Sony FX3,Dennis,Location A - Ancestral House (Interior),interior,45.0,-64.3,92.9,0.88,24.5,OK,35.5,29,236,True,True
2026-08-29T07:27:30,27.5,CAM-05,Blackmagic,Jorge,Location A - Ancestral House (Interior),interior,95.0,-72.8,92.6,0.79,25.5,CRITICAL,6.6,66,138,True,True
2026-08-29T07:28:00,28.0,CAM-01,Sony FX6,Ariel,Location A - Ancestral House (Interior),interior,18.0,-57.5,93.5,0.95,25.6,OK,52.4,0,35,True,True
2026-08-29T07:28:00,28.0,CAM-02,Sony FX6,Marlon,Location A - Ancestral House (Interior),interior,32.0,-55.6,93.2,0.92,26.2,OK,46.7,0,35,True,True
2026-08-29T07:28:00,28.0,CAM-03,Sony FX3,Kiko,Location A - Ancestral House (Interior),interior,68.0,-68.2,90.4,0.61,25.8,DEGRADED,21.8,10,220,True,True
2026-08-29T07:28:00,28.0,CAM-04,Sony FX3,Dennis,Location A - Ancestral House (Interior),interior,45.0,-62.5,93.1,0.88,25.2,OK,38.9,7,130,True,True
2026-08-29T07:28:00,28.0,CAM-05,Blackmagic,Jorge,Location A - Ancestral House (Interior),interior,95.0,-67.8,93.2,0.79,26.0,DEGRADED,21.8,24,427,True,True
2026-08-29T07:28:30,28.5,CAM-01,Sony FX6,Ariel,Location A - Ancestral House (Interior),interior,18.0,-57.2,93.3,0.95,25.5,OK,50.6,0,35,True,True
2026-08-29T07:28:30,28.5,CAM-02,Sony FX6,Marlon,Location A - Ancestral House (Interior),interior,32.0,-54.9,93.1,0.92,26.4,OK,45.7,0,35,True,True
2026-08-29T07:28:30,28.5,CAM-03,Sony FX3,Kiko,Location A - Ancestral House (Interior),interior,68.0,-74.7,89.9,0.61,26.3,CRITICAL,0.0,79,687,True,True
2026-08-29T07:28:30,28.5,CAM-04,Sony FX3,Dennis,Location A - Ancestral House (Interior),interior,45.0,-61.3,92.8,0.88,25.2,OK,42.3,10,50,True,True
2026-08-29T07:28:30,28.5,CAM-05,Blackmagic,Jorge,Location A - Ancestral House (Interior),interior,95.0,-71.6,92.0,0.79,26.4,DEGRADED,10.6,2,285,True,True
2026-08-29T07:29:00,29.0,CAM-01,Sony FX6,Ariel,Location A - Ancestral House (Interior),interior,18.0,-51.8,93.8,0.95,24.8,OK,49.4,0,35,True,True
2026-08-29T07:29:00,29.0,CAM-02,Sony FX6,Marlon,Location A - Ancestral House (Interior),interior,32.0,-57.9,92.9,0.92,26.4,OK,48.8,0,35,True,True
2026-08-29T07:29:00,29.0,CAM-03,Sony FX3,Kiko,Location A - Ancestral House (Interior),interior,68.0,-70.9,89.5,0.61,26.8,DEGRADED,16.1,34,294,True,True
2026-08-29T07:29:00,29.0,CAM-04,Sony FX3,Dennis,Location A - Ancestral House (Interior),interior,45.0,-59.7,92.1,0.88,25.2,OK,46.2,0,35,True,True
2026-08-29T07:29:00,29.0,CAM-05,Blackmagic,Jorge,Location A - Ancestral House (Interior),interior,95.0,-71.3,92.4,0.79,26.3,DEGRADED,15.8,31,263,True,True
2026-08-29T07:29:30,29.5,CAM-01,Sony FX6,Ariel,Location A - Ancestral House (Interior),interior,18.0,-52.9,93.8,0.95,25.7,OK,49.3,0,35,True,True
2026-08-29T07:29:30,29.5,CAM-02,Sony FX6,Marlon,Location A - Ancestral House (Interior),interior,32.0,-57.9,93.1,0.92,25.7,OK,46.7,0,35,True,True
2026-08-29T07:29:30,29.5,CAM-03,Sony FX3,Kiko,Location A - Ancestral House (Interior),interior,68.0,-65.2,89.2,0.61,25.8,OK,32.6,34,156,True,True
2026-08-29T07:29:30,29.5,CAM-04,Sony FX3,Dennis,Location A - Ancestral House (Interior),interior,45.0,-61.7,92.7,0.88,25.5,OK,42.7,8,130,True,True
2026-08-29T07:29:30,29.5,CAM-05,Blackmagic,Jorge,Location A - Ancestral House (Interior),interior,95.0,-71.7,91.6,0.79,25.2,DEGRADED,9.2,26,520,True,True
2026-08-29T07:30:00,30.0,CAM-01,Sony FX6,Ariel,Location A - Ancestral House (Interior),interior,18.0,-56.9,92.9,0.95,26.8,OK,48.5,0,35,True,True
2026-08-29T07:30:00,30.0,CAM-02,Sony FX6,Marlon,Location A - Ancestral House (Interior),interior,32.0,-57.8,92.8,0.92,24.3,OK,46.9,0,35,True,True
2026-08-29T07:30:00,30.0,CAM-03,Sony FX3,Kiko,Location A - Ancestral House (Interior),interior,68.0,-67.2,88.9,0.61,26.6,DEGRADED,28.6,21,324,True,True
2026-08-29T07:30:00,30.0,CAM-04,Sony FX3,Dennis,Location A - Ancestral House (Interior),interior,45.0,-59.4,92.4,0.88,25.1,OK,47.2,0,35,True,True
2026-08-29T07:30:00,30.0,CAM-05,Blackmagic,Jorge,Location A - Ancestral House (Interior),interior,95.0,-70.2,91.5,0.79,26.4,DEGRADED,14.7,87,645,True,True
2026-08-29T07:30:30,30.5,CAM-01,Sony FX6,Ariel,Location A - Ancestral House (Interior),interior,18.0,-55.8,93.2,0.95,27.9,OK,46.5,0,35,True,True
2026-08-29T07:30:30,30.5,CAM-02,Sony FX6,Marlon,Location A - Ancestral House (Interior),interior,32.0,-54.9,92.7,0.92,27.8,OK,50.7,0,35,True,True
2026-08-29T07:30:30,30.5,CAM-03,Sony FX3,Kiko,Location A - Ancestral House (Interior),interior,68.0,-71.5,88.9,0.61,27.4,DEGRADED,10.1,50,205,True,True
2026-08-29T07:30:30,30.5,CAM-04,Sony FX3,Dennis,Location A - Ancestral House (Interior),interior,45.0,-59.2,92.5,0.88,25.4,OK,48.3,0,35,True,True
2026-08-29T07:30:30,30.5,CAM-05,Blackmagic,Jorge,Location A - Ancestral House (Interior),interior,95.0,-70.6,91.0,0.79,26.0,DEGRADED,13.1,84,609,True,True
2026-08-29T07:31:00,31.0,CAM-01,Sony FX6,Ariel,Location A - Ancestral House (Interior),interior,18.0,-52.6,92.4,0.95,27.0,OK,49.2,0,35,True,True
2026-08-29T07:31:00,31.0,CAM-02,Sony FX6,Marlon,Location A - Ancestral House (Interior),interior,32.0,-58.5,92.9,0.92,26.0,OK,49.1,0,35,True,True
2026-08-29T07:31:00,31.0,CAM-03,Sony FX3,Kiko,Location A - Ancestral House (Interior),interior,68.0,-70.1,89.4,0.61,27.2,DEGRADED,15.8,65,110,True,True
2026-08-29T07:31:00,31.0,CAM-04,Sony FX3,Dennis,Location A - Ancestral House (Interior),interior,45.0,-58.8,92.5,0.88,25.2,OK,49.0,0,35,True,True
2026-08-29T07:31:00,31.0,CAM-05,Blackmagic,Jorge,Location A - Ancestral House (Interior),interior,95.0,-71.8,91.6,0.79,26.6,DEGRADED,9.6,67,227,True,True
2026-08-29T07:31:30,31.5,CAM-01,Sony FX6,Ariel,Location A - Ancestral House (Interior),interior,18.0,-52.9,92.9,0.95,26.0,OK,46.0,0,35,True,True
2026-08-29T07:31:30,31.5,CAM-02,Sony FX6,Marlon,Location A - Ancestral House (Interior),interior,32.0,-60.5,92.6,0.92,25.7,OK,45.5,1,58,True,True
2026-08-29T07:31:30,31.5,CAM-03,Sony FX3,Kiko,Location A - Ancestral House (Interior),interior,68.0,-68.4,88.5,0.61,24.8,DEGRADED,21.9,6,333,True,True
2026-08-29T07:31:30,31.5,CAM-04,Sony FX3,Dennis,Location A - Ancestral House (Interior),interior,45.0,-57.6,92.3,0.88,25.0,OK,47.9,0,35,True,True
2026-08-29T07:31:30,31.5,CAM-05,Blackmagic,Jorge,Location A - Ancestral House (Interior),interior,95.0,-72.4,91.2,0.79,26.3,CRITICAL,10.2,10,439,True,True
2026-08-29T07:32:00,32.0,CAM-01,Sony FX6,Ariel,Location A - Ancestral House (Interior),interior,18.0,-52.9,92.2,0.95,25.1,OK,47.9,0,35,True,True
2026-08-29T07:32:00,32.0,CAM-02,Sony FX6,Marlon,Location A - Ancestral House (Interior),interior,32.0,-56.5,91.7,0.92,24.8,OK,49.7,0,35,True,True
2026-08-29T07:32:00,32.0,CAM-03,Sony FX3,Kiko,Location A - Ancestral House (Interior),interior,68.0,-67.1,88.6,0.61,28.4,DEGRADED,27.2,61,90,True,True
2026-08-29T07:32:00,32.0,CAM-04,Sony FX3,Dennis,Location A - Ancestral House (Interior),interior,45.0,-59.6,92.0,0.88,24.8,OK,49.4,0,35,True,True
2026-08-29T07:32:00,32.0,CAM-05,Blackmagic,Jorge,Location A - Ancestral House (Interior),interior,95.0,-72.7,90.8,0.79,26.8,CRITICAL,7.3,103,730,True,True
2026-08-29T07:32:30,32.5,CAM-01,Sony FX6,Ariel,Location A - Ancestral House (Interior),interior,18.0,-56.2,92.9,0.95,25.5,OK,46.4,0,35,True,True
2026-08-29T07:32:30,32.5,CAM-02,Sony FX6,Marlon,Location A - Ancestral House (Interior),interior,32.0,-56.6,92.7,0.92,24.7,OK,47.6,0,35,True,True
2026-08-29T07:32:30,32.5,CAM-03,Sony FX3,Kiko,Location A - Ancestral House (Interior),interior,68.0,-67.2,88.3,0.61,25.5,DEGRADED,23.3,35,395,True,True
2026-08-29T07:32:30,32.5,CAM-04,Sony FX3,Dennis,Location A - Ancestral House (Interior),interior,45.0,-60.1,92.2,0.88,25.7,OK,51.2,0,36,True,True
2026-08-29T07:32:30,32.5,CAM-05,Blackmagic,Jorge,Location A - Ancestral House (Interior),interior,95.0,-70.5,90.6,0.79,26.2,DEGRADED,11.3,1,198,True,True
2026-08-29T07:33:00,33.0,CAM-01,Sony FX6,Ariel,Location A - Ancestral House (Interior),interior,18.0,-53.3,92.4,0.95,25.0,OK,46.7,0,35,True,True
2026-08-29T07:33:00,33.0,CAM-02,Sony FX6,Marlon,Location A - Ancestral House (Interior),interior,32.0,-59.1,92.3,0.92,26.3,OK,50.9,0,35,True,True
2026-08-29T07:33:00,33.0,CAM-03,Sony FX3,Kiko,Location A - Ancestral House (Interior),interior,68.0,-70.0,88.8,0.61,25.9,DEGRADED,14.7,55,451,True,True
2026-08-29T07:33:00,33.0,CAM-04,Sony FX3,Dennis,Location A - Ancestral House (Interior),interior,45.0,-61.0,92.1,0.88,26.7,OK,46.5,2,55,True,True
2026-08-29T07:33:00,33.0,CAM-05,Blackmagic,Jorge,Location A - Ancestral House (Interior),interior,95.0,-66.4,91.2,0.79,27.3,DEGRADED,25.3,37,213,True,True
2026-08-29T07:33:30,33.5,CAM-01,Sony FX6,Ariel,Location A - Ancestral House (Interior),interior,18.0,-59.7,92.3,0.95,27.1,OK,47.2,0,35,True,True
2026-08-29T07:33:30,33.5,CAM-02,Sony FX6,Marlon,Location A - Ancestral House (Interior),interior,32.0,-58.9,92.1,0.92,25.0,OK,49.8,0,35,True,True
2026-08-29T07:33:30,33.5,CAM-03,Sony FX3,Kiko,Location A - Ancestral House (Interior),interior,68.0,-70.1,88.5,0.61,26.6,DEGRADED,12.6,53,622,True,True
2026-08-29T07:33:30,33.5,CAM-04,Sony FX3,Dennis,Location A - Ancestral House (Interior),interior,45.0,-61.3,91.5,0.88,26.0,OK,44.9,7,107,True,True
2026-08-29T07:33:30,33.5,CAM-05,Blackmagic,Jorge,Location A - Ancestral House (Interior),interior,95.0,-70.8,90.5,0.79,25.9,DEGRADED,12.5,27,485,True,True
2026-08-29T07:34:00,34.0,CAM-01,Sony FX6,Ariel,Location A - Ancestral House (Interior),interior,18.0,-57.4,91.6,0.95,26.5,OK,50.4,0,35,True,True
2026-08-29T07:34:00,34.0,CAM-02,Sony FX6,Marlon,Location A - Ancestral House (Interior),interior,32.0,-62.2,92.0,0.92,25.0,OK,44.2,0,159,True,True
2026-08-29T07:34:00,34.0,CAM-03,Sony FX3,Kiko,Location A - Ancestral House (Interior),interior,68.0,-68.0,87.7,0.61,26.9,DEGRADED,22.4,18,337,True,True
2026-08-29T07:34:00,34.0,CAM-04,Sony FX3,Dennis,Location A - Ancestral House (Interior),interior,45.0,-58.8,92.4,0.88,24.7,OK,47.2,0,35,True,True
2026-08-29T07:34:00,34.0,CAM-05,Blackmagic,Jorge,Location A - Ancestral House (Interior),interior,95.0,-72.4,90.8,0.79,25.1,CRITICAL,8.2,11,766,True,True
2026-08-29T07:34:30,34.5,CAM-01,Sony FX6,Ariel,Location A - Ancestral House (Interior),interior,18.0,-57.9,92.2,0.95,26.7,OK,47.3,0,35,True,True
2026-08-29T07:34:30,34.5,CAM-02,Sony FX6,Marlon,Location A - Ancestral House (Interior),interior,32.0,-57.6,92.0,0.92,25.9,OK,51.5,0,35,True,True
2026-08-29T07:34:30,34.5,CAM-03,Sony FX3,Kiko,Location A - Ancestral House (Interior),interior,68.0,-67.9,87.9,0.61,24.9,DEGRADED,24.7,36,356,True,True
2026-08-29T07:34:30,34.5,CAM-04,Sony FX3,Dennis,Location A - Ancestral House (Interior),interior,45.0,-60.8,91.1,0.88,26.9,OK,41.9,4,60,True,True
2026-08-29T07:34:30,34.5,CAM-05,Blackmagic,Jorge,Location A - Ancestral House (Interior),interior,95.0,-69.4,91.0,0.79,26.6,DEGRADED,20.0,42,555,True,True
2026-08-29T07:35:00,35.0,CAM-01,Sony FX6,Ariel,Location A - Ancestral House (Interior),interior,18.0,-56.8,91.7,0.95,26.2,OK,48.1,0,35,True,True
2026-08-29T07:35:00,35.0,CAM-02,Sony FX6,Marlon,Location A - Ancestral House (Interior),interior,32.0,-59.6,91.0,0.92,24.7,OK,49.5,0,35,True,True
2026-08-29T07:35:00,35.0,CAM-03,Sony FX3,Kiko,Location A - Ancestral House (Interior),interior,68.0,-66.4,87.4,0.61,25.2,DEGRADED,29.0,39,281,True,True
2026-08-29T07:35:00,35.0,CAM-04,Sony FX3,Dennis,Location A - Ancestral House (Interior),interior,45.0,-62.7,91.3,0.88,27.0,OK,39.4,0,125,True,True
2026-08-29T07:35:00,35.0,CAM-05,Blackmagic,Jorge,Location A - Ancestral House (Interior),interior,95.0,-72.3,91.3,0.79,27.5,CRITICAL,8.9,77,639,True,True
2026-08-29T07:35:30,35.5,CAM-01,Sony FX6,Ariel,Location A - Ancestral House (Interior),interior,18.0,-52.9,91.7,0.95,26.4,OK,48.5,0,35,True,True
2026-08-29T07:35:30,35.5,CAM-02,Sony FX6,Marlon,Location A - Ancestral House (Interior),interior,32.0,-57.1,91.2,0.92,25.4,OK,48.9,0,35,True,True
2026-08-29T07:35:30,35.5,CAM-03,Sony FX3,Kiko,Location A - Ancestral House (Interior),interior,68.0,-67.4,87.2,0.61,25.4,DEGRADED,21.7,45,420,True,True
2026-08-29T07:35:30,35.5,CAM-04,Sony FX3,Dennis,Location A - Ancestral House (Interior),interior,45.0,-60.1,90.9,0.88,25.3,OK,49.0,0,35,True,True
2026-08-29T07:35:30,35.5,CAM-05,Blackmagic,Jorge,Location A - Ancestral House (Interior),interior,95.0,-70.1,90.5,0.79,24.7,DEGRADED,16.7,53,560,True,True
2026-08-29T07:36:00,36.0,CAM-01,Sony FX6,Ariel,Location A - Ancestral House (Interior),interior,18.0,-51.6,91.9,0.95,26.5,OK,48.3,0,35,True,True
2026-08-29T07:36:00,36.0,CAM-02,Sony FX6,Marlon,Location A - Ancestral House (Interior),interior,32.0,-58.5,91.4,0.92,27.6,OK,49.5,0,35,True,True
2026-08-29T07:36:00,36.0,CAM-03,Sony FX3,Kiko,Location A - Ancestral House (Interior),interior,68.0,-64.1,87.2,0.61,25.2,OK,38.4,22,224,True,True
2026-08-29T07:36:00,36.0,CAM-04,Sony FX3,Dennis,Location A - Ancestral House (Interior),interior,45.0,-60.7,90.6,0.88,26.4,OK,46.2,1,70,True,True
2026-08-29T07:36:00,36.0,CAM-05,Blackmagic,Jorge,Location A - Ancestral House (Interior),interior,95.0,-74.9,90.5,0.79,25.3,CRITICAL,2.5,19,919,True,True
2026-08-29T07:36:30,36.5,CAM-01,Sony FX6,Ariel,Location A - Ancestral House (Interior),interior,18.0,-54.2,91.1,0.95,26.3,OK,47.9,0,35,True,True
2026-08-29T07:36:30,36.5,CAM-02,Sony FX6,Marlon,Location A - Ancestral House (Interior),interior,32.0,-59.8,91.8,0.92,26.8,OK,47.6,0,35,True,True
2026-08-29T07:36:30,36.5,CAM-03,Sony FX3,Kiko,Location A - Ancestral House (Interior),interior,68.0,-70.0,88.1,0.61,25.3,DEGRADED,16.1,87,316,True,True
2026-08-29T07:36:30,36.5,CAM-04,Sony FX3,Dennis,Location A - Ancestral House (Interior),interior,45.0,-61.5,90.3,0.88,27.0,OK,44.3,11,100,True,True
2026-08-29T07:36:30,36.5,CAM-05,Blackmagic,Jorge,Location A - Ancestral House (Interior),interior,95.0,-70.2,89.9,0.79,25.7,DEGRADED,13.3,70,256,True,True
2026-08-29T07:37:00,37.0,CAM-01,Sony FX6,Ariel,Location A - Ancestral House (Interior),interior,18.0,-53.6,91.5,0.95,25.7,OK,49.3,0,35,True,True
2026-08-29T07:37:00,37.0,CAM-02,Sony FX6,Marlon,Location A - Ancestral House (Interior),interior,32.0,-56.9,91.6,0.92,25.2,OK,47.5,0,35,True,True
2026-08-29T07:37:00,37.0,CAM-03,Sony FX3,Kiko,Location A - Ancestral House (Interior),interior,68.0,-66.5,87.0,0.61,25.6,DEGRADED,28.5,17,202,True,True
2026-08-29T07:37:00,37.0,CAM-04,Sony FX3,Dennis,Location A - Ancestral House (Interior),interior,45.0,-56.1,91.2,0.88,27.8,OK,45.7,0,35,True,True
2026-08-29T07:37:00,37.0,CAM-05,Blackmagic,Jorge,Location A - Ancestral House (Interior),interior,95.0,-72.2,89.8,0.79,25.7,CRITICAL,10.6,7,380,True,True
2026-08-29T07:37:30,37.5,CAM-01,Sony FX6,Ariel,Location A - Ancestral House (Interior),interior,18.0,-56.0,91.5,0.95,26.5,OK,48.5,0,35,True,True
2026-08-29T07:37:30,37.5,CAM-02,Sony FX6,Marlon,Location A - Ancestral House (Interior),interior,32.0,-59.0,90.9,0.92,26.5,OK,48.8,0,35,True,True
2026-08-29T07:37:30,37.5,CAM-03,Sony FX3,Kiko,Location A - Ancestral House (Interior),interior,68.0,-71.9,86.0,0.61,25.7,DEGRADED,11.1,90,655,True,True
2026-08-29T07:37:30,37.5,CAM-04,Sony FX3,Dennis,Location A - Ancestral House (Interior),interior,45.0,-59.0,90.6,0.88,25.2,OK,51.3,0,35,True,True
2026-08-29T07:37:30,37.5,CAM-05,Blackmagic,Jorge,Location A - Ancestral House (Interior),interior,95.0,-65.7,89.3,0.79,25.7,DEGRADED,32.0,26,241,True,True
2026-08-29T07:38:00,38.0,CAM-01,Sony FX6,Ariel,Location A - Ancestral House (Interior),interior,18.0,-53.7,91.6,0.95,26.3,OK,46.6,0,35,True,True
2026-08-29T07:38:00,38.0,CAM-02,Sony FX6,Marlon,Location A - Ancestral House (Interior),interior,32.0,-60.1,90.6,0.92,25.6,OK,46.0,0,37,True,True
2026-08-29T07:38:00,38.0,CAM-03,Sony FX3,Kiko,Location A - Ancestral House (Interior),interior,68.0,-69.6,85.9,0.61,25.7,DEGRADED,19.5,73,501,True,True
2026-08-29T07:38:00,38.0,CAM-04,Sony FX3,Dennis,Location A - Ancestral House (Interior),interior,45.0,-62.3,90.8,0.88,25.6,OK,39.8,14,136,True,True
2026-08-29T07:38:00,38.0,CAM-05,Blackmagic,Jorge,Location A - Ancestral House (Interior),interior,95.0,-71.1,89.3,0.79,26.9,DEGRADED,12.4,41,394,True,True
2026-08-29T07:38:30,38.5,CAM-01,Sony FX6,Ariel,Location A - Ancestral House (Interior),interior,18.0,-50.8,90.8,0.95,24.6,OK,47.3,0,35,True,True
2026-08-29T07:38:30,38.5,CAM-02,Sony FX6,Marlon,Location A - Ancestral House (Interior),interior,32.0,-60.8,90.7,0.92,27.2,OK,46.7,4,54,True,True
2026-08-29T07:38:30,38.5,CAM-03,Sony FX3,Kiko,Location A - Ancestral House (Interior),interior,68.0,-69.4,86.0,0.61,27.2,DEGRADED,17.7,35,468,True,True
2026-08-29T07:38:30,38.5,CAM-04,Sony FX3,Dennis,Location A - Ancestral House (Interior),interior,45.0,-57.9,90.3,0.88,26.6,OK,48.1,0,35,True,True
2026-08-29T07:38:30,38.5,CAM-05,Blackmagic,Jorge,Location A - Ancestral House (Interior),interior,95.0,-73.9,89.0,0.79,25.2,CRITICAL,4.0,100,548,True,True
2026-08-29T07:39:00,39.0,CAM-01,Sony FX6,Ariel,Location A - Ancestral House (Interior),interior,18.0,-55.8,91.0,0.95,26.4,OK,48.1,0,35,True,True
2026-08-29T07:39:00,39.0,CAM-02,Sony FX6,Marlon,Location A - Ancestral House (Interior),interior,32.0,-53.9,91.3,0.92,26.4,OK,49.0,0,35,True,True
2026-08-29T07:39:00,39.0,CAM-03,Sony FX3,Kiko,Location A - Ancestral House (Interior),interior,68.0,-71.5,86.0,0.61,24.9,DEGRADED,12.1,34,274,True,True
2026-08-29T07:39:00,39.0,CAM-04,Sony FX3,Dennis,Location A - Ancestral House (Interior),interior,45.0,-59.7,90.1,0.88,26.7,OK,46.2,0,35,True,True
2026-08-29T07:39:00,39.0,CAM-05,Blackmagic,Jorge,Location A - Ancestral House (Interior),interior,95.0,-69.7,89.1,0.79,26.2,DEGRADED,17.7,50,594,True,True
2026-08-29T07:39:30,39.5,CAM-01,Sony FX6,Ariel,Location A - Ancestral House (Interior),interior,18.0,-53.5,91.3,0.95,26.5,OK,50.0,0,35,True,True
2026-08-29T07:39:30,39.5,CAM-02,Sony FX6,Marlon,Location A - Ancestral House (Interior),interior,32.0,-58.9,90.4,0.92,25.3,OK,47.2,0,35,True,True
2026-08-29T07:39:30,39.5,CAM-03,Sony FX3,Kiko,Location A - Ancestral House (Interior),interior,68.0,-69.0,85.0,0.61,26.3,DEGRADED,19.5,73,165,True,True
2026-08-29T07:39:30,39.5,CAM-04,Sony FX3,Dennis,Location A - Ancestral House (Interior),interior,45.0,-61.3,90.5,0.88,25.9,OK,46.8,6,86,True,True
2026-08-29T07:39:30,39.5,CAM-05,Blackmagic,Jorge,Location A - Ancestral House (Interior),interior,95.0,-73.8,88.7,0.79,25.4,CRITICAL,3.1,108,567,True,True
2026-08-29T07:40:00,40.0,CAM-01,Sony FX6,Ariel,Location A - Ancestral House (Interior),interior,18.0,-52.4,90.2,0.95,25.7,OK,50.0,0,35,True,True
2026-08-29T07:40:00,40.0,CAM-02,Sony FX6,Marlon,Location A - Ancestral House (Interior),interior,32.0,-56.4,90.7,0.92,26.5,OK,50.1,0,35,True,True
2026-08-29T07:40:00,40.0,CAM-03,Sony FX3,Kiko,Location A - Ancestral House (Interior),interior,68.0,-67.6,85.9,0.61,26.4,DEGRADED,25.6,49,340,True,True
2026-08-29T07:40:00,40.0,CAM-04,Sony FX3,Dennis,Location A - Ancestral House (Interior),interior,45.0,-57.4,90.0,0.88,25.6,OK,48.1,0,35,True,True
2026-08-29T07:40:00,40.0,CAM-05,Blackmagic,Jorge,Location A - Ancestral House (Interior),interior,95.0,-69.4,89.0,0.79,26.4,DEGRADED,18.0,71,579,True,True
2026-08-29T07:40:30,40.5,CAM-01,Sony FX6,Ariel,Location A - Ancestral House (Interior),interior,18.0,-56.4,90.6,0.95,25.7,OK,46.6,0,35,True,True
2026-08-29T07:40:30,40.5,CAM-02,Sony FX6,Marlon,Location A - Ancestral House (Interior),interior,32.0,-57.3,90.4,0.92,26.0,OK,46.8,0,35,True,True
2026-08-29T07:40:30,40.5,CAM-03,Sony FX3,Kiko,Location A - Ancestral House (Interior),interior,68.0,-67.8,85.8,0.61,25.9,DEGRADED,20.5,40,115,True,True
2026-08-29T07:40:30,40.5,CAM-04,Sony FX3,Dennis,Location A - Ancestral House (Interior),interior,45.0,-57.3,90.3,0.88,26.3,OK,46.7,0,35,True,True
2026-08-29T07:40:30,40.5,CAM-05,Blackmagic,Jorge,Location A - Ancestral House (Interior),interior,95.0,-71.9,88.2,0.79,26.4,DEGRADED,9.9,92,583,True,True
2026-08-29T07:41:00,41.0,CAM-01,Sony FX6,Ariel,Location A - Ancestral House (Interior),interior,18.0,-56.3,92.0,0.95,25.3,OK,48.4,0,35,True,True
2026-08-29T07:41:00,41.0,CAM-02,Sony FX6,Marlon,Location A - Ancestral House (Interior),interior,32.0,-54.0,90.2,0.92,26.1,OK,50.7,0,35,True,True
2026-08-29T07:41:00,41.0,CAM-03,Sony FX3,Kiko,Location A - Ancestral House (Interior),interior,68.0,-69.8,84.7,0.61,26.2,DEGRADED,17.3,18,187,True,True
2026-08-29T07:41:00,41.0,CAM-04,Sony FX3,Dennis,Location A - Ancestral House (Interior),interior,45.0,-58.2,89.9,0.88,25.8,OK,49.8,0,35,True,True
2026-08-29T07:41:00,41.0,CAM-05,Blackmagic,Jorge,Location A - Ancestral House (Interior),interior,95.0,-71.8,88.9,0.79,27.5,DEGRADED,6.8,74,145,True,True
2026-08-29T07:41:30,41.5,CAM-01,Sony FX6,Ariel,Location A - Ancestral House (Interior),interior,18.0,-50.0,90.2,0.95,28.2,OK,45.7,0,35,True,True
2026-08-29T07:41:30,41.5,CAM-02,Sony FX6,Marlon,Location A - Ancestral House (Interior),interior,32.0,-56.7,89.9,0.92,25.6,OK,45.3,0,35,True,True
2026-08-29T07:41:30,41.5,CAM-03,Sony FX3,Kiko,Location A - Ancestral House (Interior),interior,68.0,-71.9,85.1,0.61,25.9,DEGRADED,11.5,50,504,True,True
2026-08-29T07:41:30,41.5,CAM-04,Sony FX3,Dennis,Location A - Ancestral House (Interior),interior,45.0,-59.4,89.5,0.88,25.4,OK,47.9,0,35,True,True
2026-08-29T07:41:30,41.5,CAM-05,Blackmagic,Jorge,Location A - Ancestral House (Interior),interior,95.0,-69.5,88.3,0.79,27.4,DEGRADED,17.6,64,461,True,True
2026-08-29T07:42:00,42.0,CAM-01,Sony FX6,Ariel,Location A - Ancestral House (Interior),interior,18.0,-56.9,90.4,0.95,25.8,OK,48.4,0,35,True,True
2026-08-29T07:42:00,42.0,CAM-02,Sony FX6,Marlon,Location A - Ancestral House (Interior),interior,32.0,-59.2,90.1,0.92,25.8,OK,50.8,0,35,True,True
2026-08-29T07:42:00,42.0,CAM-03,Sony FX3,Kiko,Location A - Ancestral House (Interior),interior,68.0,-71.3,84.7,0.61,25.3,DEGRADED,13.7,5,143,True,True
2026-08-29T07:42:00,42.0,CAM-04,Sony FX3,Dennis,Location A - Ancestral House (Interior),interior,45.0,-59.6,89.1,0.88,27.1,OK,50.1,0,35,True,True
2026-08-29T07:42:00,42.0,CAM-05,Blackmagic,Jorge,Location A - Ancestral House (Interior),interior,95.0,-69.9,88.2,0.79,25.8,DEGRADED,15.6,60,162,True,True
2026-08-29T07:42:30,42.5,CAM-01,Sony FX6,Ariel,Location A - Ancestral House (Interior),interior,18.0,-52.2,90.0,0.95,25.7,OK,47.1,0,35,True,True
2026-08-29T07:42:30,42.5,CAM-02,Sony FX6,Marlon,Location A - Ancestral House (Interior),interior,32.0,-56.7,90.2,0.92,25.6,OK,50.2,0,35,True,True
2026-08-29T07:42:30,42.5,CAM-03,Sony FX3,Kiko,Location A - Ancestral House (Interior),interior,68.0,-69.0,84.7,0.61,25.6,DEGRADED,19.3,19,413,True,True
2026-08-29T07:42:30,42.5,CAM-04,Sony FX3,Dennis,Location A - Ancestral House (Interior),interior,45.0,-56.8,89.4,0.88,27.0,OK,43.9,0,35,True,True
2026-08-29T07:42:30,42.5,CAM-05,Blackmagic,Jorge,Location A - Ancestral House (Interior),interior,95.0,-69.4,88.3,0.79,26.0,DEGRADED,17.2,27,536,True,True
2026-08-29T07:43:00,43.0,CAM-01,Sony FX6,Ariel,Location A - Ancestral House (Interior),interior,18.0,-51.3,90.6,0.95,26.0,OK,47.2,0,35,True,True
2026-08-29T07:43:00,43.0,CAM-02,Sony FX6,Marlon,Location A - Ancestral House (Interior),interior,32.0,-58.1,89.7,0.92,25.5,OK,46.7,0,35,True,True
2026-08-29T07:43:00,43.0,CAM-03,Sony FX3,Kiko,Location A - Ancestral House (Interior),interior,68.0,-67.7,84.8,0.61,25.4,DEGRADED,20.6,6,109,True,True
2026-08-29T07:43:00,43.0,CAM-04,Sony FX3,Dennis,Location A - Ancestral House (Interior),interior,45.0,-60.1,88.7,0.88,24.5,OK,50.2,0,36,True,True
2026-08-29T07:43:00,43.0,CAM-05,Blackmagic,Jorge,Location A - Ancestral House (Interior),interior,95.0,-71.5,88.2,0.79,25.0,DEGRADED,10.5,65,582,True,True
2026-08-29T07:43:30,43.5,CAM-01,Sony FX6,Ariel,Location A - Ancestral House (Interior),interior,18.0,-55.3,89.2,0.95,25.6,OK,46.9,0,35,True,True
2026-08-29T07:43:30,43.5,CAM-02,Sony FX6,Marlon,Location A - Ancestral House (Interior),interior,32.0,-57.8,89.3,0.92,27.6,OK,49.1,0,35,True,True
2026-08-29T07:43:30,43.5,CAM-03,Sony FX3,Kiko,Location A - Ancestral House (Interior),interior,68.0,-67.1,84.6,0.61,25.2,DEGRADED,24.3,64,455,True,True
2026-08-29T07:43:30,43.5,CAM-04,Sony FX3,Dennis,Location A - Ancestral House (Interior),interior,45.0,-59.1,89.0,0.88,26.7,OK,46.5,0,35,True,True
2026-08-29T07:43:30,43.5,CAM-05,Blackmagic,Jorge,Location A - Ancestral House (Interior),interior,95.0,-70.9,86.9,0.79,26.0,DEGRADED,12.8,6,238,True,True
2026-08-29T07:44:00,44.0,CAM-01,Sony FX6,Ariel,Location A - Ancestral House (Interior),interior,18.0,-53.0,89.8,0.95,26.2,OK,46.3,0,35,True,True
2026-08-29T07:44:00,44.0,CAM-02,Sony FX6,Marlon,Location A - Ancestral House (Interior),interior,32.0,-60.7,89.8,0.92,26.9,OK,46.7,4,48,True,True
2026-08-29T07:44:00,44.0,CAM-03,Sony FX3,Kiko,Location A - Ancestral House (Interior),interior,68.0,-70.0,84.6,0.61,26.4,DEGRADED,18.6,50,293,True,True
2026-08-29T07:44:00,44.0,CAM-04,Sony FX3,Dennis,Location A - Ancestral House (Interior),interior,45.0,-62.9,88.4,0.88,25.9,OK,38.2,18,165,True,True
2026-08-29T07:44:00,44.0,CAM-05,Blackmagic,Jorge,Location A - Ancestral House (Interior),interior,95.0,-70.9,87.6,0.79,26.7,DEGRADED,13.9,46,450,True,True
2026-08-29T07:44:30,44.5,CAM-01,Sony FX6,Ariel,Location A - Ancestral House (Interior),interior,18.0,-55.1,90.3,0.95,26.0,OK,47.2,0,35,True,True
2026-08-29T07:44:30,44.5,CAM-02,Sony FX6,Marlon,Location A - Ancestral House (Interior),interior,32.0,-55.0,90.2,0.92,24.6,OK,47.6,0,35,True,True
2026-08-29T07:44:30,44.5,CAM-03,Sony FX3,Kiko,Location A - Ancestral House (Interior),interior,68.0,-66.3,84.4,0.61,25.8,DEGRADED,30.9,45,70,True,True
2026-08-29T07:44:30,44.5,CAM-04,Sony FX3,Dennis,Location A - Ancestral House (Interior),interior,45.0,-59.5,88.6,0.88,27.2,OK,48.9,0,35,True,True
2026-08-29T07:44:30,44.5,CAM-05,Blackmagic,Jorge,Location A - Ancestral House (Interior),interior,95.0,-73.3,87.7,0.79,25.0,CRITICAL,5.4,45,278,True,True
2026-08-29T07:45:00,45.0,CAM-01,Sony FX6,Ariel,Location A - Ancestral House (Interior),interior,18.0,-51.5,89.9,0.95,25.9,OK,46.9,0,35,True,True
2026-08-29T07:45:00,45.0,CAM-02,Sony FX6,Marlon,Location A - Ancestral House (Interior),interior,32.0,-56.7,89.0,0.92,25.2,OK,48.3,0,35,True,True
2026-08-29T07:45:00,45.0,CAM-03,Sony FX3,Kiko,Location A - Ancestral House (Interior),interior,68.0,-67.3,83.4,0.61,27.1,DEGRADED,23.4,28,195,True,True
2026-08-29T07:45:00,45.0,CAM-04,Sony FX3,Dennis,Location A - Ancestral House (Interior),interior,45.0,-63.2,89.1,0.88,26.0,OK,38.4,11,137,True,True
2026-08-29T07:45:00,45.0,CAM-05,Blackmagic,Jorge,Location A - Ancestral House (Interior),interior,95.0,-70.2,87.3,0.79,26.8,DEGRADED,11.4,90,115,True,True
2026-08-29T07:45:30,45.5,CAM-01,Sony FX6,Ariel,Location A - Ancestral House (Interior),interior,18.0,-55.5,89.5,0.95,26.4,OK,46.9,0,35,True,True
2026-08-29T07:45:30,45.5,CAM-02,Sony FX6,Marlon,Location A - Ancestral House (Interior),interior,32.0,-56.9,89.6,0.92,25.6,OK,50.0,0,35,True,True
2026-08-29T07:45:30,45.5,CAM-03,Sony FX3,Kiko,Location A - Ancestral House (Interior),interior,68.0,-72.8,83.6,0.61,26.6,CRITICAL,10.1,90,261,True,True
2026-08-29T07:45:30,45.5,CAM-04,Sony FX3,Dennis,Location A - Ancestral House (Interior),interior,45.0,-57.9,88.6,0.88,26.1,OK,49.4,0,35,True,True
2026-08-29T07:45:30,45.5,CAM-05,Blackmagic,Jorge,Location A - Ancestral House (Interior),interior,95.0,-71.2,87.3,0.79,25.1,DEGRADED,9.7,76,144,True,True
2026-08-29T07:46:00,46.0,CAM-01,Sony FX6,Ariel,Location A - Ancestral House (Interior),interior,18.0,-55.4,89.3,0.95,25.7,OK,48.0,0,35,True,True
2026-08-29T07:46:00,46.0,CAM-02,Sony FX6,Marlon,Location A - Ancestral House (Interior),interior,32.0,-53.6,89.5,0.92,26.8,OK,46.9,0,35,True,True
2026-08-29T07:46:00,46.0,CAM-03,Sony FX3,Kiko,Location A - Ancestral House (Interior),interior,68.0,-68.1,83.4,0.61,26.4,DEGRADED,22.5,61,101,True,True
2026-08-29T07:46:00,46.0,CAM-04,Sony FX3,Dennis,Location A - Ancestral House (Interior),interior,45.0,-62.3,88.3,0.88,26.6,OK,40.4,5,84,True,True
2026-08-29T07:46:00,46.0,CAM-05,Blackmagic,Jorge,Location A - Ancestral House (Interior),interior,95.0,-70.3,86.6,0.79,25.9,DEGRADED,13.7,26,119,True,True
2026-08-29T07:46:30,46.5,CAM-01,Sony FX6,Ariel,Location A - Ancestral House (Interior),interior,18.0,-52.7,89.9,0.95,25.6,OK,47.6,0,35,True,True
2026-08-29T07:46:30,46.5,CAM-02,Sony FX6,Marlon,Location A - Ancestral House (Interior),interior,32.0,-60.1,89.2,0.92,26.5,OK,47.5,0,36,True,True
2026-08-29T07:46:30,46.5,CAM-03,Sony FX3,Kiko,Location A - Ancestral House (Interior),interior,68.0,-68.1,83.4,0.61,25.4,DEGRADED,19.5,52,85,True,True
2026-08-29T07:46:30,46.5,CAM-04,Sony FX3,Dennis,Location A - Ancestral House (Interior),interior,45.0,-59.1,88.1,0.88,26.5,OK,48.6,0,35,True,True
2026-08-29T07:46:30,46.5,CAM-05,Blackmagic,Jorge,Location A - Ancestral House (Interior),interior,95.0,-72.1,86.8,0.79,26.2,CRITICAL,9.3,45,389,True,True
2026-08-29T07:47:00,47.0,CAM-01,Sony FX6,Ariel,Location A - Ancestral House (Interior),interior,18.0,-53.8,88.8,0.95,24.6,OK,48.6,0,35,True,True
2026-08-29T07:47:00,47.0,CAM-02,Sony FX6,Marlon,Location A - Ancestral House (Interior),interior,32.0,-54.8,87.8,0.92,27.0,OK,50.0,0,35,True,True
2026-08-29T07:47:00,47.0,CAM-03,Sony FX3,Kiko,Location A - Ancestral House (Interior),interior,68.0,-70.8,82.6,0.61,25.9,DEGRADED,16.2,2,117,True,True
2026-08-29T07:47:00,47.0,CAM-04,Sony FX3,Dennis,Location A - Ancestral House (Interior),interior,45.0,-58.2,88.0,0.88,27.2,OK,50.4,0,35,True,True
2026-08-29T07:47:00,47.0,CAM-05,Blackmagic,Jorge,Location A - Ancestral House (Interior),interior,95.0,-69.0,87.0,0.79,26.5,DEGRADED,20.9,69,270,True,True
2026-08-29T07:47:30,47.5,CAM-01,Sony FX6,Ariel,Location A - Ancestral House (Interior),interior,18.0,-50.5,89.1,0.95,26.3,OK,48.9,0,35,True,True
2026-08-29T07:47:30,47.5,CAM-02,Sony FX6,Marlon,Location A - Ancestral House (Interior),interior,32.0,-57.3,88.6,0.92,25.6,OK,47.2,0,35,True,True
2026-08-29T07:47:30,47.5,CAM-03,Sony FX3,Kiko,Location A - Ancestral House (Interior),interior,68.0,-69.8,82.8,0.61,25.9,DEGRADED,17.4,18,559,True,True
2026-08-29T07:47:30,47.5,CAM-04,Sony FX3,Dennis,Location A - Ancestral House (Interior),interior,45.0,-63.2,88.0,0.88,26.5,OK,35.2,29,187,True,True
2026-08-29T07:47:30,47.5,CAM-05,Blackmagic,Jorge,Location A - Ancestral House (Interior),interior,95.0,-73.1,87.2,0.79,24.2,CRITICAL,6.4,61,372,True,True
2026-08-29T07:48:00,48.0,CAM-01,Sony FX6,Ariel,Location A - Ancestral House (Interior),interior,18.0,-53.0,89.2,0.95,26.3,OK,51.1,0,35,True,True
2026-08-29T07:48:00,48.0,CAM-02,Sony FX6,Marlon,Location A - Ancestral House (Interior),interior,32.0,-55.1,88.5,0.92,26.3,OK,42.1,0,35,True,True
2026-08-29T07:48:00,48.0,CAM-03,Sony FX3,Kiko,Location A - Ancestral House (Interior),interior,68.0,-70.0,82.4,0.61,26.7,DEGRADED,12.9,5,632,True,True
2026-08-29T07:48:00,48.0,CAM-04,Sony FX3,Dennis,Location A - Ancestral House (Interior),interior,45.0,-59.3,88.8,0.88,26.2,OK,46.7,0,35,True,True
2026-08-29T07:48:00,48.0,CAM-05,Blackmagic,Jorge,Location A - Ancestral House (Interior),interior,95.0,-70.0,87.1,0.79,26.4,DEGRADED,13.8,85,90,True,True
2026-08-29T07:48:30,48.5,CAM-01,Sony FX6,Ariel,Location A - Ancestral House (Interior),interior,18.0,-55.4,87.8,0.95,25.1,OK,47.2,0,35,True,True
2026-08-29T07:48:30,48.5,CAM-02,Sony FX6,Marlon,Location A - Ancestral House (Interior),interior,32.0,-55.9,88.1,0.92,25.7,OK,49.6,0,35,True,True
2026-08-29T07:48:30,48.5,CAM-03,Sony FX3,Kiko,Location A - Ancestral House (Interior),interior,68.0,-68.5,83.0,0.61,27.8,DEGRADED,20.8,15,131,True,True
2026-08-29T07:48:30,48.5,CAM-04,Sony FX3,Dennis,Location A - Ancestral House (Interior),interior,45.0,-61.2,87.0,0.88,26.4,OK,43.1,0,79,True,True
2026-08-29T07:48:30,48.5,CAM-05,Blackmagic,Jorge,Location A - Ancestral House (Interior),interior,95.0,-68.0,86.2,0.79,26.9,DEGRADED,20.0,71,234,True,True
2026-08-29T07:49:00,49.0,CAM-01,Sony FX6,Ariel,Location A - Ancestral House (Interior),interior,18.0,-51.7,88.5,0.95,26.5,OK,48.8,0,35,True,True
2026-08-29T07:49:00,49.0,CAM-02,Sony FX6,Marlon,Location A - Ancestral House (Interior),interior,32.0,-54.1,88.1,0.92,27.1,OK,47.5,0,35,True,True
2026-08-29T07:49:00,49.0,CAM-03,Sony FX3,Kiko,Location A - Ancestral House (Interior),interior,68.0,-70.8,81.5,0.61,26.1,DEGRADED,12.4,59,184,True,True
2026-08-29T07:49:00,49.0,CAM-04,Sony FX3,Dennis,Location A - Ancestral House (Interior),interior,45.0,-61.3,88.3,0.88,26.9,OK,45.6,11,109,True,True
2026-08-29T07:49:00,49.0,CAM-05,Blackmagic,Jorge,Location A - Ancestral House (Interior),interior,95.0,-76.8,87.2,0.79,26.2,DEGRADED,14.4,58,617,True,True
2026-08-29T07:49:30,49.5,CAM-01,Sony FX6,Ariel,Location A - Ancestral House (Interior),interior,18.0,-52.3,88.5,0.95,24.3,OK,46.6,0,35,True,True
2026-08-29T07:49:30,49.5,CAM-02,Sony FX6,Marlon,Location A - Ancestral House (Interior),interior,32.0,-57.3,89.3,0.92,26.8,OK,50.7,0,35,True,True
2026-08-29T07:49:30,49.5,CAM-03,Sony FX3,Kiko,Location A - Ancestral House (Interior),interior,68.0,-72.0,81.5,0.61,25.4,CRITICAL,10.0,27,128,True,True
2026-08-29T07:49:30,49.5,CAM-04,Sony FX3,Dennis,Location A - Ancestral House (Interior),interior,45.0,-60.2,87.8,0.88,26.8,OK,47.4,1,46,True,True
2026-08-29T07:49:30,49.5,CAM-05,Blackmagic,Jorge,Location A - Ancestral House (Interior),interior,95.0,-69.4,85.9,0.79,25.3,DEGRADED,19.2,8,325,True,True
2026-08-29T07:50:00,50.0,CAM-01,Sony FX6,Ariel,Location A - Ancestral House (Interior),interior,18.0,-51.7,88.0,0.95,25.8,OK,47.2,0,35,True,True
2026-08-29T07:50:00,50.0,CAM-02,Sony FX6,Marlon,Location A - Ancestral House (Interior),interior,32.0,-58.3,88.4,0.92,26.3,OK,47.8,0,35,True,True
2026-08-29T07:50:00,50.0,CAM-03,Sony FX3,Kiko,Location A - Ancestral House (Interior),interior,68.0,-69.3,81.5,0.61,26.3,DEGRADED,17.8,51,391,True,True
2026-08-29T07:50:00,50.0,CAM-04,Sony FX3,Dennis,Location A - Ancestral House (Interior),interior,45.0,-60.7,87.5,0.88,26.4,OK,45.4,5,43,True,True
2026-08-29T07:50:00,50.0,CAM-05,Blackmagic,Jorge,Location A - Ancestral House (Interior),interior,95.0,-70.1,86.2,0.79,26.5,DEGRADED,17.8,68,488,True,True
2026-08-29T07:50:30,50.5,CAM-01,Sony FX6,Ariel,Location A - Ancestral House (Interior),interior,18.0,-54.0,88.6,0.95,26.0,OK,48.5,0,35,True,True
2026-08-29T07:50:30,50.5,CAM-02,Sony FX6,Marlon,Location A - Ancestral House (Interior),interior,32.0,-56.6,88.2,0.92,25.4,OK,48.6,0,35,True,True
2026-08-29T07:50:30,50.5,CAM-03,Sony FX3,Kiko,Location A - Ancestral House (Interior),interior,68.0,-68.9,81.9,0.61,26.3,DEGRADED,20.6,6,491,True,True
2026-08-29T07:50:30,50.5,CAM-04,Sony FX3,Dennis,Location A - Ancestral House (Interior),interior,45.0,-60.9,87.8,0.88,24.8,OK,45.3,0,66,True,True
2026-08-29T07:50:30,50.5,CAM-05,Blackmagic,Jorge,Location A - Ancestral House (Interior),interior,95.0,-69.5,86.7,0.79,25.4,DEGRADED,18.8,23,320,True,True
2026-08-29T07:51:00,51.0,CAM-01,Sony FX6,Ariel,Location A - Ancestral House (Interior),interior,18.0,-53.5,88.5,0.95,27.2,OK,48.9,0,35,True,True
2026-08-29T07:51:00,51.0,CAM-02,Sony FX6,Marlon,Location A - Ancestral House (Interior),interior,32.0,-59.3,88.2,0.92,27.0,OK,47.6,0,35,True,True
2026-08-29T07:51:00,51.0,CAM-03,Sony FX3,Kiko,Location A - Ancestral House (Interior),interior,68.0,-68.1,81.2,0.61,24.4,DEGRADED,21.4,35,467,True,True
2026-08-29T07:51:00,51.0,CAM-04,Sony FX3,Dennis,Location A - Ancestral House (Interior),interior,45.0,-61.0,87.3,0.88,27.0,OK,43.4,4,89,True,True
2026-08-29T07:51:00,51.0,CAM-05,Blackmagic,Jorge,Location A - Ancestral House (Interior),interior,95.0,-70.3,85.2,0.79,25.7,DEGRADED,14.5,72,175,True,True
2026-08-29T07:51:30,51.5,CAM-01,Sony FX6,Ariel,Location A - Ancestral House (Interior),interior,18.0,-47.9,88.0,0.95,26.1,OK,47.3,0,35,True,True
2026-08-29T07:51:30,51.5,CAM-02,Sony FX6,Marlon,Location A - Ancestral House (Interior),interior,32.0,-64.7,88.2,0.92,24.9,OK,30.9,11,293,True,True
2026-08-29T07:51:30,51.5,CAM-03,Sony FX3,Kiko,Location A - Ancestral House (Interior),interior,68.0,-68.3,81.3,0.61,25.4,DEGRADED,22.4,25,196,True,True
2026-08-29T07:51:30,51.5,CAM-04,Sony FX3,Dennis,Location A - Ancestral House (Interior),interior,45.0,-64.5,87.3,0.88,26.3,OK,31.6,21,158,True,True
2026-08-29T07:51:30,51.5,CAM-05,Blackmagic,Jorge,Location A - Ancestral House (Interior),interior,95.0,-72.4,85.8,0.79,24.9,CRITICAL,7.0,108,726,True,True
2026-08-29T07:52:00,52.0,CAM-01,Sony FX6,Ariel,Location A - Ancestral House (Interior),interior,18.0,-54.7,87.9,0.95,25.8,OK,49.8,0,35,True,True
2026-08-29T07:52:00,52.0,CAM-02,Sony FX6,Marlon,Location A - Ancestral House (Interior),interior,32.0,-59.7,87.9,0.92,25.8,OK,47.7,0,35,True,True
2026-08-29T07:52:00,52.0,CAM-03,Sony FX3,Kiko,Location A - Ancestral House (Interior),interior,68.0,-71.6,80.9,0.61,27.6,DEGRADED,11.6,35,235,True,True
2026-08-29T07:52:00,52.0,CAM-04,Sony FX3,Dennis,Location A - Ancestral House (Interior),interior,45.0,-60.3,86.1,0.88,26.1,OK,46.9,2,41,True,True
2026-08-29T07:52:00,52.0,CAM-05,Blackmagic,Jorge,Location A - Ancestral House (Interior),interior,95.0,-71.8,86.0,0.79,25.9,DEGRADED,9.6,95,171,True,True
2026-08-29T07:52:30,52.5,CAM-01,Sony FX6,Ariel,Location A - Ancestral House (Interior),interior,18.0,-51.4,87.8,0.95,26.3,OK,46.9,0,35,True,True
2026-08-29T07:52:30,52.5,CAM-02,Sony FX6,Marlon,Location A - Ancestral House (Interior),interior,32.0,-57.2,87.7,0.92,26.6,OK,45.8,0,35,True,True
2026-08-29T07:52:30,52.5,CAM-03,Sony FX3,Kiko,Location A - Ancestral House (Interior),interior,68.0,-67.9,80.6,0.61,26.4,DEGRADED,23.8,37,126,True,True
2026-08-29T07:52:30,52.5,CAM-04,Sony FX3,Dennis,Location A - Ancestral House (Interior),interior,45.0,-57.5,86.2,0.88,26.5,OK,48.2,0,35,True,True
2026-08-29T07:52:30,52.5,CAM-05,Blackmagic,Jorge,Location A - Ancestral House (Interior),interior,95.0,-71.3,85.8,0.79,27.1,DEGRADED,10.7,28,601,True,True
2026-08-29T07:53:00,53.0,CAM-01,Sony FX6,Ariel,Location A - Ancestral House (Interior),interior,18.0,-56.9,87.7,0.95,26.1,OK,48.3,0,35,True,True
2026-08-29T07:53:00,53.0,CAM-02,Sony FX6,Marlon,Location A - Ancestral House (Interior),interior,32.0,-55.8,88.1,0.92,25.4,OK,47.3,0,35,True,True
2026-08-29T07:53:00,53.0,CAM-03,Sony FX3,Kiko,Location A - Ancestral House (Interior),interior,68.0,-69.0,80.3,0.61,25.8,DEGRADED,20.6,13,359,True,True
2026-08-29T07:53:00,53.0,CAM-04,Sony FX3,Dennis,Location A - Ancestral House (Interior),interior,45.0,-55.9,86.6,0.88,25.3,OK,46.2,0,35,True,True
2026-08-29T07:53:00,53.0,CAM-05,Blackmagic,Jorge,Location A - Ancestral House (Interior),interior,95.0,-67.5,85.3,0.79,26.0,DEGRADED,23.8,63,336,True,True
2026-08-29T07:53:30,53.5,CAM-01,Sony FX6,Ariel,Location A - Ancestral House (Interior),interior,18.0,-54.0,87.6,0.95,26.0,OK,50.7,0,35,True,True
2026-08-29T07:53:30,53.5,CAM-02,Sony FX6,Marlon,Location A - Ancestral House (Interior),interior,32.0,-59.2,86.9,0.92,25.5,OK,49.0,0,35,True,True
2026-08-29T07:53:30,53.5,CAM-03,Sony FX3,Kiko,Location A - Ancestral House (Interior),interior,68.0,-70.8,80.0,0.61,25.7,DEGRADED,13.9,51,478,True,True
2026-08-29T07:53:30,53.5,CAM-04,Sony FX3,Dennis,Location A - Ancestral House (Interior),interior,45.0,-59.0,86.3,0.88,25.3,OK,46.4,0,35,True,True
2026-08-29T07:53:30,53.5,CAM-05,Blackmagic,Jorge,Location A - Ancestral House (Interior),interior,95.0,-65.3,85.6,0.79,25.0,DEGRADED,28.7,12,267,True,True
2026-08-29T07:54:00,54.0,CAM-01,Sony FX6,Ariel,Location A - Ancestral House (Interior),interior,18.0,-52.3,87.3,0.95,26.8,OK,50.1,0,35,True,True
2026-08-29T07:54:00,54.0,CAM-02,Sony FX6,Marlon,Location A - Ancestral House (Interior),interior,32.0,-56.8,86.6,0.92,25.4,OK,46.1,0,35,True,True
2026-08-29T07:54:00,54.0,CAM-03,Sony FX3,Kiko,Location A - Ancestral House (Interior),interior,68.0,-67.3,80.5,0.61,25.3,DEGRADED,25.4,2,353,True,True
2026-08-29T07:54:00,54.0,CAM-04,Sony FX3,Dennis,Location A - Ancestral House (Interior),interior,45.0,-61.4,86.4,0.88,25.9,OK,42.5,6,102,True,True
2026-08-29T07:54:00,54.0,CAM-05,Blackmagic,Jorge,Location A - Ancestral House (Interior),interior,95.0,-68.6,84.6,0.79,24.5,DEGRADED,20.3,67,491,True,True
2026-08-29T07:54:30,54.5,CAM-01,Sony FX6,Ariel,Location A - Ancestral House (Interior),interior,18.0,-53.4,87.5,0.95,26.4,OK,48.8,0,35,True,True
2026-08-29T07:54:30,54.5,CAM-02,Sony FX6,Marlon,Location A - Ancestral House (Interior),interior,32.0,-56.4,87.5,0.92,25.8,OK,48.6,0,35,True,True
2026-08-29T07:54:30,54.5,CAM-03,Sony FX3,Kiko,Location A - Ancestral House (Interior),interior,68.0,-70.4,81.0,0.61,25.7,DEGRADED,15.7,28,572,True,True
2026-08-29T07:54:30,54.5,CAM-04,Sony FX3,Dennis,Location A - Ancestral House (Interior),interior,45.0,-64.5,86.5,0.88,24.3,OK,31.8,2,277,True,True
2026-08-29T07:54:30,54.5,CAM-05,Blackmagic,Jorge,Location A - Ancestral House (Interior),interior,95.0,-75.8,84.8,0.79,25.5,DEGRADED,16.6,5,557,True,True
2026-08-29T07:55:00,55.0,CAM-01,Sony FX6,Ariel,Location A - Ancestral House (Interior),interior,18.0,-52.8,87.5,0.95,25.1,OK,49.1,0,35,True,True
2026-08-29T07:55:00,55.0,CAM-02,Sony FX6,Marlon,Location A - Ancestral House (Interior),interior,32.0,-59.2,87.4,0.92,26.2,OK,46.3,0,35,True,True
2026-08-29T07:55:00,55.0,CAM-03,Sony FX3,Kiko,Location A - Ancestral House (Interior),interior,68.0,-69.2,80.1,0.61,25.8,DEGRADED,21.1,14,465,True,True
2026-08-29T07:55:00,55.0,CAM-04,Sony FX3,Dennis,Location A - Ancestral House (Interior),interior,45.0,-63.9,86.3,0.88,26.9,OK,36.6,23,138,True,True
2026-08-29T07:55:00,55.0,CAM-05,Blackmagic,Jorge,Location A - Ancestral House (Interior),interior,95.0,-69.2,84.6,0.79,26.5,DEGRADED,18.8,32,79,True,True
2026-08-29T07:55:30,55.5,CAM-01,Sony FX6,Ariel,Location A - Ancestral House (Interior),interior,18.0,-55.6,87.8,0.95,26.4,OK,50.1,0,35,True,True
2026-08-29T07:55:30,55.5,CAM-02,Sony FX6,Marlon,Location A - Ancestral House (Interior),interior,32.0,-58.5,86.4,0.92,26.5,OK,49.1,0,35,True,True
2026-08-29T07:55:30,55.5,CAM-03,Sony FX3,Kiko,Location A - Ancestral House (Interior),interior,68.0,-68.2,79.7,0.61,25.7,DEGRADED,24.1,45,222,True,True
2026-08-29T07:55:30,55.5,CAM-04,Sony FX3,Dennis,Location A - Ancestral House (Interior),interior,45.0,-54.6,85.3,0.88,25.1,OK,50.7,0,35,True,True
2026-08-29T07:55:30,55.5,CAM-05,Blackmagic,Jorge,Location A - Ancestral House (Interior),interior,95.0,-66.7,84.3,0.79,25.5,DEGRADED,27.2,45,111,True,True
2026-08-29T07:56:00,56.0,CAM-01,Sony FX6,Ariel,Location A - Ancestral House (Interior),interior,18.0,-54.1,86.5,0.95,26.4,OK,49.3,0,35,True,True
2026-08-29T07:56:00,56.0,CAM-02,Sony FX6,Marlon,Location A - Ancestral House (Interior),interior,32.0,-56.6,86.4,0.92,25.8,OK,47.9,0,35,True,True
2026-08-29T07:56:00,56.0,CAM-03,Sony FX3,Kiko,Location A - Ancestral House (Interior),interior,68.0,-69.3,79.7,0.61,25.7,DEGRADED,16.8,33,357,True,True
2026-08-29T07:56:00,56.0,CAM-04,Sony FX3,Dennis,Location A - Ancestral House (Interior),interior,45.0,-61.4,86.0,0.88,25.6,OK,41.5,3,92,True,True
2026-08-29T07:56:00,56.0,CAM-05,Blackmagic,Jorge,Location A - Ancestral House (Interior),interior,95.0,-72.3,84.1,0.79,25.7,CRITICAL,8.1,95,156,True,True
2026-08-29T07:56:30,56.5,CAM-01,Sony FX6,Ariel,Location A - Ancestral House (Interior),interior,18.0,-54.0,86.7,0.95,26.3,OK,48.5,0,35,True,True
2026-08-29T07:56:30,56.5,CAM-02,Sony FX6,Marlon,Location A - Ancestral House (Interior),interior,32.0,-58.0,87.0,0.92,26.4,OK,50.2,0,35,True,True
2026-08-29T07:56:30,56.5,CAM-03,Sony FX3,Kiko,Location A - Ancestral House (Interior),interior,68.0,-70.5,79.6,0.61,26.7,DEGRADED,13.9,0,471,True,True
2026-08-29T07:56:30,56.5,CAM-04,Sony FX3,Dennis,Location A - Ancestral House (Interior),interior,45.0,-56.7,85.5,0.88,25.8,OK,47.3,0,35,True,True
2026-08-29T07:56:30,56.5,CAM-05,Blackmagic,Jorge,Location A - Ancestral House (Interior),interior,95.0,-71.5,84.1,0.79,26.0,DEGRADED,12.3,106,271,True,True
2026-08-29T07:57:00,57.0,CAM-01,Sony FX6,Ariel,Location A - Ancestral House (Interior),interior,18.0,-54.8,86.8,0.95,26.1,OK,48.4,0,35,True,True
2026-08-29T07:57:00,57.0,CAM-02,Sony FX6,Marlon,Location A - Ancestral House (Interior),interior,32.0,-59.2,87.0,0.92,27.1,OK,49.4,0,35,True,True
2026-08-29T07:57:00,57.0,CAM-03,Sony FX3,Kiko,Location A - Ancestral House (Interior),interior,68.0,-69.7,79.2,0.61,25.5,DEGRADED,18.2,56,550,True,True
2026-08-29T07:57:00,57.0,CAM-04,Sony FX3,Dennis,Location A - Ancestral House (Interior),interior,45.0,-56.8,86.2,0.88,26.3,OK,49.4,0,35,True,True
2026-08-29T07:57:00,57.0,CAM-05,Blackmagic,Jorge,Location A - Ancestral House (Interior),interior,95.0,-74.6,84.6,0.79,26.4,CRITICAL,0.0,108,185,True,True
2026-08-29T07:57:30,57.5,CAM-01,Sony FX6,Ariel,Location A - Ancestral House (Interior),interior,18.0,-54.0,86.6,0.95,26.4,OK,47.7,0,35,True,True
2026-08-29T07:57:30,57.5,CAM-02,Sony FX6,Marlon,Location A - Ancestral House (Interior),interior,32.0,-56.7,85.7,0.92,26.3,OK,49.3,0,35,True,True
2026-08-29T07:57:30,57.5,CAM-03,Sony FX3,Kiko,Location A - Ancestral House (Interior),interior,68.0,-70.7,78.6,0.61,26.4,DEGRADED,13.6,91,145,True,True
2026-08-29T07:57:30,57.5,CAM-04,Sony FX3,Dennis,Location A - Ancestral House (Interior),interior,45.0,-60.7,85.7,0.88,25.9,OK,47.1,4,64,True,True
2026-08-29T07:57:30,57.5,CAM-05,Blackmagic,Jorge,Location A - Ancestral House (Interior),interior,95.0,-71.0,83.5,0.79,24.0,DEGRADED,11.2,68,287,True,True
2026-08-29T07:58:00,58.0,CAM-01,Sony FX6,Ariel,Location A - Ancestral House (Interior),interior,18.0,-57.2,86.5,0.95,27.0,OK,49.2,0,35,True,True
2026-08-29T07:58:00,58.0,CAM-02,Sony FX6,Marlon,Location A - Ancestral House (Interior),interior,32.0,-58.8,85.8,0.92,26.5,OK,46.4,0,35,True,True
2026-08-29T07:58:00,58.0,CAM-03,Sony FX3,Kiko,Location A - Ancestral House (Interior),interior,68.0,-69.8,78.9,0.61,26.9,DEGRADED,14.3,79,115,True,True
2026-08-29T07:58:00,58.0,CAM-04,Sony FX3,Dennis,Location A - Ancestral House (Interior),interior,45.0,-61.8,85.5,0.88,26.3,OK,42.2,3,107,True,True
2026-08-29T07:58:00,58.0,CAM-05,Blackmagic,Jorge,Location A - Ancestral House (Interior),interior,95.0,-72.7,84.0,0.79,24.6,CRITICAL,8.0,53,695,True,True
2026-08-29T07:58:30,58.5,CAM-01,Sony FX6,Ariel,Location A - Ancestral House (Interior),interior,18.0,-54.8,86.5,0.95,24.8,OK,48.0,0,35,True,True
2026-08-29T07:58:30,58.5,CAM-02,Sony FX6,Marlon,Location A - Ancestral House (Interior),interior,32.0,-57.8,86.0,0.92,26.9,OK,49.1,0,35,True,True
2026-08-29T07:58:30,58.5,CAM-03,Sony FX3,Kiko,Location A - Ancestral House (Interior),interior,68.0,-70.5,78.9,0.61,25.1,DEGRADED,11.2,35,108,True,True
2026-08-29T07:58:30,58.5,CAM-04,Sony FX3,Dennis,Location A - Ancestral House (Interior),interior,45.0,-59.7,85.8,0.88,25.0,OK,47.2,0,35,True,True
2026-08-29T07:58:30,58.5,CAM-05,Blackmagic,Jorge,Location A - Ancestral House (Interior),interior,95.0,-71.6,83.5,0.79,26.0,DEGRADED,9.8,36,620,True,True
2026-08-29T07:59:00,59.0,CAM-01,Sony FX6,Ariel,Location A - Ancestral House (Interior),interior,18.0,-52.0,86.3,0.95,24.8,OK,47.7,0,35,True,True
2026-08-29T07:59:00,59.0,CAM-02,Sony FX6,Marlon,Location A - Ancestral House (Interior),interior,32.0,-55.6,86.4,0.92,25.9,OK,47.3,0,35,True,True
2026-08-29T07:59:00,59.0,CAM-03,Sony FX3,Kiko,Location A - Ancestral House (Interior),interior,68.0,-67.0,78.6,0.61,24.7,DEGRADED,26.3,46,105,True,True
2026-08-29T07:59:00,59.0,CAM-04,Sony FX3,Dennis,Location A - Ancestral House (Interior),interior,45.0,-64.5,85.7,0.88,26.6,OK,31.9,32,166,True,True
2026-08-29T07:59:00,59.0,CAM-05,Blackmagic,Jorge,Location A - Ancestral House (Interior),interior,95.0,-74.3,82.7,0.79,26.6,CRITICAL,3.6,70,131,True,True
2026-08-29T07:59:30,59.5,CAM-01,Sony FX6,Ariel,Location A - Ancestral House (Interior),interior,18.0,-49.9,85.9,0.95,25.1,OK,48.2,0,35,True,True
2026-08-29T07:59:30,59.5,CAM-02,Sony FX6,Marlon,Location A - Ancestral House (Interior),interior,32.0,-60.9,85.5,0.92,26.5,OK,46.2,5,83,True,True
2026-08-29T07:59:30,59.5,CAM-03,Sony FX3,Kiko,Location A - Ancestral House (Interior),interior,68.0,-71.2,78.5,0.61,27.8,DEGRADED,11.7,79,251,True,True
2026-08-29T07:59:30,59.5,CAM-04,Sony FX3,Dennis,Location A - Ancestral House (Interior),interior,45.0,-54.5,84.9,0.88,25.6,OK,48.2,0,35,True,True
2026-08-29T07:59:30,59.5,CAM-05,Blackmagic,Jorge,Location A - Ancestral House (Interior),interior,95.0,-71.4,83.1,0.79,25.5,DEGRADED,8.7,75,677,True,True
2026-08-29T08:00:00,60.0,CAM-01,Sony FX6,Ariel,Location A - Ancestral House (Interior),interior,18.0,-54.8,85.9,0.95,25.5,OK,47.1,0,35,True,True
2026-08-29T08:00:00,60.0,CAM-02,Sony FX6,Marlon,Location A - Ancestral House (Interior),interior,32.0,-54.6,85.6,0.92,26.9,OK,47.5,0,35,True,True
2026-08-29T08:00:00,60.0,CAM-03,Sony FX3,Kiko,Location A - Ancestral House (Interior),interior,68.0,-67.5,78.6,0.61,25.0,DEGRADED,24.2,46,240,True,True
2026-08-29T08:00:00,60.0,CAM-04,Sony FX3,Dennis,Location A - Ancestral House (Interior),interior,45.0,-60.2,84.2,0.88,25.7,OK,50.2,1,41,True,True
2026-08-29T08:00:00,60.0,CAM-05,Blackmagic,Jorge,Location A - Ancestral House (Interior),interior,95.0,-70.1,83.3,0.79,25.7,DEGRADED,14.8,70,166,True,True
2026-08-29T08:00:30,60.5,CAM-01,Sony FX6,Ariel,Location A - Ancestral House (Interior),interior,18.0,-54.2,86.3,0.95,26.7,OK,46.1,0,35,True,True
2026-08-29T08:00:30,60.5,CAM-02,Sony FX6,Marlon,Location A - Ancestral House (Interior),interior,32.0,-53.8,85.7,0.92,27.3,OK,49.8,0,35,True,True
2026-08-29T08:00:30,60.5,CAM-03,Sony FX3,Kiko,Location A - Ancestral House (Interior),interior,68.0,-69.2,77.7,0.61,26.1,DEGRADED,21.2,68,219,True,True
2026-08-29T08:00:30,60.5,CAM-04,Sony FX3,Dennis,Location A - Ancestral House (Interior),interior,45.0,-62.7,84.1,0.88,24.5,OK,41.8,24,93,True,True
2026-08-29T08:00:30,60.5,CAM-05,Blackmagic,Jorge,Location A - Ancestral House (Interior),interior,95.0,-71.7,83.1,0.79,26.0,DEGRADED,12.6,85,651,True,True
2026-08-29T08:01:00,61.0,CAM-01,Sony FX6,Ariel,Location A - Ancestral House (Interior),interior,18.0,-51.5,85.1,0.95,25.7,OK,45.9,0,35,True,True
2026-08-29T08:01:00,61.0,CAM-02,Sony FX6,Marlon,Location A - Ancestral House (Interior),interior,32.0,-60.8,85.0,0.92,26.7,OK,45.2,1,68,True,True
2026-08-29T08:01:00,61.0,CAM-03,Sony FX3,Kiko,Location A - Ancestral House (Interior),interior,68.0,-68.5,78.2,0.61,25.2,DEGRADED,20.7,33,333,True,True
2026-08-29T08:01:00,61.0,CAM-04,Sony FX3,Dennis,Location A - Ancestral House (Interior),interior,45.0,-58.2,85.1,0.88,26.0,OK,49.3,0,35,True,True
2026-08-29T08:01:00,61.0,CAM-05,Blackmagic,Jorge,Location A - Ancestral House (Interior),interior,95.0,-70.2,83.3,0.79,27.8,DEGRADED,16.5,58,453,True,True
2026-08-29T08:01:30,61.5,CAM-01,Sony FX6,Ariel,Location A - Ancestral House (Interior),interior,18.0,-56.6,85.8,0.95,25.1,OK,50.0,0,35,True,True
2026-08-29T08:01:30,61.5,CAM-02,Sony FX6,Marlon,Location A - Ancestral House (Interior),interior,32.0,-57.4,85.4,0.92,25.2,OK,47.9,0,35,True,True
2026-08-29T08:01:30,61.5,CAM-03,Sony FX3,Kiko,Location A - Ancestral House (Interior),interior,68.0,-68.7,78.1,0.61,25.6,DEGRADED,21.4,17,436,True,True
2026-08-29T08:01:30,61.5,CAM-04,Sony FX3,Dennis,Location A - Ancestral House (Interior),interior,45.0,-67.4,84.4,0.88,27.0,DEGRADED,20.5,0,341,True,True
2026-08-29T08:01:30,61.5,CAM-05,Blackmagic,Jorge,Location A - Ancestral House (Interior),interior,95.0,-75.8,83.2,0.79,25.2,DEGRADED,14.4,90,460,True,True
2026-08-29T08:02:00,62.0,CAM-01,Sony FX6,Ariel,Location A - Ancestral House (Interior),interior,18.0,-55.9,86.4,0.95,26.7,OK,47.5,0,35,True,True
2026-08-29T08:02:00,62.0,CAM-02,Sony FX6,Marlon,Location A - Ancestral House (Interior),interior,32.0,-54.3,84.8,0.92,25.0,OK,49.9,0,35,True,True
2026-08-29T08:02:00,62.0,CAM-03,Sony FX3,Kiko,Location A - Ancestral House (Interior),interior,68.0,-67.9,77.5,0.61,24.1,DEGRADED,22.4,12,489,True,True
2026-08-29T08:02:00,62.0,CAM-04,Sony FX3,Dennis,Location A - Ancestral House (Interior),interior,45.0,-60.4,84.5,0.88,27.1,OK,47.6,2,55,True,True
2026-08-29T08:02:00,62.0,CAM-05,Blackmagic,Jorge,Location A - Ancestral House (Interior),interior,95.0,-72.3,82.8,0.79,24.8,CRITICAL,8.1,112,618,True,True
2026-08-29T08:02:30,62.5,CAM-01,Sony FX6,Ariel,Location A - Ancestral House (Interior),interior,18.0,-56.9,84.8,0.95,26.0,OK,47.1,0,35,True,True
2026-08-29T08:02:30,62.5,CAM-02,Sony FX6,Marlon,Location A - Ancestral House (Interior),interior,32.0,-57.2,85.1,0.92,26.3,OK,46.2,0,35,True,True
2026-08-29T08:02:30,62.5,CAM-03,Sony FX3,Kiko,Location A - Ancestral House (Interior),interior,68.0,-69.1,77.9,0.61,25.4,DEGRADED,17.7,1,414,True,True
2026-08-29T08:02:30,62.5,CAM-04,Sony FX3,Dennis,Location A - Ancestral House (Interior),interior,45.0,-63.2,84.3,0.88,25.0,OK,36.1,17,173,True,True
2026-08-29T08:02:30,62.5,CAM-05,Blackmagic,Jorge,Location A - Ancestral House (Interior),interior,95.0,-66.8,83.0,0.79,27.1,DEGRADED,27.9,19,95,True,True
2026-08-29T08:03:00,63.0,CAM-01,Sony FX6,Ariel,Location A - Ancestral House (Interior),interior,18.0,-53.6,85.0,0.95,25.1,OK,49.4,0,35,True,True
2026-08-29T08:03:00,63.0,CAM-02,Sony FX6,Marlon,Location A - Ancestral House (Interior),interior,32.0,-56.3,85.2,0.92,26.3,OK,46.2,0,35,True,True
2026-08-29T08:03:00,63.0,CAM-03,Sony FX3,Kiko,Location A - Ancestral House (Interior),interior,68.0,-71.2,76.5,0.61,26.4,DEGRADED,9.8,39,675,True,True
2026-08-29T08:03:00,63.0,CAM-04,Sony FX3,Dennis,Location A - Ancestral House (Interior),interior,45.0,-62.8,84.1,0.88,26.1,OK,39.1,15,130,True,True
2026-08-29T08:03:00,63.0,CAM-05,Blackmagic,Jorge,Location A - Ancestral House (Interior),interior,95.0,-69.6,82.3,0.79,26.0,DEGRADED,14.0,30,295,True,True
2026-08-29T08:03:30,63.5,CAM-01,Sony FX6,Ariel,Location A - Ancestral House (Interior),interior,18.0,-55.4,84.9,0.95,26.3,OK,48.9,0,35,True,True
2026-08-29T08:03:30,63.5,CAM-02,Sony FX6,Marlon,Location A - Ancestral House (Interior),interior,32.0,-56.1,85.5,0.92,26.9,OK,45.7,0,35,True,True
2026-08-29T08:03:30,63.5,CAM-03,Sony FX3,Kiko,Location A - Ancestral House (Interior),interior,68.0,-71.7,77.2,0.61,25.9,DEGRADED,11.1,10,557,True,True
2026-08-29T08:03:30,63.5,CAM-04,Sony FX3,Dennis,Location A - Ancestral House (Interior),interior,45.0,-62.1,84.2,0.88,26.8,OK,42.9,1,116,True,True
2026-08-29T08:03:30,63.5,CAM-05,Blackmagic,Jorge,Location A - Ancestral House (Interior),interior,95.0,-69.8,82.1,0.79,24.9,DEGRADED,17.3,27,394,True,True
2026-08-29T08:04:00,64.0,CAM-01,Sony FX6,Ariel,Location A - Ancestral House (Interior),interior,18.0,-55.7,85.0,0.95,25.7,OK,49.5,0,35,True,True
2026-08-29T08:04:00,64.0,CAM-02,Sony FX6,Marlon,Location A - Ancestral House (Interior),interior,32.0,-57.1,85.3,0.92,24.6,OK,49.1,0,35,True,True
2026-08-29T08:04:00,64.0,CAM-03,Sony FX3,Kiko,Location A - Ancestral House (Interior),interior,68.0,-67.3,76.6,0.61,25.6,DEGRADED,25.6,37,136,True,True
2026-08-29T08:04:00,64.0,CAM-04,Sony FX3,Dennis,Location A - Ancestral House (Interior),interior,45.0,-63.5,83.5,0.88,26.3,OK,36.2,17,100,True,True
2026-08-29T08:04:00,64.0,CAM-05,Blackmagic,Jorge,Location A - Ancestral House (Interior),interior,95.0,-70.7,82.1,0.79,26.1,DEGRADED,13.9,50,96,True,True
2026-08-29T08:04:30,64.5,CAM-01,Sony FX6,Ariel,Location A - Ancestral House (Interior),interior,18.0,-55.7,84.9,0.95,24.5,OK,46.3,0,35,True,True
2026-08-29T08:04:30,64.5,CAM-02,Sony FX6,Marlon,Location A - Ancestral House (Interior),interior,32.0,-55.3,84.6,0.92,26.1,OK,46.6,0,35,True,True
2026-08-29T08:04:30,64.5,CAM-03,Sony FX3,Kiko,Location A - Ancestral House (Interior),interior,68.0,-69.2,76.4,0.61,25.1,DEGRADED,19.0,34,330,True,True
2026-08-29T08:04:30,64.5,CAM-04,Sony FX3,Dennis,Location A - Ancestral House (Interior),interior,45.0,-62.4,83.2,0.88,26.4,OK,38.4,3,113,True,True
2026-08-29T08:04:30,64.5,CAM-05,Blackmagic,Jorge,Location A - Ancestral House (Interior),interior,95.0,-72.6,82.1,0.79,27.1,CRITICAL,7.0,113,604,True,True
2026-08-29T08:05:00,65.0,CAM-01,Sony FX6,Ariel,Location A - Ancestral House (Interior),interior,18.0,-55.8,85.0,0.95,26.2,OK,49.7,0,35,True,True
2026-08-29T08:05:00,65.0,CAM-02,Sony FX6,Marlon,Location A - Ancestral House (Interior),interior,32.0,-56.3,84.5,0.92,26.6,OK,47.2,0,35,True,True
2026-08-29T08:05:00,65.0,CAM-03,Sony FX3,Kiko,Location A - Ancestral House (Interior),interior,68.0,-63.1,76.9,0.61,25.4,OK,40.2,15,191,True,True
2026-08-29T08:05:00,65.0,CAM-04,Sony FX3,Dennis,Location A - Ancestral House (Interior),interior,45.0,-59.3,83.5,0.88,25.5,OK,47.7,0,35,True,True
2026-08-29T08:05:00,65.0,CAM-05,Blackmagic,Jorge,Location A - Ancestral House (Interior),interior,95.0,-73.7,81.3,0.79,25.2,CRITICAL,4.0,116,485,True,True
2026-08-29T08:05:30,65.5,CAM-01,Sony FX6,Ariel,Location A - Ancestral House (Interior),interior,18.0,-56.4,85.5,0.95,25.1,OK,48.1,0,35,True,True
2026-08-29T08:05:30,65.5,CAM-02,Sony FX6,Marlon,Location A - Ancestral House (Interior),interior,32.0,-56.9,84.5,0.92,27.0,OK,49.0,0,35,True,True
2026-08-29T08:05:30,65.5,CAM-03,Sony FX3,Kiko,Location A - Ancestral House (Interior),interior,68.0,-71.3,76.9,0.61,26.4,DEGRADED,12.6,85,535,True,True
2026-08-29T08:05:30,65.5,CAM-04,Sony FX3,Dennis,Location A - Ancestral House (Interior),interior,45.0,-62.6,83.7,0.88,26.1,OK,40.5,20,48,True,True
2026-08-29T08:05:30,65.5,CAM-05,Blackmagic,Jorge,Location A - Ancestral House (Interior),interior,95.0,-68.6,81.9,0.79,26.6,DEGRADED,22.3,3,345,True,True
2026-08-29T08:06:00,66.0,CAM-01,Sony FX6,Ariel,Location A - Ancestral House (Interior),interior,18.0,-52.2,84.8,0.95,26.9,OK,51.4,0,35,True,True
2026-08-29T08:06:00,66.0,CAM-02,Sony FX6,Marlon,Location A - Ancestral House (Interior),interior,32.0,-54.3,84.3,0.92,25.7,OK,47.0,0,35,True,True
2026-08-29T08:06:00,66.0,CAM-03,Sony FX3,Kiko,Location A - Ancestral House (Interior),interior,68.0,-64.6,76.2,0.61,26.7,OK,35.8,25,258,True,True
2026-08-29T08:06:00,66.0,CAM-04,Sony FX3,Dennis,Location A - Ancestral House (Interior),interior,45.0,-59.6,83.3,0.88,25.7,OK,47.0,0,35,True,True
2026-08-29T08:06:00,66.0,CAM-05,Blackmagic,Jorge,Location A - Ancestral House (Interior),interior,95.0,-74.2,81.8,0.79,26.1,CRITICAL,4.0,14,252,True,True
2026-08-29T08:06:30,66.5,CAM-01,Sony FX6,Ariel,Location A - Ancestral House (Interior),interior,18.0,-52.1,84.2,0.95,25.6,OK,48.4,0,35,True,True
2026-08-29T08:06:30,66.5,CAM-02,Sony FX6,Marlon,Location A - Ancestral House (Interior),interior,32.0,-58.2,84.0,0.92,26.2,OK,46.3,0,35,True,True
2026-08-29T08:06:30,66.5,CAM-03,Sony FX3,Kiko,Location A - Ancestral House (Interior),interior,68.0,-67.0,76.4,0.61,26.8,DEGRADED,22.8,50,317,True,True
2026-08-29T08:06:30,66.5,CAM-04,Sony FX3,Dennis,Location A - Ancestral House (Interior),interior,45.0,-62.2,83.3,0.88,26.9,OK,41.5,4,142,True,True
2026-08-29T08:06:30,66.5,CAM-05,Blackmagic,Jorge,Location A - Ancestral House (Interior),interior,95.0,-70.8,81.1,0.79,24.9,DEGRADED,12.1,76,499,True,True
2026-08-29T08:07:00,67.0,CAM-01,Sony FX6,Ariel,Location A - Ancestral House (Interior),interior,18.0,-52.8,84.6,0.95,25.4,OK,48.2,0,35,True,True
2026-08-29T08:07:00,67.0,CAM-02,Sony FX6,Marlon,Location A - Ancestral House (Interior),interior,32.0,-56.2,83.7,0.92,26.5,OK,50.2,0,35,True,True
2026-08-29T08:07:00,67.0,CAM-03,Sony FX3,Kiko,Location A - Ancestral House (Interior),interior,68.0,-68.8,75.9,0.61,25.3,DEGRADED,18.0,25,248,True,True
2026-08-29T08:07:00,67.0,CAM-04,Sony FX3,Dennis,Location A - Ancestral House (Interior),interior,45.0,-58.4,83.7,0.88,26.0,OK,50.9,0,35,True,True
2026-08-29T08:07:00,67.0,CAM-05,Blackmagic,Jorge,Location A - Ancestral House (Interior),interior,95.0,-71.9,81.9,0.79,26.0,DEGRADED,8.4,87,404,True,True
2026-08-29T08:07:30,67.5,CAM-01,Sony FX6,Ariel,Location A - Ancestral House (Interior),interior,18.0,-55.7,84.7,0.95,26.0,OK,49.3,0,35,True,True
2026-08-29T08:07:30,67.5,CAM-02,Sony FX6,Marlon,Location A - Ancestral House (Interior),interior,32.0,-58.2,83.1,0.92,25.3,OK,45.9,0,35,True,True
2026-08-29T08:07:30,67.5,CAM-03,Sony FX3,Kiko,Location A - Ancestral House (Interior),interior,68.0,-68.2,75.9,0.61,25.4,DEGRADED,22.6,42,387,True,True
2026-08-29T08:07:30,67.5,CAM-04,Sony FX3,Dennis,Location A - Ancestral House (Interior),interior,45.0,-60.5,82.9,0.88,26.1,OK,46.4,0,41,True,True
2026-08-29T08:07:30,67.5,CAM-05,Blackmagic,Jorge,Location A - Ancestral House (Interior),interior,95.0,-69.2,81.0,0.79,26.5,DEGRADED,19.0,6,91,True,True
2026-08-29T08:08:00,68.0,CAM-01,Sony FX6,Ariel,Location A - Ancestral House (Interior),interior,18.0,-58.5,85.0,0.95,25.3,OK,46.8,0,35,True,True
2026-08-29T08:08:00,68.0,CAM-02,Sony FX6,Marlon,Location A - Ancestral House (Interior),interior,32.0,-53.9,83.5,0.92,25.5,OK,46.8,0,35,True,True
2026-08-29T08:08:00,68.0,CAM-03,Sony FX3,Kiko,Location A - Ancestral House (Interior),interior,68.0,-68.4,75.2,0.61,27.1,DEGRADED,21.5,40,177,True,True
2026-08-29T08:08:00,68.0,CAM-04,Sony FX3,Dennis,Location A - Ancestral House (Interior),interior,45.0,-59.9,83.1,0.88,26.0,OK,48.0,0,35,True,True
2026-08-29T08:08:00,68.0,CAM-05,Blackmagic,Jorge,Location A - Ancestral House (Interior),interior,95.0,-71.0,80.7,0.79,25.2,DEGRADED,14.0,53,532,True,True
2026-08-29T08:08:30,68.5,CAM-01,Sony FX6,Ariel,Location A - Ancestral House (Interior),interior,18.0,-52.9,84.2,0.95,25.7,OK,50.8,0,35,True,True
2026-08-29T08:08:30,68.5,CAM-02,Sony FX6,Marlon,Location A - Ancestral House (Interior),interior,32.0,-56.1,83.5,0.92,25.6,OK,47.4,0,35,True,True
2026-08-29T08:08:30,68.5,CAM-03,Sony FX3,Kiko,Location A - Ancestral House (Interior),interior,68.0,-69.2,75.7,0.61,26.2,DEGRADED,18.9,25,559,True,True
2026-08-29T08:08:30,68.5,CAM-04,Sony FX3,Dennis,Location A - Ancestral House (Interior),interior,45.0,-58.4,81.9,0.88,27.0,OK,46.1,0,35,True,True
2026-08-29T08:08:30,68.5,CAM-05,Blackmagic,Jorge,Location A - Ancestral House (Interior),interior,95.0,-68.6,80.8,0.79,26.2,DEGRADED,18.0,77,290,True,True
2026-08-29T08:09:00,69.0,CAM-01,Sony FX6,Ariel,Location A - Ancestral House (Interior),interior,18.0,-56.6,84.2,0.95,26.4,OK,48.1,0,35,True,True
2026-08-29T08:09:00,69.0,CAM-02,Sony FX6,Marlon,Location A - Ancestral House (Interior),interior,32.0,-54.5,83.5,0.92,26.1,OK,49.3,0,35,True,True
2026-08-29T08:09:00,69.0,CAM-03,Sony FX3,Kiko,Location A - Ancestral House (Interior),interior,68.0,-64.9,75.2,0.61,26.0,OK,33.0,30,279,True,True
2026-08-29T08:09:00,69.0,CAM-04,Sony FX3,Dennis,Location A - Ancestral House (Interior),interior,45.0,-55.6,83.2,0.88,25.3,OK,48.2,0,35,True,True
2026-08-29T08:09:00,69.0,CAM-05,Blackmagic,Jorge,Location A - Ancestral House (Interior),interior,95.0,-68.2,80.6,0.79,26.8,DEGRADED,20.8,15,405,True,True
2026-08-29T08:09:30,69.5,CAM-01,Sony FX6,Ariel,Location A - Ancestral House (Interior),interior,18.0,-52.7,83.7,0.95,26.2,OK,49.1,0,35,True,True
2026-08-29T08:09:30,69.5,CAM-02,Sony FX6,Marlon,Location A - Ancestral House (Interior),interior,32.0,-53.9,83.9,0.92,25.5,OK,46.0,0,35,True,True
2026-08-29T08:09:30,69.5,CAM-03,Sony FX3,Kiko,Location A - Ancestral House (Interior),interior,68.0,-69.6,74.9,0.61,24.9,DEGRADED,17.5,44,603,True,True
2026-08-29T08:09:30,69.5,CAM-04,Sony FX3,Dennis,Location A - Ancestral House (Interior),interior,45.0,-56.6,82.1,0.88,23.7,OK,48.2,0,35,True,True
2026-08-29T08:09:30,69.5,CAM-05,Blackmagic,Jorge,Location A - Ancestral House (Interior),interior,95.0,-70.8,81.2,0.79,27.4,DEGRADED,14.3,48,405,True,True
2026-08-29T08:10:00,70.0,CAM-01,Sony FX6,Ariel,Location A - Ancestral House (Interior),interior,18.0,-56.0,83.8,0.95,25.8,OK,47.1,0,35,True,True
2026-08-29T08:10:00,70.0,CAM-02,Sony FX6,Marlon,Location A - Ancestral House (Interior),interior,32.0,-61.0,83.4,0.92,26.5,OK,44.9,5,57,True,True
2026-08-29T08:10:00,70.0,CAM-03,Sony FX3,Kiko,Location A - Ancestral House (Interior),interior,68.0,-70.3,74.6,0.61,25.4,DEGRADED,14.7,45,429,True,True
2026-08-29T08:10:00,70.0,CAM-04,Sony FX3,Dennis,Location A - Ancestral House (Interior),interior,45.0,-61.9,82.9,0.88,26.3,OK,44.2,6,133,True,True
2026-08-29T08:10:00,70.0,CAM-05,Blackmagic,Jorge,Location A - Ancestral House (Interior),interior,95.0,-71.6,80.8,0.79,26.7,DEGRADED,12.3,24,146,True,True
2026-08-29T08:10:30,70.5,CAM-01,Sony FX6,Ariel,Location A - Ancestral House (Interior),interior,18.0,-54.0,84.0,0.95,25.3,OK,48.6,0,35,True,True
2026-08-29T08:10:30,70.5,CAM-02,Sony FX6,Marlon,Location A - Ancestral House (Interior),interior,32.0,-55.4,83.7,0.92,26.4,OK,49.6,0,35,True,True
2026-08-29T08:10:30,70.5,CAM-03,Sony FX3,Kiko,Location A - Ancestral House (Interior),interior,68.0,-72.5,74.5,0.61,26.1,CRITICAL,6.8,65,482,True,True
2026-08-29T08:10:30,70.5,CAM-04,Sony FX3,Dennis,Location A - Ancestral House (Interior),interior,45.0,-62.9,82.7,0.88,27.4,OK,39.7,12,148,True,True
2026-08-29T08:10:30,70.5,CAM-05,Blackmagic,Jorge,Location A - Ancestral House (Interior),interior,95.0,-73.2,80.5,0.79,25.3,CRITICAL,7.2,114,278,True,True
2026-08-29T08:11:00,71.0,CAM-01,Sony FX6,Ariel,Location A - Ancestral House (Interior),interior,18.0,-52.7,83.6,0.95,27.4,OK,45.1,0,35,True,True
2026-08-29T08:11:00,71.0,CAM-02,Sony FX6,Marlon,Location A - Ancestral House (Interior),interior,32.0,-58.6,82.8,0.92,26.1,OK,46.6,0,35,True,True
2026-08-29T08:11:00,71.0,CAM-03,Sony FX3,Kiko,Location A - Ancestral House (Interior),interior,68.0,-69.4,73.6,0.61,25.5,DEGRADED,18.8,55,148,True,True
2026-08-29T08:11:00,71.0,CAM-04,Sony FX3,Dennis,Location A - Ancestral House (Interior),interior,45.0,-58.2,82.9,0.88,25.4,OK,49.8,0,35,True,True
2026-08-29T08:11:00,71.0,CAM-05,Blackmagic,Jorge,Location A - Ancestral House (Interior),interior,95.0,-70.2,80.3,0.79,26.1,DEGRADED,16.7,27,228,True,True
2026-08-29T08:11:30,71.5,CAM-01,Sony FX6,Ariel,Location A - Ancestral House (Interior),interior,18.0,-54.9,83.2,0.95,24.5,OK,49.0,0,35,True,True
2026-08-29T08:11:30,71.5,CAM-02,Sony FX6,Marlon,Location A - Ancestral House (Interior),interior,32.0,-55.6,82.8,0.92,26.1,OK,48.3,0,35,True,True
2026-08-29T08:11:30,71.5,CAM-03,Sony FX3,Kiko,Location A - Ancestral House (Interior),interior,68.0,-65.8,74.0,0.61,26.4,DEGRADED,29.9,5,78,True,True
2026-08-29T08:11:30,71.5,CAM-04,Sony FX3,Dennis,Location A - Ancestral House (Interior),interior,45.0,-58.1,81.8,0.88,26.8,OK,48.2,0,35,True,True
2026-08-29T08:11:30,71.5,CAM-05,Blackmagic,Jorge,Location A - Ancestral House (Interior),interior,95.0,-71.4,80.3,0.79,25.1,DEGRADED,8.9,32,238,True,True
2026-08-29T08:12:00,72.0,CAM-01,Sony FX6,Ariel,Location A - Ancestral House (Interior),interior,18.0,-54.4,83.9,0.95,27.0,OK,50.1,0,35,True,True
2026-08-29T08:12:00,72.0,CAM-02,Sony FX6,Marlon,Location A - Ancestral House (Interior),interior,32.0,-56.5,82.5,0.92,23.9,OK,48.6,0,35,True,True
2026-08-29T08:12:00,72.0,CAM-03,Sony FX3,Kiko,Location A - Ancestral House (Interior),interior,68.0,-74.5,74.4,0.61,25.8,CRITICAL,0.7,80,605,True,True
2026-08-29T08:12:00,72.0,CAM-04,Sony FX3,Dennis,Location A - Ancestral House (Interior),interior,45.0,-62.0,81.6,0.88,24.9,OK,41.3,5,81,True,True
2026-08-29T08:12:00,72.0,CAM-05,Blackmagic,Jorge,Location A - Ancestral House (Interior),interior,95.0,-75.2,79.8,0.79,25.3,DEGRADED,17.1,23,241,True,True
2026-08-29T08:12:30,72.5,CAM-01,Sony FX6,Ariel,Location A - Ancestral House (Interior),interior,18.0,-49.7,83.2,0.95,26.4,OK,46.9,0,35,True,True
2026-08-29T08:12:30,72.5,CAM-02,Sony FX6,Marlon,Location A - Ancestral House (Interior),interior,32.0,-53.1,82.2,0.92,25.9,OK,48.0,0,35,True,True
2026-08-29T08:12:30,72.5,CAM-03,Sony FX3,Kiko,Location A - Ancestral House (Interior),interior,68.0,-69.0,73.9,0.61,25.4,DEGRADED,20.3,47,269,True,True
2026-08-29T08:12:30,72.5,CAM-04,Sony FX3,Dennis,Location A - Ancestral House (Interior),interior,45.0,-58.3,82.4,0.88,25.4,OK,48.9,0,35,True,True
2026-08-29T08:12:30,72.5,CAM-05,Blackmagic,Jorge,Location A - Ancestral House (Interior),interior,95.0,-71.1,80.5,0.79,27.2,DEGRADED,11.0,70,256,True,True
2026-08-29T08:13:00,73.0,CAM-01,Sony FX6,Ariel,Location A - Ancestral House (Interior),interior,18.0,-54.0,82.4,0.95,24.7,OK,49.5,0,35,True,True
2026-08-29T08:13:00,73.0,CAM-02,Sony FX6,Marlon,Location A - Ancestral House (Interior),interior,32.0,-59.8,82.1,0.92,25.8,OK,50.1,0,35,True,True
2026-08-29T08:13:00,73.0,CAM-03,Sony FX3,Kiko,Location A - Ancestral House (Interior),interior,68.0,-66.4,73.8,0.61,26.1,DEGRADED,28.2,16,316,True,True
2026-08-29T08:13:00,73.0,CAM-04,Sony FX3,Dennis,Location A - Ancestral House (Interior),interior,45.0,-60.4,81.5,0.88,26.5,OK,48.1,1,43,True,True
2026-08-29T08:13:00,73.0,CAM-05,Blackmagic,Jorge,Location A - Ancestral House (Interior),interior,95.0,-69.0,78.3,0.79,24.6,DEGRADED,19.8,27,496,True,True
2026-08-29T08:13:30,73.5,CAM-01,Sony FX6,Ariel,Location A - Ancestral House (Interior),interior,18.0,-53.1,82.9,0.95,26.0,OK,47.4,0,35,True,True
2026-08-29T08:13:30,73.5,CAM-02,Sony FX6,Marlon,Location A - Ancestral House (Interior),interior,32.0,-55.6,81.8,0.92,26.2,OK,47.3,0,35,True,True
2026-08-29T08:13:30,73.5,CAM-03,Sony FX3,Kiko,Location A - Ancestral House (Interior),interior,68.0,-68.7,73.1,0.61,26.0,DEGRADED,19.8,37,445,True,True
2026-08-29T08:13:30,73.5,CAM-04,Sony FX3,Dennis,Location A - Ancestral House (Interior),interior,45.0,-66.3,81.5,0.88,24.8,DEGRADED,28.2,18,174,True,True
2026-08-29T08:13:30,73.5,CAM-05,Blackmagic,Jorge,Location A - Ancestral House (Interior),interior,95.0,-71.8,79.4,0.79,26.9,DEGRADED,9.5,27,504,True,True
2026-08-29T08:14:00,74.0,CAM-01,Sony FX6,Ariel,Location A - Ancestral House (Interior),interior,18.0,-52.3,83.7,0.95,26.4,OK,47.2,0,35,True,True
2026-08-29T08:14:00,74.0,CAM-02,Sony FX6,Marlon,Location A - Ancestral House (Interior),interior,32.0,-58.4,82.5,0.92,25.9,OK,48.7,0,35,True,True
2026-08-29T08:14:00,74.0,CAM-03,Sony FX3,Kiko,Location A - Ancestral House (Interior),interior,68.0,-65.3,73.5,0.61,24.9,DEGRADED,31.4,18,82,True,True
2026-08-29T08:14:00,74.0,CAM-04,Sony FX3,Dennis,Location A - Ancestral House (Interior),interior,45.0,-59.6,81.6,0.88,24.6,OK,45.6,0,35,True,True
2026-08-29T08:14:00,74.0,CAM-05,Blackmagic,Jorge,Location A - Ancestral House (Interior),interior,95.0,-68.4,79.6,0.79,25.6,DEGRADED,18.6,9,178,True,True
2026-08-29T08:14:30,74.5,CAM-01,Sony FX6,Ariel,Location A - Ancestral House (Interior),interior,18.0,-49.9,82.7,0.95,26.1,OK,45.3,0,35,True,True
2026-08-29T08:14:30,74.5,CAM-02,Sony FX6,Marlon,Location A - Ancestral House (Interior),interior,32.0,-58.6,81.8,0.92,27.1,OK,50.4,0,35,True,True
2026-08-29T08:14:30,74.5,CAM-03,Sony FX3,Kiko,Location A - Ancestral House (Interior),interior,68.0,-70.0,73.7,0.61,26.2,DEGRADED,16.9,32,485,True,True
2026-08-29T08:14:30,74.5,CAM-04,Sony FX3,Dennis,Location A - Ancestral House (Interior),interior,45.0,-60.8,82.1,0.88,26.9,OK,44.5,0,45,True,True
2026-08-29T08:14:30,74.5,CAM-05,Blackmagic,Jorge,Location A - Ancestral House (Interior),interior,95.0,-71.8,79.6,0.79,26.0,DEGRADED,10.3,70,332,True,True
2026-08-29T08:15:00,75.0,CAM-01,Sony FX6,Ariel,Location A - Ancestral House (Interior),interior,18.0,-53.6,82.7,0.95,26.9,OK,46.0,0,35,True,True
2026-08-29T08:15:00,75.0,CAM-02,Sony FX6,Marlon,Location A - Ancestral House (Interior),interior,32.0,-59.3,81.6,0.92,25.3,OK,49.2,0,35,True,True
2026-08-29T08:15:00,75.0,CAM-03,Sony FX3,Kiko,Location A - Ancestral House (Interior),interior,68.0,-70.5,72.7,0.61,25.8,DEGRADED,13.8,51,116,True,True
2026-08-29T08:15:00,75.0,CAM-04,Sony FX3,Dennis,Location A - Ancestral House (Interior),interior,45.0,-59.6,81.1,0.88,26.4,OK,47.3,0,35,True,True
2026-08-29T08:15:00,75.0,CAM-05,Blackmagic,Jorge,Location A - Ancestral House (Interior),interior,95.0,-75.1,78.8,0.79,25.5,DEGRADED,15.1,64,214,True,True
2026-08-29T08:15:30,75.5,CAM-01,Sony FX6,Ariel,Location A - Ancestral House (Interior),interior,18.0,-55.8,82.9,0.95,27.7,OK,49.5,0,35,True,True
2026-08-29T08:15:30,75.5,CAM-02,Sony FX6,Marlon,Location A - Ancestral House (Interior),interior,32.0,-57.1,81.8,0.92,26.1,OK,47.5,0,35,True,True
2026-08-29T08:15:30,75.5,CAM-03,Sony FX3,Kiko,Location A - Ancestral House (Interior),interior,68.0,-70.8,73.0,0.61,25.6,DEGRADED,10.7,26,102,True,True
2026-08-29T08:15:30,75.5,CAM-04,Sony FX3,Dennis,Location A - Ancestral House (Interior),interior,45.0,-58.5,81.3,0.88,27.9,OK,46.7,0,35,True,True
2026-08-29T08:15:30,75.5,CAM-05,Blackmagic,Jorge,Location A - Ancestral House (Interior),interior,95.0,-72.7,78.9,0.79,25.4,CRITICAL,7.2,74,213,True,True
2026-08-29T08:16:00,76.0,CAM-01,Sony FX6,Ariel,Location A - Ancestral House (Interior),interior,18.0,-53.8,82.0,0.95,26.9,OK,49.3,0,35,True,True
2026-08-29T08:16:00,76.0,CAM-02,Sony FX6,Marlon,Location A - Ancestral House (Interior),interior,32.0,-60.1,81.1,0.92,26.3,OK,48.5,0,37,True,True
2026-08-29T08:16:00,76.0,CAM-03,Sony FX3,Kiko,Location A - Ancestral House (Interior),interior,68.0,-64.7,73.8,0.61,25.3,OK,33.4,13,314,True,True
2026-08-29T08:16:00,76.0,CAM-04,Sony FX3,Dennis,Location A - Ancestral House (Interior),interior,45.0,-61.1,81.3,0.88,26.1,OK,42.9,7,76,True,True
2026-08-29T08:16:00,76.0,CAM-05,Blackmagic,Jorge,Location A - Ancestral House (Interior),interior,95.0,-72.8,78.7,0.79,26.2,CRITICAL,3.6,30,775,True,True
2026-08-29T08:16:30,76.5,CAM-01,Sony FX6,Ariel,Location A - Ancestral House (Interior),interior,18.0,-55.9,82.4,0.95,25.7,OK,43.8,0,35,True,True
2026-08-29T08:16:30,76.5,CAM-02,Sony FX6,Marlon,Location A - Ancestral House (Interior),interior,32.0,-55.9,81.7,0.92,25.8,OK,49.0,0,35,True,True
2026-08-29T08:16:30,76.5,CAM-03,Sony FX3,Kiko,Location A - Ancestral House (Interior),interior,68.0,-67.5,71.9,0.61,25.8,DEGRADED,25.9,38,453,True,True
2026-08-29T08:16:30,76.5,CAM-04,Sony FX3,Dennis,Location A - Ancestral House (Interior),interior,45.0,-59.8,81.0,0.88,25.7,OK,48.6,0,35,True,True
2026-08-29T08:16:30,76.5,CAM-05,Blackmagic,Jorge,Location A - Ancestral House (Interior),interior,95.0,-70.9,79.4,0.79,26.7,DEGRADED,13.9,93,526,True,True
2026-08-29T08:17:00,77.0,CAM-01,Sony FX6,Ariel,Location A - Ancestral House (Interior),interior,18.0,-54.4,81.5,0.95,26.7,OK,50.5,0,35,True,True
2026-08-29T08:17:00,77.0,CAM-02,Sony FX6,Marlon,Location A - Ancestral House (Interior),interior,32.0,-55.3,81.3,0.92,25.6,OK,50.3,0,35,True,True
2026-08-29T08:17:00,77.0,CAM-03,Sony FX3,Kiko,Location A - Ancestral House (Interior),interior,68.0,-65.5,72.5,0.61,25.1,DEGRADED,32.7,21,324,True,True
2026-08-29T08:17:00,77.0,CAM-04,Sony FX3,Dennis,Location A - Ancestral House (Interior),interior,45.0,-59.1,80.5,0.88,25.4,OK,46.3,0,35,True,True
2026-08-29T08:17:00,77.0,CAM-05,Blackmagic,Jorge,Location A - Ancestral House (Interior),interior,95.0,-72.7,78.8,0.79,27.0,CRITICAL,7.8,17,443,True,True
2026-08-29T08:17:30,77.5,CAM-01,Sony FX6,Ariel,Location A - Ancestral House (Interior),interior,18.0,-53.7,82.2,0.95,25.9,OK,46.5,0,35,True,True
2026-08-29T08:17:30,77.5,CAM-02,Sony FX6,Marlon,Location A - Ancestral House (Interior),interior,32.0,-59.3,81.5,0.92,25.8,OK,49.5,0,35,True,True
2026-08-29T08:17:30,77.5,CAM-03,Sony FX3,Kiko,Location A - Ancestral House (Interior),interior,68.0,-69.6,72.0,0.61,25.7,DEGRADED,17.7,44,489,True,True
2026-08-29T08:17:30,77.5,CAM-04,Sony FX3,Dennis,Location A - Ancestral House (Interior),interior,45.0,-59.3,80.8,0.88,25.1,OK,47.4,0,35,True,True
2026-08-29T08:17:30,77.5,CAM-05,Blackmagic,Jorge,Location A - Ancestral House (Interior),interior,95.0,-74.0,78.0,0.79,26.0,CRITICAL,3.8,101,344,True,True
2026-08-29T08:18:00,78.0,CAM-01,Sony FX6,Ariel,Location A - Ancestral House (Interior),interior,18.0,-52.9,81.9,0.95,25.6,OK,46.6,0,35,True,True
2026-08-29T08:18:00,78.0,CAM-02,Sony FX6,Marlon,Location A - Ancestral House (Interior),interior,32.0,-58.2,81.3,0.92,25.2,OK,52.2,0,35,True,True
2026-08-29T08:18:00,78.0,CAM-03,Sony FX3,Kiko,Location A - Ancestral House (Interior),interior,68.0,-70.2,71.9,0.61,27.4,DEGRADED,16.1,19,289,True,True
2026-08-29T08:18:00,78.0,CAM-04,Sony FX3,Dennis,Location A - Ancestral House (Interior),interior,45.0,-59.9,79.7,0.88,26.2,OK,48.3,0,35,True,True
2026-08-29T08:18:00,78.0,CAM-05,Blackmagic,Jorge,Location A - Ancestral House (Interior),interior,95.0,-68.6,77.7,0.79,27.2,DEGRADED,20.7,8,286,True,True
2026-08-29T08:18:30,78.5,CAM-01,Sony FX6,Ariel,Location A - Ancestral House (Interior),interior,18.0,-52.3,81.9,0.95,25.5,OK,47.8,0,35,True,True
2026-08-29T08:18:30,78.5,CAM-02,Sony FX6,Marlon,Location A - Ancestral House (Interior),interior,32.0,-61.3,81.3,0.92,26.8,OK,45.6,0,82,True,True
2026-08-29T08:18:30,78.5,CAM-03,Sony FX3,Kiko,Location A - Ancestral House (Interior),interior,68.0,-69.4,71.6,0.61,26.3,DEGRADED,19.0,69,397,True,True
2026-08-29T08:18:30,78.5,CAM-04,Sony FX3,Dennis,Location A - Ancestral House (Interior),interior,45.0,-57.1,80.6,0.88,26.8,OK,48.1,0,35,True,True
2026-08-29T08:18:30,78.5,CAM-05,Blackmagic,Jorge,Location A - Ancestral House (Interior),interior,95.0,-73.7,77.5,0.79,27.6,CRITICAL,4.5,83,267,True,True
2026-08-29T08:19:00,79.0,CAM-01,Sony FX6,Ariel,Location A - Ancestral House (Interior),interior,18.0,-58.2,82.5,0.95,26.6,OK,48.8,0,35,True,True
2026-08-29T08:19:00,79.0,CAM-02,Sony FX6,Marlon,Location A - Ancestral House (Interior),interior,32.0,-56.8,81.5,0.92,24.2,OK,48.9,0,35,True,True
2026-08-29T08:19:00,79.0,CAM-03,Sony FX3,Kiko,Location A - Ancestral House (Interior),interior,68.0,-71.0,71.4,0.61,25.6,DEGRADED,13.3,35,295,True,True
2026-08-29T08:19:00,79.0,CAM-04,Sony FX3,Dennis,Location A - Ancestral House (Interior),interior,45.0,-61.3,80.0,0.88,26.9,OK,43.6,9,85,True,True
2026-08-29T08:19:00,79.0,CAM-05,Blackmagic,Jorge,Location A - Ancestral House (Interior),interior,95.0,-68.0,77.4,0.79,26.1,DEGRADED,22.1,41,192,True,True
2026-08-29T08:19:30,79.5,CAM-01,Sony FX6,Ariel,Location A - Ancestral House (Interior),interior,18.0,-51.1,82.3,0.95,25.8,OK,47.5,0,35,True,True
2026-08-29T08:19:30,79.5,CAM-02,Sony FX6,Marlon,Location A - Ancestral House (Interior),interior,32.0,-60.1,80.6,0.92,26.1,OK,48.8,0,40,True,True
2026-08-29T08:19:30,79.5,CAM-03,Sony FX3,Kiko,Location A - Ancestral House (Interior),interior,68.0,-67.4,71.1,0.61,25.5,DEGRADED,24.1,9,288,True,True
2026-08-29T08:19:30,79.5,CAM-04,Sony FX3,Dennis,Location A - Ancestral House (Interior),interior,45.0,-58.8,79.4,0.88,25.5,OK,50.2,0,35,True,True
2026-08-29T08:19:30,79.5,CAM-05,Blackmagic,Jorge,Location A - Ancestral House (Interior),interior,95.0,-65.3,77.8,0.79,27.1,DEGRADED,33.8,45,150,True,True
2026-08-29T08:20:00,80.0,CAM-01,Sony FX6,Ariel,Location A - Ancestral House (Interior),interior,18.0,-58.8,81.1,0.95,26.5,OK,48.9,0,35,True,True
2026-08-29T08:20:00,80.0,CAM-02,Sony FX6,Marlon,Location A - Ancestral House (Interior),interior,32.0,-57.3,80.0,0.92,25.3,OK,48.8,0,35,True,True
2026-08-29T08:20:00,80.0,CAM-03,Sony FX3,Kiko,Location A - Ancestral House (Interior),interior,68.0,-65.0,70.6,0.61,25.8,OK,34.6,4,106,True,True
2026-08-29T08:20:00,80.0,CAM-04,Sony FX3,Dennis,Location A - Ancestral House (Interior),interior,45.0,-59.9,79.5,0.88,25.9,OK,49.9,0,35,True,True
2026-08-29T08:20:00,80.0,CAM-05,Blackmagic,Jorge,Location A - Ancestral House (Interior),interior,95.0,-72.1,77.4,0.79,25.7,CRITICAL,7.7,56,493,True,True
2026-08-29T08:20:30,80.5,CAM-01,Sony FX6,Ariel,Location A - Ancestral House (Interior),interior,18.0,-54.3,81.0,0.95,26.6,OK,46.6,0,35,True,True
2026-08-29T08:20:30,80.5,CAM-02,Sony FX6,Marlon,Location A - Ancestral House (Interior),interior,32.0,-54.1,80.9,0.92,26.6,OK,48.1,0,35,True,True
2026-08-29T08:20:30,80.5,CAM-03,Sony FX3,Kiko,Location A - Ancestral House (Interior),interior,68.0,-65.3,70.9,0.61,27.7,DEGRADED,32.4,48,313,True,True
2026-08-29T08:20:30,80.5,CAM-04,Sony FX3,Dennis,Location A - Ancestral House (Interior),interior,45.0,-62.1,79.9,0.88,25.4,OK,41.6,7,48,True,True
2026-08-29T08:20:30,80.5,CAM-05,Blackmagic,Jorge,Location A - Ancestral House (Interior),interior,95.0,-71.5,77.2,0.79,25.6,DEGRADED,13.1,79,463,True,True
2026-08-29T08:21:00,81.0,CAM-01,Sony FX6,Ariel,Location A - Ancestral House (Interior),interior,18.0,-58.2,81.1,0.95,26.2,OK,46.2,0,35,True,True
2026-08-29T08:21:00,81.0,CAM-02,Sony FX6,Marlon,Location A - Ancestral House (Interior),interior,32.0,-50.8,81.0,0.92,25.2,OK,47.8,0,35,True,True
2026-08-29T08:21:00,81.0,CAM-03,Sony FX3,Kiko,Location A - Ancestral House (Interior),interior,68.0,-72.1,70.7,0.61,26.6,CRITICAL,9.7,44,289,True,True
2026-08-29T08:21:00,81.0,CAM-04,Sony FX3,Dennis,Location A - Ancestral House (Interior),interior,45.0,-59.0,79.4,0.88,25.0,OK,49.0,0,35,True,True
2026-08-29T08:21:00,81.0,CAM-05,Blackmagic,Jorge,Location A - Ancestral House (Interior),interior,95.0,-68.7,78.0,0.79,24.8,DEGRADED,20.9,9,449,True,True
2026-08-29T08:21:30,81.5,CAM-01,Sony FX6,Ariel,Location A - Ancestral House (Interior),interior,18.0,-50.6,80.9,0.95,26.5,OK,49.2,0,35,True,True
2026-08-29T08:21:30,81.5,CAM-02,Sony FX6,Marlon,Location A - Ancestral House (Interior),interior,32.0,-60.7,80.2,0.92,26.3,OK,47.3,1,64,True,True
2026-08-29T08:21:30,81.5,CAM-03,Sony FX3,Kiko,Location A - Ancestral House (Interior),interior,68.0,-65.7,70.2,0.61,25.9,DEGRADED,29.0,6,201,True,True
2026-08-29T08:21:30,81.5,CAM-04,Sony FX3,Dennis,Location A - Ancestral House (Interior),interior,45.0,-61.9,80.0,0.88,24.9,OK,43.7,9,143,True,True
2026-08-29T08:21:30,81.5,CAM-05,Blackmagic,Jorge,Location A - Ancestral House (Interior),interior,95.0,-72.9,77.6,0.79,26.2,CRITICAL,3.4,68,563,True,True
2026-08-29T08:22:00,82.0,CAM-01,Sony FX6,Ariel,Location A - Ancestral House (Interior),interior,18.0,-51.2,81.7,0.95,26.5,OK,50.1,0,35,True,True
2026-08-29T08:22:00,82.0,CAM-02,Sony FX6,Marlon,Location A - Ancestral House (Interior),interior,32.0,-57.5,80.0,0.92,25.7,OK,47.5,0,35,True,True
2026-08-29T08:22:00,82.0,CAM-03,Sony FX3,Kiko,Location A - Ancestral House (Interior),interior,68.0,-70.2,70.2,0.61,24.5,DEGRADED,16.1,51,79,True,True
2026-08-29T08:22:00,82.0,CAM-04,Sony FX3,Dennis,Location A - Ancestral House (Interior),interior,45.0,-59.0,79.3,0.88,25.2,OK,47.1,0,35,True,True
2026-08-29T08:22:00,82.0,CAM-05,Blackmagic,Jorge,Location A - Ancestral House (Interior),interior,95.0,-72.7,77.0,0.79,24.9,CRITICAL,6.7,66,672,True,True
2026-08-29T08:22:30,82.5,CAM-01,Sony FX6,Ariel,Location A - Ancestral House (Interior),interior,18.0,-52.6,81.0,0.95,25.9,OK,47.7,0,35,True,True
2026-08-29T08:22:30,82.5,CAM-02,Sony FX6,Marlon,Location A - Ancestral House (Interior),interior,32.0,-56.8,80.0,0.92,26.2,OK,47.8,0,35,True,True
2026-08-29T08:22:30,82.5,CAM-03,Sony FX3,Kiko,Location A - Ancestral House (Interior),interior,68.0,-70.4,69.8,0.61,25.6,DEGRADED,12.8,76,179,True,True
2026-08-29T08:22:30,82.5,CAM-04,Sony FX3,Dennis,Location A - Ancestral House (Interior),interior,45.0,-62.9,79.5,0.88,26.3,OK,38.4,8,106,True,True
2026-08-29T08:22:30,82.5,CAM-05,Blackmagic,Jorge,Location A - Ancestral House (Interior),interior,95.0,-71.9,77.1,0.79,25.1,DEGRADED,10.8,32,172,True,True
2026-08-29T08:23:00,83.0,CAM-01,Sony FX6,Ariel,Location A - Ancestral House (Interior),interior,18.0,-54.4,80.5,0.95,25.0,OK,47.7,0,35,True,True
2026-08-29T08:23:00,83.0,CAM-02,Sony FX6,Marlon,Location A - Ancestral House (Interior),interior,32.0,-55.0,80.6,0.92,24.4,OK,44.8,0,35,True,True
2026-08-29T08:23:00,83.0,CAM-03,Sony FX3,Kiko,Location A - Ancestral House (Interior),interior,68.0,-63.1,69.6,0.61,25.7,OK,40.1,9,138,True,True
2026-08-29T08:23:00,83.0,CAM-04,Sony FX3,Dennis,Location A - Ancestral House (Interior),interior,45.0,-58.1,79.2,0.88,26.7,OK,49.4,0,35,True,True
2026-08-29T08:23:00,83.0,CAM-05,Blackmagic,Jorge,Location A - Ancestral House (Interior),interior,95.0,-72.7,76.9,0.79,25.0,CRITICAL,5.9,116,86,True,True
2026-08-29T08:23:30,83.5,CAM-01,Sony FX6,Ariel,Location A - Ancestral House (Interior),interior,18.0,-50.7,80.7,0.95,27.1,OK,50.0,0,35,True,True
2026-08-29T08:23:30,83.5,CAM-02,Sony FX6,Marlon,Location A - Ancestral House (Interior),interior,32.0,-59.5,80.2,0.92,24.9,OK,47.2,0,35,True,True
2026-08-29T08:23:30,83.5,CAM-03,Sony FX3,Kiko,Location A - Ancestral House (Interior),interior,68.0,-69.8,70.6,0.61,25.7,DEGRADED,18.3,29,77,True,True
2026-08-29T08:23:30,83.5,CAM-04,Sony FX3,Dennis,Location A - Ancestral House (Interior),interior,45.0,-60.9,78.8,0.88,25.8,OK,43.1,0,47,True,True
2026-08-29T08:23:30,83.5,CAM-05,Blackmagic,Jorge,Location A - Ancestral House (Interior),interior,95.0,-72.3,77.1,0.79,25.2,CRITICAL,5.7,91,528,True,True
2026-08-29T08:24:00,84.0,CAM-01,Sony FX6,Ariel,Location A - Ancestral House (Interior),interior,18.0,-56.9,80.6,0.95,26.8,OK,46.8,0,35,True,True
2026-08-29T08:24:00,84.0,CAM-02,Sony FX6,Marlon,Location A - Ancestral House (Interior),interior,32.0,-60.9,80.3,0.92,26.3,OK,44.0,6,54,True,True
2026-08-29T08:24:00,84.0,CAM-03,Sony FX3,Kiko,Location A - Ancestral House (Interior),interior,68.0,-70.5,69.6,0.61,25.4,DEGRADED,11.9,87,284,True,True
2026-08-29T08:24:00,84.0,CAM-04,Sony FX3,Dennis,Location A - Ancestral House (Interior),interior,45.0,-58.4,78.9,0.88,28.3,OK,48.8,0,35,True,True
2026-08-29T08:24:00,84.0,CAM-05,Blackmagic,Jorge,Location A - Ancestral House (Interior),interior,95.0,-73.3,76.4,0.79,24.7,CRITICAL,3.8,93,613,True,True
2026-08-29T08:24:30,84.5,CAM-01,Sony FX6,Ariel,Location A - Ancestral House (Interior),interior,18.0,-54.0,80.5,0.95,25.2,OK,48.9,0,35,True,True
2026-08-29T08:24:30,84.5,CAM-02,Sony FX6,Marlon,Location A - Ancestral House (Interior),interior,32.0,-56.3,79.7,0.92,25.9,OK,48.7,0,35,True,True
2026-08-29T08:24:30,84.5,CAM-03,Sony FX3,Kiko,Location A - Ancestral House (Interior),interior,68.0,-67.0,69.3,0.61,26.9,DEGRADED,25.9,32,137,True,True
2026-08-29T08:24:30,84.5,CAM-04,Sony FX3,Dennis,Location A - Ancestral House (Interior),interior,45.0,-57.0,78.6,0.88,24.6,OK,47.6,0,35,True,True
2026-08-29T08:24:30,84.5,CAM-05,Blackmagic,Jorge,Location A - Ancestral House (Interior),interior,95.0,-69.1,75.6,0.79,25.8,DEGRADED,18.2,61,305,True,True
2026-08-29T08:25:00,85.0,CAM-01,Sony FX6,Ariel,Location A - Ancestral House (Interior),interior,18.0,-54.4,79.8,0.95,27.9,OK,48.1,0,35,True,True
2026-08-29T08:25:00,85.0,CAM-02,Sony FX6,Marlon,Location A - Ancestral House (Interior),interior,32.0,-55.7,79.9,0.92,26.9,OK,48.5,0,35,True,True
2026-08-29T08:25:00,85.0,CAM-03,Sony FX3,Kiko,Location A - Ancestral House (Interior),interior,68.0,-70.7,69.2,0.61,26.5,DEGRADED,12.9,19,243,True,True
2026-08-29T08:25:00,85.0,CAM-04,Sony FX3,Dennis,Location A - Ancestral House (Interior),interior,45.0,-61.1,79.1,0.88,26.3,OK,45.1,2,40,True,True
2026-08-29T08:25:00,85.0,CAM-05,Blackmagic,Jorge,Location A - Ancestral House (Interior),interior,95.0,-73.2,76.0,0.79,26.2,CRITICAL,7.1,39,192,True,True
2026-08-29T08:25:30,85.5,CAM-01,Sony FX6,Ariel,Location A - Ancestral House (Interior),interior,18.0,-54.3,79.9,0.95,26.0,OK,48.6,0,35,True,True
2026-08-29T08:25:30,85.5,CAM-02,Sony FX6,Marlon,Location A - Ancestral House (Interior),interior,32.0,-58.9,79.6,0.92,24.8,OK,48.4,0,35,True,True
2026-08-29T08:25:30,85.5,CAM-03,Sony FX3,Kiko,Location A - Ancestral House (Interior),interior,68.0,-70.3,69.3,0.61,25.1,DEGRADED,13.9,80,479,True,True
2026-08-29T08:25:30,85.5,CAM-04,Sony FX3,Dennis,Location A - Ancestral House (Interior),interior,45.0,-61.6,78.4,0.88,26.5,OK,40.7,10,89,True,True
2026-08-29T08:25:30,85.5,CAM-05,Blackmagic,Jorge,Location A - Ancestral House (Interior),interior,95.0,-67.7,76.1,0.79,25.6,DEGRADED,23.5,58,462,True,True
2026-08-29T08:26:00,86.0,CAM-01,Sony FX6,Ariel,Location A - Ancestral House (Interior),interior,18.0,-56.2,80.2,0.95,25.5,OK,45.8,0,35,True,True
2026-08-29T08:26:00,86.0,CAM-02,Sony FX6,Marlon,Location A - Ancestral House (Interior),interior,32.0,-57.1,80.2,0.92,24.7,OK,45.8,0,35,True,True
2026-08-29T08:26:00,86.0,CAM-03,Sony FX3,Kiko,Location A - Ancestral House (Interior),interior,68.0,-71.0,68.4,0.61,26.6,DEGRADED,11.7,3,371,True,True
2026-08-29T08:26:00,86.0,CAM-04,Sony FX3,Dennis,Location A - Ancestral House (Interior),interior,45.0,-61.6,78.9,0.88,26.7,OK,45.1,9,52,True,True
2026-08-29T08:26:00,86.0,CAM-05,Blackmagic,Jorge,Location A - Ancestral House (Interior),interior,95.0,-68.1,76.5,0.79,26.2,DEGRADED,20.8,49,426,True,True
2026-08-29T08:26:30,86.5,CAM-01,Sony FX6,Ariel,Location A - Ancestral House (Interior),interior,18.0,-56.0,79.9,0.95,25.0,OK,49.1,0,35,True,True
2026-08-29T08:26:30,86.5,CAM-02,Sony FX6,Marlon,Location A - Ancestral House (Interior),interior,32.0,-59.3,79.6,0.92,26.4,OK,46.2,0,35,True,True
2026-08-29T08:26:30,86.5,CAM-03,Sony FX3,Kiko,Location A - Ancestral House (Interior),interior,68.0,-68.4,68.3,0.61,26.1,DEGRADED,23.3,6,506,True,True
2026-08-29T08:26:30,86.5,CAM-04,Sony FX3,Dennis,Location A - Ancestral House (Interior),interior,45.0,-62.4,78.2,0.88,25.3,OK,39.4,12,155,True,True
2026-08-29T08:26:30,86.5,CAM-05,Blackmagic,Jorge,Location A - Ancestral House (Interior),interior,95.0,-68.9,76.8,0.79,26.3,DEGRADED,19.8,67,455,True,True
2026-08-29T08:27:00,87.0,CAM-01,Sony FX6,Ariel,Location A - Ancestral House (Interior),interior,18.0,-55.6,80.2,0.95,25.8,OK,47.4,0,35,True,True
2026-08-29T08:27:00,87.0,CAM-02,Sony FX6,Marlon,Location A - Ancestral House (Interior),interior,32.0,-55.2,78.9,0.92,26.5,OK,48.0,0,35,True,True
2026-08-29T08:27:00,87.0,CAM-03,Sony FX3,Kiko,Location A - Ancestral House (Interior),interior,68.0,-71.2,69.0,0.61,26.4,DEGRADED,14.3,33,437,True,True
2026-08-29T08:27:00,87.0,CAM-04,Sony FX3,Dennis,Location A - Ancestral House (Interior),interior,45.0,-58.5,78.1,0.88,26.8,OK,47.4,0,35,True,True
2026-08-29T08:27:00,87.0,CAM-05,Blackmagic,Jorge,Location A - Ancestral House (Interior),interior,95.0,-71.1,75.8,0.79,26.8,DEGRADED,12.3,13,262,True,True
2026-08-29T08:27:30,87.5,CAM-01,Sony FX6,Ariel,Location A - Ancestral House (Interior),interior,18.0,-55.7,80.1,0.95,27.2,OK,48.8,0,35,True,True
2026-08-29T08:27:30,87.5,CAM-02,Sony FX6,Marlon,Location A - Ancestral House (Interior),interior,32.0,-54.9,78.5,0.92,26.1,OK,50.3,0,35,True,True
2026-08-29T08:27:30,87.5,CAM-03,Sony FX3,Kiko,Location A - Ancestral House (Interior),interior,68.0,-70.6,68.7,0.61,24.9,DEGRADED,13.5,46,189,True,True
2026-08-29T08:27:30,87.5,CAM-04,Sony FX3,Dennis,Location A - Ancestral House (Interior),interior,45.0,-63.9,78.7,0.88,26.2,OK,34.8,36,196,True,True
2026-08-29T08:27:30,87.5,CAM-05,Blackmagic,Jorge,Location A - Ancestral House (Interior),interior,95.0,-70.8,75.7,0.79,27.3,DEGRADED,13.7,49,342,True,True
2026-08-29T08:28:00,88.0,CAM-01,Sony FX6,Ariel,Location A - Ancestral House (Interior),interior,18.0,-52.9,79.6,0.95,25.5,OK,46.8,0,35,True,True
2026-08-29T08:28:00,88.0,CAM-02,Sony FX6,Marlon,Location A - Ancestral House (Interior),interior,32.0,-59.6,78.7,0.92,26.4,OK,49.6,0,35,True,True
2026-08-29T08:28:00,88.0,CAM-03,Sony FX3,Kiko,Location A - Ancestral House (Interior),interior,68.0,-69.9,68.5,0.61,25.2,DEGRADED,15.1,78,205,True,True
2026-08-29T08:28:00,88.0,CAM-04,Sony FX3,Dennis,Location A - Ancestral House (Interior),interior,45.0,-62.4,78.0,0.88,25.3,OK,39.9,21,120,True,True
2026-08-29T08:28:00,88.0,CAM-05,Blackmagic,Jorge,Location A - Ancestral House (Interior),interior,95.0,-71.6,75.3,0.79,24.8,DEGRADED,11.1,15,556,True,True
2026-08-29T08:28:30,88.5,CAM-01,Sony FX6,Ariel,Location A - Ancestral House (Interior),interior,18.0,-47.5,79.4,0.95,26.2,OK,46.3,0,35,True,True
2026-08-29T08:28:30,88.5,CAM-02,Sony FX6,Marlon,Location A - Ancestral House (Interior),interior,32.0,-55.7,79.1,0.92,25.9,OK,44.2,0,35,True,True
2026-08-29T08:28:30,88.5,CAM-03,Sony FX3,Kiko,Location A - Ancestral House (Interior),interior,68.0,-68.5,67.8,0.61,26.7,DEGRADED,21.2,61,292,True,True
2026-08-29T08:28:30,88.5,CAM-04,Sony FX3,Dennis,Location A - Ancestral House (Interior),interior,45.0,-62.6,77.8,0.88,25.9,OK,38.1,23,161,True,True
2026-08-29T08:28:30,88.5,CAM-05,Blackmagic,Jorge,Location A - Ancestral House (Interior),interior,95.0,-71.5,75.5,0.79,27.2,DEGRADED,10.0,78,444,True,True
2026-08-29T08:29:00,89.0,CAM-01,Sony FX6,Ariel,Location A - Ancestral House (Interior),interior,18.0,-51.5,79.6,0.95,26.1,OK,48.4,0,35,True,True
2026-08-29T08:29:00,89.0,CAM-02,Sony FX6,Marlon,Location A - Ancestral House (Interior),interior,32.0,-59.1,78.5,0.92,26.8,OK,48.9,0,35,True,True
2026-08-29T08:29:00,89.0,CAM-03,Sony FX3,Kiko,Location A - Ancestral House (Interior),interior,68.0,-67.8,68.1,0.61,26.1,DEGRADED,22.8,8,142,True,True
2026-08-29T08:29:00,89.0,CAM-04,Sony FX3,Dennis,Location A - Ancestral House (Interior),interior,45.0,-61.2,77.6,0.88,24.6,OK,45.1,2,86,True,True
2026-08-29T08:29:00,89.0,CAM-05,Blackmagic,Jorge,Location A - Ancestral House (Interior),interior,95.0,-75.3,75.3,0.79,26.5,DEGRADED,15.4,7,154,True,True
2026-08-29T08:29:30,89.5,CAM-01,Sony FX6,Ariel,Location A - Ancestral House (Interior),interior,18.0,-52.6,79.2,0.95,23.5,OK,48.1,0,35,True,True
2026-08-29T08:29:30,89.5,CAM-02,Sony FX6,Marlon,Location A - Ancestral House (Interior),interior,32.0,-60.7,78.8,0.92,26.3,OK,48.1,2,62,True,True
2026-08-29T08:29:30,89.5,CAM-03,Sony FX3,Kiko,Location A - Ancestral House (Interior),interior,68.0,-69.0,67.5,0.61,26.4,DEGRADED,20.5,25,447,True,True
2026-08-29T08:29:30,89.5,CAM-04,Sony FX3,Dennis,Location A - Ancestral House (Interior),interior,45.0,-60.1,77.1,0.88,25.1,OK,49.3,0,36,True,True
2026-08-29T08:29:30,89.5,CAM-05,Blackmagic,Jorge,Location A - Ancestral House (Interior),interior,95.0,-71.1,75.0,0.79,26.8,DEGRADED,11.8,70,677,True,True
2026-08-29T08:30:00,90.0,CAM-01,Sony FX6,Ariel,Location A - Ancestral House (Interior),interior,18.0,-54.0,79.1,0.95,27.0,OK,46.9,0,35,True,True
2026-08-29T08:30:00,90.0,CAM-02,Sony FX6,Marlon,Location A - Ancestral House (Interior),interior,32.0,-54.0,78.1,0.92,25.7,OK,49.0,0,35,True,True
2026-08-29T08:30:00,90.0,CAM-03,Sony FX3,Kiko,Location A - Ancestral House (Interior),interior,68.0,-72.0,68.0,0.61,26.0,CRITICAL,7.2,65,213,True,True
2026-08-29T08:30:00,90.0,CAM-04,Sony FX3,Dennis,Location A - Ancestral House (Interior),interior,45.0,-61.9,78.0,0.88,26.4,OK,43.6,11,131,True,True
2026-08-29T08:30:00,90.0,CAM-05,Blackmagic,Jorge,Location A - Ancestral House (Interior),interior,95.0,-70.3,75.0,0.79,26.7,DEGRADED,16.0,21,239,True,True
2026-08-29T08:30:30,90.5,CAM-01,Sony FX6,Ariel,Location A - Ancestral House (Interior),interior,18.0,-53.6,79.1,0.95,27.6,OK,49.9,0,35,True,True
2026-08-29T08:30:30,90.5,CAM-02,Sony FX6,Marlon,Location A - Ancestral House (Interior),interior,32.0,-54.8,78.2,0.92,25.9,OK,47.3,0,35,True,True
2026-08-29T08:30:30,90.5,CAM-03,Sony FX3,Kiko,Location A - Ancestral House (Interior),interior,68.0,-71.6,66.6,0.61,24.1,DEGRADED,9.3,97,533,True,True
2026-08-29T08:30:30,90.5,CAM-04,Sony FX3,Dennis,Location A - Ancestral House (Interior),interior,45.0,-60.2,77.8,0.88,27.1,OK,46.5,1,38,True,True
2026-08-29T08:30:30,90.5,CAM-05,Blackmagic,Jorge,Location A - Ancestral House (Interior),interior,95.0,-75.6,75.2,0.79,26.1,DEGRADED,14.7,15,116,True,True
2026-08-29T08:31:00,91.0,CAM-01,Sony FX6,Ariel,Location A - Ancestral House (Interior),interior,18.0,-53.4,78.5,0.95,25.9,OK,48.5,0,35,True,True
2026-08-29T08:31:00,91.0,CAM-02,Sony FX6,Marlon,Location A - Ancestral House (Interior),interior,32.0,-60.2,78.4,0.92,27.0,OK,46.5,0,41,True,True
2026-08-29T08:31:00,91.0,CAM-03,Sony FX3,Kiko,Location A - Ancestral House (Interior),interior,68.0,-66.7,67.7,0.61,26.2,DEGRADED,28.7,57,330,True,True
2026-08-29T08:31:00,91.0,CAM-04,Sony FX3,Dennis,Location A - Ancestral House (Interior),interior,45.0,-59.5,77.3,0.88,25.5,OK,47.5,0,35,True,True
2026-08-29T08:31:00,91.0,CAM-05,Blackmagic,Jorge,Location A - Ancestral House (Interior),interior,95.0,-69.5,75.1,0.79,27.1,DEGRADED,16.7,23,445,True,True
2026-08-29T08:31:30,91.5,CAM-01,Sony FX6,Ariel,Location A - Ancestral House (Interior),interior,18.0,-51.4,78.5,0.95,24.1,OK,47.7,0,35,True,True
2026-08-29T08:31:30,91.5,CAM-02,Sony FX6,Marlon,Location A - Ancestral House (Interior),interior,32.0,-55.6,77.5,0.92,26.2,OK,46.2,0,35,True,True
2026-08-29T08:31:30,91.5,CAM-03,Sony FX3,Kiko,Location A - Ancestral House (Interior),interior,68.0,-68.0,66.6,0.61,24.3,DEGRADED,21.0,26,372,True,True
2026-08-29T08:31:30,91.5,CAM-04,Sony FX3,Dennis,Location A - Ancestral House (Interior),interior,45.0,-62.7,77.5,0.88,26.3,OK,39.2,13,191,True,True
2026-08-29T08:31:30,91.5,CAM-05,Blackmagic,Jorge,Location A - Ancestral House (Interior),interior,95.0,-69.2,74.7,0.79,26.1,DEGRADED,16.4,15,92,True,True
2026-08-29T08:32:00,92.0,CAM-01,Sony FX6,Ariel,Location A - Ancestral House (Interior),interior,18.0,-54.9,78.9,0.95,25.4,OK,45.0,0,35,True,True
2026-08-29T08:32:00,92.0,CAM-02,Sony FX6,Marlon,Location A - Ancestral House (Interior),interior,32.0,-55.1,78.3,0.92,26.0,OK,47.2,0,35,True,True
2026-08-29T08:32:00,92.0,CAM-03,Sony FX3,Kiko,Location A - Ancestral House (Interior),interior,68.0,-71.1,66.6,0.61,26.9,DEGRADED,13.2,31,411,True,True
2026-08-29T08:32:00,92.0,CAM-04,Sony FX3,Dennis,Location A - Ancestral House (Interior),interior,45.0,-58.9,76.6,0.88,26.2,OK,48.0,0,35,True,True
2026-08-29T08:32:00,92.0,CAM-05,Blackmagic,Jorge,Location A - Ancestral House (Interior),interior,95.0,-70.3,74.4,0.79,26.4,DEGRADED,13.0,44,467,True,True
2026-08-29T08:32:30,92.5,CAM-01,Sony FX6,Ariel,Location A - Ancestral House (Interior),interior,18.0,-52.9,78.4,0.95,24.4,OK,46.4,0,35,True,True
2026-08-29T08:32:30,92.5,CAM-02,Sony FX6,Marlon,Location A - Ancestral House (Interior),interior,32.0,-59.2,77.5,0.92,26.2,OK,47.8,0,35,True,True
2026-08-29T08:32:30,92.5,CAM-03,Sony FX3,Kiko,Location A - Ancestral House (Interior),interior,68.0,-68.7,66.8,0.61,25.5,DEGRADED,22.7,37,152,True,True
2026-08-29T08:32:30,92.5,CAM-04,Sony FX3,Dennis,Location A - Ancestral House (Interior),interior,45.0,-63.6,76.5,0.88,26.7,OK,37.6,26,93,True,True
2026-08-29T08:32:30,92.5,CAM-05,Blackmagic,Jorge,Location A - Ancestral House (Interior),interior,95.0,-70.6,73.8,0.79,26.9,DEGRADED,10.1,67,269,True,True
2026-08-29T08:33:00,93.0,CAM-01,Sony FX6,Ariel,Location A - Ancestral House (Interior),interior,18.0,-50.9,78.4,0.95,27.0,OK,50.2,0,35,True,True
2026-08-29T08:33:00,93.0,CAM-02,Sony FX6,Marlon,Location A - Ancestral House (Interior),interior,32.0,-59.4,77.6,0.92,26.3,OK,48.6,0,35,True,True
2026-08-29T08:33:00,93.0,CAM-03,Sony FX3,Kiko,Location A - Ancestral House (Interior),interior,68.0,-71.3,66.3,0.61,26.2,DEGRADED,11.6,10,616,True,True
2026-08-29T08:33:00,93.0,CAM-04,Sony FX3,Dennis,Location A - Ancestral House (Interior),interior,45.0,-63.1,76.3,0.88,26.9,OK,38.2,0,78,True,True
2026-08-29T08:33:00,93.0,CAM-05,Blackmagic,Jorge,Location A - Ancestral House (Interior),interior,95.0,-68.6,74.4,0.79,26.6,DEGRADED,19.5,64,441,True,True
2026-08-29T08:33:30,93.5,CAM-01,Sony FX6,Ariel,Location A - Ancestral House (Interior),interior,18.0,-54.3,78.1,0.95,25.4,OK,46.6,0,35,True,True
2026-08-29T08:33:30,93.5,CAM-02,Sony FX6,Marlon,Location A - Ancestral House (Interior),interior,32.0,-58.2,77.6,0.92,26.4,OK,49.6,0,35,True,True
2026-08-29T08:33:30,93.5,CAM-03,Sony FX3,Kiko,Location A - Ancestral House (Interior),interior,68.0,-68.6,65.9,0.61,26.6,DEGRADED,20.5,9,324,True,True
2026-08-29T08:33:30,93.5,CAM-04,Sony FX3,Dennis,Location A - Ancestral House (Interior),interior,45.0,-58.4,76.8,0.88,26.1,OK,46.1,0,35,True,True
2026-08-29T08:33:30,93.5,CAM-05,Blackmagic,Jorge,Location A - Ancestral House (Interior),interior,95.0,-72.3,73.7,0.79,26.5,CRITICAL,11.2,78,751,True,True
2026-08-29T08:34:00,94.0,CAM-01,Sony FX6,Ariel,Location A - Ancestral House (Interior),interior,18.0,-55.1,78.3,0.95,25.9,OK,47.6,0,35,True,True
2026-08-29T08:34:00,94.0,CAM-02,Sony FX6,Marlon,Location A - Ancestral House (Interior),interior,32.0,-59.6,77.7,0.92,26.5,OK,45.6,0,35,True,True
2026-08-29T08:34:00,94.0,CAM-03,Sony FX3,Kiko,Location A - Ancestral House (Interior),interior,68.0,-67.8,66.0,0.61,26.2,DEGRADED,21.4,8,457,True,True
2026-08-29T08:34:00,94.0,CAM-04,Sony FX3,Dennis,Location A - Ancestral House (Interior),interior,45.0,-60.7,76.0,0.88,25.8,OK,46.6,4,50,True,True
2026-08-29T08:34:00,94.0,CAM-05,Blackmagic,Jorge,Location A - Ancestral House (Interior),interior,95.0,-71.0,73.5,0.79,27.1,DEGRADED,14.2,89,310,True,True
2026-08-29T08:34:30,94.5,CAM-01,Sony FX6,Ariel,Location A - Ancestral House (Interior),interior,18.0,-53.3,78.6,0.95,24.3,OK,48.3,0,35,True,True
2026-08-29T08:34:30,94.5,CAM-02,Sony FX6,Marlon,Location A - Ancestral House (Interior),interior,32.0,-59.9,77.5,0.92,26.8,OK,49.8,0,35,True,True
2026-08-29T08:34:30,94.5,CAM-03,Sony FX3,Kiko,Location A - Ancestral House (Interior),interior,68.0,-68.7,66.1,0.61,25.9,DEGRADED,19.7,11,484,True,True
2026-08-29T08:34:30,94.5,CAM-04,Sony FX3,Dennis,Location A - Ancestral House (Interior),interior,45.0,-61.5,76.4,0.88,25.1,OK,45.8,8,107,True,True
2026-08-29T08:34:30,94.5,CAM-05,Blackmagic,Jorge,Location A - Ancestral House (Interior),interior,95.0,-73.3,73.3,0.79,27.0,CRITICAL,8.9,106,152,True,True
2026-08-29T08:35:00,95.0,CAM-01,Sony FX6,Ariel,Location A - Ancestral House (Interior),interior,18.0,-52.2,77.6,0.95,27.1,OK,47.9,0,35,True,True
2026-08-29T08:35:00,95.0,CAM-02,Sony FX6,Marlon,Location A - Ancestral House (Interior),interior,32.0,-58.2,76.6,0.92,26.0,OK,49.3,0,35,True,True
2026-08-29T08:35:00,95.0,CAM-03,Sony FX3,Kiko,Location A - Ancestral House (Interior),interior,68.0,-70.1,65.6,0.61,25.9,DEGRADED,15.6,92,98,True,True
2026-08-29T08:35:00,95.0,CAM-04,Sony FX3,Dennis,Location A - Ancestral House (Interior),interior,45.0,-63.9,76.4,0.88,27.0,OK,35.9,17,224,True,True
2026-08-29T08:35:00,95.0,CAM-05,Blackmagic,Jorge,Location A - Ancestral House (Interior),interior,95.0,-70.3,73.1,0.79,26.1,DEGRADED,17.0,1,498,True,True
2026-08-29T08:35:30,95.5,CAM-01,Sony FX6,Ariel,Location A - Ancestral House (Interior),interior,18.0,-52.7,77.8,0.95,25.7,OK,50.1,0,35,True,True
2026-08-29T08:35:30,95.5,CAM-02,Sony FX6,Marlon,Location A - Ancestral House (Interior),interior,32.0,-58.9,77.7,0.92,26.8,OK,46.1,0,35,True,True
2026-08-29T08:35:30,95.5,CAM-03,Sony FX3,Kiko,Location A - Ancestral House (Interior),interior,68.0,-68.4,64.8,0.61,24.8,DEGRADED,22.6,29,287,True,True
2026-08-29T08:35:30,95.5,CAM-04,Sony FX3,Dennis,Location A - Ancestral House (Interior),interior,45.0,-63.1,75.5,0.88,27.5,OK,39.4,9,53,True,True
2026-08-29T08:35:30,95.5,CAM-05,Blackmagic,Jorge,Location A - Ancestral House (Interior),interior,95.0,-72.9,73.5,0.79,26.9,CRITICAL,6.1,95,655,True,True
2026-08-29T08:36:00,96.0,CAM-01,Sony FX6,Ariel,Location A - Ancestral House (Interior),interior,18.0,-49.8,78.2,0.95,26.0,OK,47.5,0,35,True,True
2026-08-29T08:36:00,96.0,CAM-02,Sony FX6,Marlon,Location A - Ancestral House (Interior),interior,32.0,-57.0,76.9,0.92,25.3,OK,49.6,0,35,True,True
2026-08-29T08:36:00,96.0,CAM-03,Sony FX3,Kiko,Location A - Ancestral House (Interior),interior,68.0,-69.8,65.3,0.61,25.9,DEGRADED,15.7,89,205,True,True
2026-08-29T08:36:00,96.0,CAM-04,Sony FX3,Dennis,Location A - Ancestral House (Interior),interior,45.0,-58.3,76.3,0.88,27.0,OK,47.3,0,35,True,True
2026-08-29T08:36:00,96.0,CAM-05,Blackmagic,Jorge,Location A - Ancestral House (Interior),interior,95.0,-71.4,73.0,0.79,25.6,DEGRADED,12.5,72,257,True,True
2026-08-29T08:36:30,96.5,CAM-01,Sony FX6,Ariel,Location A - Ancestral House (Interior),interior,18.0,-51.9,77.8,0.95,25.0,OK,48.2,0,35,True,True
2026-08-29T08:36:30,96.5,CAM-02,Sony FX6,Marlon,Location A - Ancestral House (Interior),interior,32.0,-59.0,76.5,0.92,25.7,OK,50.0,0,35,True,True
2026-08-29T08:36:30,96.5,CAM-03,Sony FX3,Kiko,Location A - Ancestral House (Interior),interior,68.0,-67.1,64.3,0.61,27.5,DEGRADED,26.5,30,95,True,True
2026-08-29T08:36:30,96.5,CAM-04,Sony FX3,Dennis,Location A - Ancestral House (Interior),interior,45.0,-58.7,75.7,0.88,26.4,OK,47.8,0,35,True,True
2026-08-29T08:36:30,96.5,CAM-05,Blackmagic,Jorge,Location A - Ancestral House (Interior),interior,95.0,-75.8,73.1,0.79,24.9,DEGRADED,15.5,27,622,True,True
2026-08-29T08:37:00,97.0,CAM-01,Sony FX6,Ariel,Location A - Ancestral House (Interior),interior,18.0,-54.9,77.5,0.95,25.5,OK,49.3,0,35,True,True
2026-08-29T08:37:00,97.0,CAM-02,Sony FX6,Marlon,Location A - Ancestral House (Interior),interior,32.0,-53.7,77.1,0.92,26.2,OK,51.6,0,35,True,True
2026-08-29T08:37:00,97.0,CAM-03,Sony FX3,Kiko,Location A - Ancestral House (Interior),interior,68.0,-70.8,65.5,0.61,25.5,DEGRADED,15.2,70,587,True,True
2026-08-29T08:37:00,97.0,CAM-04,Sony FX3,Dennis,Location A - Ancestral House (Interior),interior,45.0,-61.9,75.9,0.88,27.0,OK,43.9,3,70,True,True
2026-08-29T08:37:00,97.0,CAM-05,Blackmagic,Jorge,Location A - Ancestral House (Interior),interior,95.0,-77.2,73.1,0.79,26.0,DEGRADED,13.5,35,349,True,True
2026-08-29T08:37:30,97.5,CAM-01,Sony FX6,Ariel,Location A - Ancestral House (Interior),interior,18.0,-51.3,78.2,0.95,25.8,OK,46.8,0,35,True,True
2026-08-29T08:37:30,97.5,CAM-02,Sony FX6,Marlon,Location A - Ancestral House (Interior),interior,32.0,-58.9,76.1,0.92,26.3,OK,48.9,0,35,True,True
2026-08-29T08:37:30,97.5,CAM-03,Sony FX3,Kiko,Location A - Ancestral House (Interior),interior,68.0,-67.8,65.1,0.61,26.4,DEGRADED,24.8,2,204,True,True
2026-08-29T08:37:30,97.5,CAM-04,Sony FX3,Dennis,Location A - Ancestral House (Interior),interior,45.0,-61.3,75.9,0.88,25.5,OK,43.6,3,107,True,True
2026-08-29T08:37:30,97.5,CAM-05,Blackmagic,Jorge,Location A - Ancestral House (Interior),interior,95.0,-73.5,73.1,0.79,26.5,CRITICAL,6.1,40,92,True,True
2026-08-29T08:38:00,98.0,CAM-01,Sony FX6,Ariel,Location A - Ancestral House (Interior),interior,18.0,-54.2,76.2,0.95,25.4,OK,50.0,0,35,True,True
2026-08-29T08:38:00,98.0,CAM-02,Sony FX6,Marlon,Location A - Ancestral House (Interior),interior,32.0,-52.0,76.2,0.92,25.6,OK,47.6,0,35,True,True
2026-08-29T08:38:00,98.0,CAM-03,Sony FX3,Kiko,Location A - Ancestral House (Interior),interior,68.0,-72.2,64.9,0.61,25.8,CRITICAL,5.8,15,460,True,True
2026-08-29T08:38:00,98.0,CAM-04,Sony FX3,Dennis,Location A - Ancestral House (Interior),interior,45.0,-60.9,75.9,0.88,26.5,OK,43.7,0,41,True,True
2026-08-29T08:38:00,98.0,CAM-05,Blackmagic,Jorge,Location A - Ancestral House (Interior),interior,95.0,-73.2,72.3,0.79,26.3,CRITICAL,9.2,34,104,True,True
2026-08-29T08:38:30,98.5,CAM-01,Sony FX6,Ariel,Location A - Ancestral House (Interior),interior,18.0,-56.1,77.1,0.95,25.8,OK,47.4,0,35,True,True
2026-08-29T08:38:30,98.5,CAM-02,Sony FX6,Marlon,Location A - Ancestral House (Interior),interior,32.0,-59.0,76.9,0.92,27.6,OK,46.9,0,35,True,True
2026-08-29T08:38:30,98.5,CAM-03,Sony FX3,Kiko,Location A - Ancestral House (Interior),interior,68.0,-67.7,64.2,0.61,25.5,DEGRADED,24.2,25,487,True,True
2026-08-29T08:38:30,98.5,CAM-04,Sony FX3,Dennis,Location A - Ancestral House (Interior),interior,45.0,-59.5,75.3,0.88,25.9,OK,46.4,0,35,True,True
2026-08-29T08:38:30,98.5,CAM-05,Blackmagic,Jorge,Location A - Ancestral House (Interior),interior,95.0,-72.3,73.3,0.79,26.8,CRITICAL,8.3,102,180,True,True
2026-08-29T08:39:00,99.0,CAM-01,Sony FX6,Ariel,Location A - Ancestral House (Interior),interior,18.0,-54.6,77.0,0.95,26.2,OK,49.6,0,35,True,True
2026-08-29T08:39:00,99.0,CAM-02,Sony FX6,Marlon,Location A - Ancestral House (Interior),interior,32.0,-52.7,76.7,0.92,26.0,OK,47.4,0,35,True,True
2026-08-29T08:39:00,99.0,CAM-03,Sony FX3,Kiko,Location A - Ancestral House (Interior),interior,68.0,-71.4,64.6,0.61,25.7,DEGRADED,9.1,14,199,True,True
2026-08-29T08:39:00,99.0,CAM-04,Sony FX3,Dennis,Location A - Ancestral House (Interior),interior,45.0,-62.2,75.6,0.88,27.4,OK,41.7,17,81,True,True
2026-08-29T08:39:00,99.0,CAM-05,Blackmagic,Jorge,Location A - Ancestral House (Interior),interior,95.0,-73.6,72.3,0.79,26.1,CRITICAL,4.5,33,817,True,True
2026-08-29T08:39:30,99.5,CAM-01,Sony FX6,Ariel,Location A - Ancestral House (Interior),interior,18.0,-52.5,76.6,0.95,25.0,OK,45.4,0,35,True,True
2026-08-29T08:39:30,99.5,CAM-02,Sony FX6,Marlon,Location A - Ancestral House (Interior),interior,32.0,-58.4,75.9,0.92,26.5,OK,48.8,0,35,True,True
2026-08-29T08:39:30,99.5,CAM-03,Sony FX3,Kiko,Location A - Ancestral House (Interior),interior,68.0,-69.1,63.6,0.61,24.5,DEGRADED,17.7,53,313,True,True
2026-08-29T08:39:30,99.5,CAM-04,Sony FX3,Dennis,Location A - Ancestral House (Interior),interior,45.0,-60.5,74.9,0.88,25.0,OK,46.2,3,41,True,True
2026-08-29T08:39:30,99.5,CAM-05,Blackmagic,Jorge,Location A - Ancestral House (Interior),interior,95.0,-69.5,72.4,0.79,26.3,DEGRADED,17.0,14,218,True,True
2026-08-29T08:40:00,100.0,CAM-01,Sony FX6,Ariel,Location A - Ancestral House (Interior),interior,18.0,-58.0,77.3,0.95,25.6,OK,49.0,0,35,True,True
2026-08-29T08:40:00,100.0,CAM-02,Sony FX6,Marlon,Location A - Ancestral House (Interior),interior,32.0,-61.5,76.0,0.92,26.1,OK,43.8,10,86,True,True
2026-08-29T08:40:00,100.0,CAM-03,Sony FX3,Kiko,Location A - Ancestral House (Interior),interior,68.0,-66.2,63.4,0.61,25.7,DEGRADED,27.0,39,298,True,True
2026-08-29T08:40:00,100.0,CAM-04,Sony FX3,Dennis,Location A - Ancestral House (Interior),interior,45.0,-57.8,75.3,0.88,26.1,OK,47.8,0,35,True,True
2026-08-29T08:40:00,100.0,CAM-05,Blackmagic,Jorge,Location A - Ancestral House (Interior),interior,95.0,-73.3,72.2,0.79,26.3,CRITICAL,5.1,19,252,True,True
2026-08-29T08:40:30,100.5,CAM-01,Sony FX6,Ariel,Location A - Ancestral House (Interior),interior,18.0,-52.0,77.5,0.95,24.9,OK,46.1,0,35,True,True
2026-08-29T08:40:30,100.5,CAM-02,Sony FX6,Marlon,Location A - Ancestral House (Interior),interior,32.0,-61.3,75.8,0.92,26.7,OK,44.9,0,99,True,True
2026-08-29T08:40:30,100.5,CAM-03,Sony FX3,Kiko,Location A - Ancestral House (Interior),interior,68.0,-66.8,63.5,0.61,25.7,DEGRADED,27.6,51,401,True,True
2026-08-29T08:40:30,100.5,CAM-04,Sony FX3,Dennis,Location A - Ancestral House (Interior),interior,45.0,-63.2,74.5,0.88,25.3,OK,39.7,0,193,True,True
2026-08-29T08:40:30,100.5,CAM-05,Blackmagic,Jorge,Location A - Ancestral House (Interior),interior,95.0,-70.6,72.8,0.79,26.4,DEGRADED,14.9,12,154,True,True
2026-08-29T08:41:00,101.0,CAM-01,Sony FX6,Ariel,Location A - Ancestral House (Interior),interior,18.0,-50.8,76.9,0.95,26.1,OK,47.4,0,35,True,True
2026-08-29T08:41:00,101.0,CAM-02,Sony FX6,Marlon,Location A - Ancestral House (Interior),interior,32.0,-56.8,75.9,0.92,26.3,OK,46.3,0,35,True,True
2026-08-29T08:41:00,101.0,CAM-03,Sony FX3,Kiko,Location A - Ancestral House (Interior),interior,68.0,-69.0,63.7,0.61,25.3,DEGRADED,17.0,65,534,True,True
2026-08-29T08:41:00,101.0,CAM-04,Sony FX3,Dennis,Location A - Ancestral House (Interior),interior,45.0,-58.8,75.6,0.88,26.3,OK,49.3,0,35,True,True
2026-08-29T08:41:00,101.0,CAM-05,Blackmagic,Jorge,Location A - Ancestral House (Interior),interior,95.0,-66.3,71.5,0.79,25.7,DEGRADED,28.6,29,317,True,True
2026-08-29T08:41:30,101.5,CAM-01,Sony FX6,Ariel,Location A - Ancestral House (Interior),interior,18.0,-53.6,77.0,0.95,26.9,OK,49.1,0,35,True,True
2026-08-29T08:41:30,101.5,CAM-02,Sony FX6,Marlon,Location A - Ancestral House (Interior),interior,32.0,-57.1,76.0,0.92,26.8,OK,46.9,0,35,True,True
2026-08-29T08:41:30,101.5,CAM-03,Sony FX3,Kiko,Location A - Ancestral House (Interior),interior,68.0,-68.4,63.9,0.61,25.8,DEGRADED,19.7,46,275,True,True
2026-08-29T08:41:30,101.5,CAM-04,Sony FX3,Dennis,Location A - Ancestral House (Interior),interior,45.0,-58.8,74.6,0.88,25.5,OK,49.2,0,35,True,True
2026-08-29T08:41:30,101.5,CAM-05,Blackmagic,Jorge,Location A - Ancestral House (Interior),interior,95.0,-66.5,72.5,0.79,26.3,DEGRADED,27.7,8,338,True,True
2026-08-29T08:42:00,102.0,CAM-01,Sony FX6,Ariel,Location A - Ancestral House (Interior),interior,18.0,-54.6,75.9,0.95,26.7,OK,48.3,0,35,True,True
2026-08-29T08:42:00,102.0,CAM-02,Sony FX6,Marlon,Location A - Ancestral House (Interior),interior,32.0,-59.3,75.4,0.92,26.9,OK,47.8,0,35,True,True
2026-08-29T08:42:00,102.0,CAM-03,Sony FX3,Kiko,Location A - Ancestral House (Interior),interior,68.0,-68.1,63.0,0.61,27.4,DEGRADED,23.3,35,375,True,True
2026-08-29T08:42:00,102.0,CAM-04,Sony FX3,Dennis,Location A - Ancestral House (Interior),interior,45.0,-56.7,75.8,0.88,25.6,OK,48.0,0,35,True,True
2026-08-29T08:42:00,102.0,CAM-05,Blackmagic,Jorge,Location A - Ancestral House (Interior),interior,95.0,-70.3,71.7,0.79,25.1,DEGRADED,16.2,9,609,True,True
2026-08-29T08:42:30,102.5,CAM-01,Sony FX6,Ariel,Location A - Ancestral House (Interior),interior,18.0,-53.0,76.2,0.95,26.7,OK,47.8,0,35,True,True
2026-08-29T08:42:30,102.5,CAM-02,Sony FX6,Marlon,Location A - Ancestral House (Interior),interior,32.0,-54.8,76.0,0.92,25.9,OK,46.8,0,35,True,True
2026-08-29T08:42:30,102.5,CAM-03,Sony FX3,Kiko,Location A - Ancestral House (Interior),interior,68.0,-69.6,63.7,0.61,25.5,DEGRADED,16.1,42,397,True,True
2026-08-29T08:42:30,102.5,CAM-04,Sony FX3,Dennis,Location A - Ancestral House (Interior),interior,45.0,-62.2,74.6,0.88,25.8,OK,43.5,2,74,True,True
2026-08-29T08:42:30,102.5,CAM-05,Blackmagic,Jorge,Location A - Ancestral House (Interior),interior,95.0,-74.4,71.5,0.79,26.2,CRITICAL,2.4,7,147,True,True
2026-08-29T08:43:00,103.0,CAM-01,Sony FX6,Ariel,Location A - Ancestral House (Interior),interior,18.0,-56.4,75.2,0.95,25.1,OK,49.5,0,35,True,True
2026-08-29T08:43:00,103.0,CAM-02,Sony FX6,Marlon,Location A - Ancestral House (Interior),interior,32.0,-57.1,75.5,0.92,26.0,OK,45.4,0,35,True,True
2026-08-29T08:43:00,103.0,CAM-03,Sony FX3,Kiko,Location A - Ancestral House (Interior),interior,68.0,-70.4,62.5,0.61,25.9,DEGRADED,16.1,83,394,True,True
2026-08-29T08:43:00,103.0,CAM-04,Sony FX3,Dennis,Location A - Ancestral House (Interior),interior,45.0,-59.6,74.2,0.88,24.4,OK,49.4,0,35,True,True
2026-08-29T08:43:00,103.0,CAM-05,Blackmagic,Jorge,Location A - Ancestral House (Interior),interior,95.0,-73.1,71.6,0.79,27.0,CRITICAL,6.5,105,309,True,True
2026-08-29T08:43:30,103.5,CAM-01,Sony FX6,Ariel,Location A - Ancestral House (Interior),interior,18.0,-54.5,75.6,0.95,26.8,OK,49.8,0,35,True,True
2026-08-29T08:43:30,103.5,CAM-02,Sony FX6,Marlon,Location A - Ancestral House (Interior),interior,32.0,-59.2,74.7,0.92,25.6,OK,46.2,0,35,True,True
2026-08-29T08:43:30,103.5,CAM-03,Sony FX3,Kiko,Location A - Ancestral House (Interior),interior,68.0,-71.2,62.7,0.61,23.9,DEGRADED,12.3,64,301,True,True
2026-08-29T08:43:30,103.5,CAM-04,Sony FX3,Dennis,Location A - Ancestral House (Interior),interior,45.0,-58.2,74.1,0.88,26.2,OK,48.1,0,35,True,True
2026-08-29T08:43:30,103.5,CAM-05,Blackmagic,Jorge,Location A - Ancestral House (Interior),interior,95.0,-71.4,71.1,0.79,26.6,DEGRADED,10.7,10,300,True,True
2026-08-29T08:44:00,104.0,CAM-01,Sony FX6,Ariel,Location A - Ancestral House (Interior),interior,18.0,-55.1,76.2,0.95,25.7,OK,47.0,0,35,True,True
2026-08-29T08:44:00,104.0,CAM-02,Sony FX6,Marlon,Location A - Ancestral House (Interior),interior,32.0,-57.1,75.1,0.92,25.8,OK,49.3,0,35,True,True
2026-08-29T08:44:00,104.0,CAM-03,Sony FX3,Kiko,Location A - Ancestral House (Interior),interior,68.0,-73.3,62.7,0.61,24.4,CRITICAL,4.1,33,606,True,True
2026-08-29T08:44:00,104.0,CAM-04,Sony FX3,Dennis,Location A - Ancestral House (Interior),interior,45.0,-65.6,73.4,0.88,25.4,DEGRADED,31.1,29,310,True,True
2026-08-29T08:44:00,104.0,CAM-05,Blackmagic,Jorge,Location A - Ancestral House (Interior),interior,95.0,-68.7,71.4,0.79,25.5,DEGRADED,21.7,62,235,True,True
2026-08-29T08:44:30,104.5,CAM-01,Sony FX6,Ariel,Location A - Ancestral House (Interior),interior,18.0,-55.4,75.5,0.95,25.1,OK,48.7,0,35,True,True
2026-08-29T08:44:30,104.5,CAM-02,Sony FX6,Marlon,Location A - Ancestral House (Interior),interior,32.0,-56.3,74.6,0.92,25.9,OK,48.5,0,35,True,True
2026-08-29T08:44:30,104.5,CAM-03,Sony FX3,Kiko,Location A - Ancestral House (Interior),interior,68.0,-68.5,63.0,0.61,27.3,DEGRADED,22.4,7,229,True,True
2026-08-29T08:44:30,104.5,CAM-04,Sony FX3,Dennis,Location A - Ancestral House (Interior),interior,45.0,-56.5,74.2,0.88,25.5,OK,48.2,0,35,True,True
2026-08-29T08:44:30,104.5,CAM-05,Blackmagic,Jorge,Location A - Ancestral House (Interior),interior,95.0,-72.6,71.6,0.79,25.1,CRITICAL,8.4,23,369,True,True
2026-08-29T08:45:00,105.0,CAM-01,Sony FX6,Ariel,Location A - Ancestral House (Interior),interior,18.0,-55.5,75.4,0.95,26.0,OK,47.1,0,35,True,True
2026-08-29T08:45:00,105.0,CAM-02,Sony FX6,Marlon,Location A - Ancestral House (Interior),interior,32.0,-55.9,74.5,0.92,26.5,OK,51.7,0,35,True,True
2026-08-29T08:45:00,105.0,CAM-03,Sony FX3,Kiko,Location A - Ancestral House (Interior),interior,68.0,-66.5,61.9,0.61,25.0,DEGRADED,25.5,26,267,True,True
2026-08-29T08:45:00,105.0,CAM-04,Sony FX3,Dennis,Location A - Ancestral House (Interior),interior,45.0,-62.0,73.4,0.88,25.7,OK,42.2,2,119,True,True
2026-08-29T08:45:00,105.0,CAM-05,Blackmagic,Jorge,Location A - Ancestral House (Interior),interior,95.0,-72.1,71.2,0.79,25.4,CRITICAL,11.8,7,221,True,True
2026-08-29T08:45:30,105.5,CAM-01,Sony FX6,Ariel,Location A - Ancestral House (Interior),interior,18.0,-57.3,76.0,0.95,25.6,OK,47.1,0,35,True,True
2026-08-29T08:45:30,105.5,CAM-02,Sony FX6,Marlon,Location A - Ancestral House (Interior),interior,32.0,-56.7,74.9,0.92,26.0,OK,50.8,0,35,True,True
2026-08-29T08:45:30,105.5,CAM-03,Sony FX3,Kiko,Location A - Ancestral House (Interior),interior,68.0,-71.9,62.2,0.61,26.5,DEGRADED,10.1,15,254,True,True
2026-08-29T08:45:30,105.5,CAM-04,Sony FX3,Dennis,Location A - Ancestral House (Interior),interior,45.0,-59.1,73.1,0.88,26.7,OK,50.6,0,35,True,True
2026-08-29T08:45:30,105.5,CAM-05,Blackmagic,Jorge,Location A - Ancestral House (Interior),interior,95.0,-67.0,70.7,0.79,26.9,DEGRADED,26.6,56,416,True,True
2026-08-29T08:46:00,106.0,CAM-01,Sony FX6,Ariel,Location A - Ancestral House (Interior),interior,18.0,-55.5,75.7,0.95,25.8,OK,47.5,0,35,True,True
2026-08-29T08:46:00,106.0,CAM-02,Sony FX6,Marlon,Location A - Ancestral House (Interior),interior,32.0,-57.1,74.8,0.92,25.8,OK,44.5,0,35,True,True
2026-08-29T08:46:00,106.0,CAM-03,Sony FX3,Kiko,Location A - Ancestral House (Interior),interior,68.0,-64.2,61.5,0.61,26.0,OK,37.7,9,80,True,True
2026-08-29T08:46:00,106.0,CAM-04,Sony FX3,Dennis,Location A - Ancestral House (Interior),interior,45.0,-59.5,73.2,0.88,25.3,OK,47.2,0,35,True,True
2026-08-29T08:46:00,106.0,CAM-05,Blackmagic,Jorge,Location A - Ancestral House (Interior),interior,95.0,-72.4,70.6,0.79,27.0,CRITICAL,11.9,50,261,True,True
2026-08-29T08:46:30,106.5,CAM-01,Sony FX6,Ariel,Location A - Ancestral House (Interior),interior,18.0,-55.9,75.1,0.95,24.6,OK,50.6,0,35,True,True
2026-08-29T08:46:30,106.5,CAM-02,Sony FX6,Marlon,Location A - Ancestral House (Interior),interior,32.0,-60.1,73.6,0.92,27.4,OK,45.3,0,39,True,True
2026-08-29T08:46:30,106.5,CAM-03,Sony FX3,Kiko,Location A - Ancestral House (Interior),interior,68.0,-68.8,61.5,0.61,27.1,DEGRADED,19.4,69,396,True,True
2026-08-29T08:46:30,106.5,CAM-04,Sony FX3,Dennis,Location A - Ancestral House (Interior),interior,45.0,-57.0,73.2,0.88,26.1,OK,46.9,0,35,True,True
2026-08-29T08:46:30,106.5,CAM-05,Blackmagic,Jorge,Location A - Ancestral House (Interior),interior,95.0,-69.3,70.2,0.79,26.2,DEGRADED,17.5,75,518,True,True
2026-08-29T08:47:00,107.0,CAM-01,Sony FX6,Ariel,Location A - Ancestral House (Interior),interior,18.0,-57.5,75.8,0.95,24.3,OK,50.6,0,35,True,True
2026-08-29T08:47:00,107.0,CAM-02,Sony FX6,Marlon,Location A - Ancestral House (Interior),interior,32.0,-57.1,74.1,0.92,26.4,OK,51.1,0,35,True,True
2026-08-29T08:47:00,107.0,CAM-03,Sony FX3,Kiko,Location A - Ancestral House (Interior),interior,68.0,-66.3,60.9,0.61,25.8,DEGRADED,28.1,50,350,True,True
2026-08-29T08:47:00,107.0,CAM-04,Sony FX3,Dennis,Location A - Ancestral House (Interior),interior,45.0,-57.8,73.1,0.88,24.7,OK,49.5,0,35,True,True
2026-08-29T08:47:00,107.0,CAM-05,Blackmagic,Jorge,Location A - Ancestral House (Interior),interior,95.0,-69.6,69.5,0.79,25.7,DEGRADED,15.6,31,397,True,True
2026-08-29T08:47:30,107.5,CAM-01,Sony FX6,Ariel,Location A - Ancestral House (Interior),interior,18.0,-52.4,74.5,0.95,25.8,OK,48.1,0,35,True,True
2026-08-29T08:47:30,107.5,CAM-02,Sony FX6,Marlon,Location A - Ancestral House (Interior),interior,32.0,-60.4,73.8,0.92,26.5,OK,47.9,2,43,True,True
2026-08-29T08:47:30,107.5,CAM-03,Sony FX3,Kiko,Location A - Ancestral House (Interior),interior,68.0,-67.9,61.3,0.61,23.9,DEGRADED,22.3,61,404,True,True
2026-08-29T08:47:30,107.5,CAM-04,Sony FX3,Dennis,Location A - Ancestral House (Interior),interior,45.0,-58.2,72.6,0.88,26.2,OK,46.7,0,35,True,True
2026-08-29T08:47:30,107.5,CAM-05,Blackmagic,Jorge,Location A - Ancestral House (Interior),interior,95.0,-71.6,70.7,0.79,26.7,DEGRADED,8.5,21,350,True,True
2026-08-29T08:48:00,108.0,CAM-01,Sony FX6,Ariel,Location A - Ancestral House (Interior),interior,18.0,-51.9,75.7,0.95,27.6,OK,46.9,0,35,True,True
2026-08-29T08:48:00,108.0,CAM-02,Sony FX6,Marlon,Location A - Ancestral House (Interior),interior,32.0,-55.0,73.9,0.92,24.8,OK,45.7,0,35,True,True
2026-08-29T08:48:00,108.0,CAM-03,Sony FX3,Kiko,Location A - Ancestral House (Interior),interior,68.0,-69.4,60.8,0.61,25.3,DEGRADED,18.8,22,119,True,True
2026-08-29T08:48:00,108.0,CAM-04,Sony FX3,Dennis,Location A - Ancestral House (Interior),interior,45.0,-63.8,73.7,0.88,26.9,OK,37.4,15,245,True,True
2026-08-29T08:48:00,108.0,CAM-05,Blackmagic,Jorge,Location A - Ancestral House (Interior),interior,95.0,-74.5,70.1,0.79,26.9,CRITICAL,3.2,25,792,True,True
2026-08-29T08:48:30,108.5,CAM-01,Sony FX6,Ariel,Location A - Ancestral House (Interior),interior,18.0,-53.4,74.6,0.95,25.6,OK,48.0,0,35,True,True
2026-08-29T08:48:30,108.5,CAM-02,Sony FX6,Marlon,Location A - Ancestral House (Interior),interior,32.0,-56.0,74.0,0.92,25.6,OK,46.6,0,35,True,True
2026-08-29T08:48:30,108.5,CAM-03,Sony FX3,Kiko,Location A - Ancestral House (Interior),interior,68.0,-69.4,61.2,0.61,24.7,DEGRADED,15.7,32,432,True,True
2026-08-29T08:48:30,108.5,CAM-04,Sony FX3,Dennis,Location A - Ancestral House (Interior),interior,45.0,-60.5,72.9,0.88,26.5,OK,47.4,3,56,True,True
2026-08-29T08:48:30,108.5,CAM-05,Blackmagic,Jorge,Location A - Ancestral House (Interior),interior,95.0,-72.1,69.2,0.79,25.9,CRITICAL,8.1,10,123,True,True
2026-08-29T08:49:00,109.0,CAM-01,Sony FX6,Ariel,Location A - Ancestral House (Interior),interior,18.0,-54.6,75.0,0.95,28.3,OK,45.2,0,35,True,True
2026-08-29T08:49:00,109.0,CAM-02,Sony FX6,Marlon,Location A - Ancestral House (Interior),interior,32.0,-60.8,73.6,0.92,26.6,OK,45.8,4,51,True,True
2026-08-29T08:49:00,109.0,CAM-03,Sony FX3,Kiko,Location A - Ancestral House (Interior),interior,68.0,-70.7,60.9,0.61,27.0,DEGRADED,13.4,57,233,True,True
2026-08-29T08:49:00,109.0,CAM-04,Sony FX3,Dennis,Location A - Ancestral House (Interior),interior,45.0,-65.2,72.7,0.88,26.3,OK,30.8,15,210,True,True
2026-08-29T08:49:00,109.0,CAM-05,Blackmagic,Jorge,Location A - Ancestral House (Interior),interior,95.0,-70.7,69.8,0.79,26.4,DEGRADED,14.0,87,578,True,True
2026-08-29T08:49:30,109.5,CAM-01,Sony FX6,Ariel,Location A - Ancestral House (Interior),interior,18.0,-53.9,73.7,0.95,25.7,OK,51.0,0,35,True,True
2026-08-29T08:49:30,109.5,CAM-02,Sony FX6,Marlon,Location A - Ancestral House (Interior),interior,32.0,-57.9,74.2,0.92,26.5,OK,47.2,0,35,True,True
2026-08-29T08:49:30,109.5,CAM-03,Sony FX3,Kiko,Location A - Ancestral House (Interior),interior,68.0,-66.5,61.1,0.61,25.2,DEGRADED,25.0,3,115,True,True
2026-08-29T08:49:30,109.5,CAM-04,Sony FX3,Dennis,Location A - Ancestral House (Interior),interior,45.0,-60.1,72.7,0.88,25.9,OK,50.0,0,40,True,True
2026-08-29T08:49:30,109.5,CAM-05,Blackmagic,Jorge,Location A - Ancestral House (Interior),interior,95.0,-70.8,69.5,0.79,25.2,DEGRADED,15.3,48,376,True,True
2026-08-29T08:50:00,110.0,CAM-01,Sony FX6,Ariel,Location A - Ancestral House (Interior),interior,18.0,-51.3,73.9,0.95,26.3,OK,48.5,0,35,True,True
2026-08-29T08:50:00,110.0,CAM-02,Sony FX6,Marlon,Location A - Ancestral House (Interior),interior,32.0,-56.5,74.1,0.92,25.8,OK,51.1,0,35,True,True
2026-08-29T08:50:00,110.0,CAM-03,Sony FX3,Kiko,Location A - Ancestral House (Interior),interior,68.0,-66.4,60.2,0.61,25.3,DEGRADED,26.9,4,335,True,True
2026-08-29T08:50:00,110.0,CAM-04,Sony FX3,Dennis,Location A - Ancestral House (Interior),interior,45.0,-62.2,71.8,0.88,27.2,OK,41.3,13,92,True,True
2026-08-29T08:50:00,110.0,CAM-05,Blackmagic,Jorge,Location A - Ancestral House (Interior),interior,95.0,-75.9,68.8,0.79,26.2,DEGRADED,14.9,7,545,True,True
2026-08-29T08:50:30,110.5,CAM-01,Sony FX6,Ariel,Location A - Ancestral House (Interior),interior,18.0,-55.1,74.0,0.95,27.0,OK,47.4,0,35,True,True
2026-08-29T08:50:30,110.5,CAM-02,Sony FX6,Marlon,Location A - Ancestral House (Interior),interior,32.0,-60.8,72.8,0.92,25.4,OK,47.6,5,81,True,True
2026-08-29T08:50:30,110.5,CAM-03,Sony FX3,Kiko,Location A - Ancestral House (Interior),interior,68.0,-70.4,60.0,0.61,27.1,DEGRADED,15.4,31,108,True,True
2026-08-29T08:50:30,110.5,CAM-04,Sony FX3,Dennis,Location A - Ancestral House (Interior),interior,45.0,-55.3,72.8,0.88,25.4,OK,49.0,0,35,True,True
2026-08-29T08:50:30,110.5,CAM-05,Blackmagic,Jorge,Location A - Ancestral House (Interior),interior,95.0,-70.7,69.1,0.79,26.3,DEGRADED,13.0,77,248,True,True
2026-08-29T08:51:00,111.0,CAM-01,Sony FX6,Ariel,Location A - Ancestral House (Interior),interior,18.0,-53.7,73.7,0.95,26.7,OK,49.2,0,35,True,True
2026-08-29T08:51:00,111.0,CAM-02,Sony FX6,Marlon,Location A - Ancestral House (Interior),interior,32.0,-59.0,74.0,0.92,26.8,OK,49.6,0,35,True,True
2026-08-29T08:51:00,111.0,CAM-03,Sony FX3,Kiko,Location A - Ancestral House (Interior),interior,68.0,-73.6,60.0,0.61,25.0,CRITICAL,4.8,53,665,True,True
2026-08-29T08:51:00,111.0,CAM-04,Sony FX3,Dennis,Location A - Ancestral House (Interior),interior,45.0,-59.0,71.7,0.88,25.2,OK,48.6,0,35,True,True
2026-08-29T08:51:00,111.0,CAM-05,Blackmagic,Jorge,Location A - Ancestral House (Interior),interior,95.0,-72.9,69.2,0.79,25.8,CRITICAL,5.9,59,541,True,True
2026-08-29T08:51:30,111.5,CAM-01,Sony FX6,Ariel,Location A - Ancestral House (Interior),interior,18.0,-55.6,74.1,0.95,24.4,OK,49.3,0,35,True,True
2026-08-29T08:51:30,111.5,CAM-02,Sony FX6,Marlon,Location A - Ancestral House (Interior),interior,32.0,-54.5,74.0,0.92,26.5,OK,46.5,0,35,True,True
2026-08-29T08:51:30,111.5,CAM-03,Sony FX3,Kiko,Location A - Ancestral House (Interior),interior,68.0,-68.4,59.8,0.61,26.7,DEGRADED,22.1,7,379,True,True
2026-08-29T08:51:30,111.5,CAM-04,Sony FX3,Dennis,Location A - Ancestral House (Interior),interior,45.0,-61.7,72.0,0.88,26.0,OK,43.2,7,52,True,True
2026-08-29T08:51:30,111.5,CAM-05,Blackmagic,Jorge,Location A - Ancestral House (Interior),interior,95.0,-72.1,68.7,0.79,26.3,CRITICAL,10.6,9,677,True,True
2026-08-29T08:52:00,112.0,CAM-01,Sony FX6,Ariel,Location A - Ancestral House (Interior),interior,18.0,-54.6,74.6,0.95,24.9,OK,48.6,0,35,True,True
2026-08-29T08:52:00,112.0,CAM-02,Sony FX6,Marlon,Location A - Ancestral House (Interior),interior,32.0,-53.4,73.0,0.92,26.2,OK,48.9,0,35,True,True
2026-08-29T08:52:00,112.0,CAM-03,Sony FX3,Kiko,Location A - Ancestral House (Interior),interior,68.0,-68.3,59.5,0.61,25.9,DEGRADED,21.4,9,148,True,True
2026-08-29T08:52:00,112.0,CAM-04,Sony FX3,Dennis,Location A - Ancestral House (Interior),interior,45.0,-63.5,72.1,0.88,27.4,OK,33.9,19,144,True,True
2026-08-29T08:52:00,112.0,CAM-05,Blackmagic,Jorge,Location A - Ancestral House (Interior),interior,95.0,-75.7,68.1,0.79,25.2,DEGRADED,17.6,64,297,True,True
2026-08-29T08:52:30,112.5,CAM-01,Sony FX6,Ariel,Location A - Ancestral House (Interior),interior,18.0,-54.2,74.1,0.95,26.4,OK,48.1,0,35,True,True
2026-08-29T08:52:30,112.5,CAM-02,Sony FX6,Marlon,Location A - Ancestral House (Interior),interior,32.0,-56.8,72.9,0.92,25.3,OK,46.3,0,35,True,True
2026-08-29T08:52:30,112.5,CAM-03,Sony FX3,Kiko,Location A - Ancestral House (Interior),interior,68.0,-68.7,59.2,0.61,25.7,DEGRADED,21.7,38,80,True,True
2026-08-29T08:52:30,112.5,CAM-04,Sony FX3,Dennis,Location A - Ancestral House (Interior),interior,45.0,-59.5,72.1,0.88,25.4,OK,44.3,0,35,True,True
2026-08-29T08:52:30,112.5,CAM-05,Blackmagic,Jorge,Location A - Ancestral House (Interior),interior,95.0,-72.6,68.5,0.79,24.6,CRITICAL,6.5,5,90,True,True
2026-08-29T08:53:00,113.0,CAM-01,Sony FX6,Ariel,Location A - Ancestral House (Interior),interior,18.0,-56.2,73.4,0.95,27.5,OK,47.6,0,35,True,True
2026-08-29T08:53:00,113.0,CAM-02,Sony FX6,Marlon,Location A - Ancestral House (Interior),interior,32.0,-59.5,72.9,0.92,25.1,OK,48.1,0,35,True,True
2026-08-29T08:53:00,113.0,CAM-03,Sony FX3,Kiko,Location A - Ancestral House (Interior),interior,68.0,-70.8,58.6,0.61,24.7,DEGRADED,13.6,53,333,True,True
2026-08-29T08:53:00,113.0,CAM-04,Sony FX3,Dennis,Location A - Ancestral House (Interior),interior,45.0,-60.5,71.9,0.88,26.6,OK,45.4,2,50,True,True
2026-08-29T08:53:00,113.0,CAM-05,Blackmagic,Jorge,Location A - Ancestral House (Interior),interior,95.0,-69.5,68.4,0.79,25.9,DEGRADED,17.3,25,175,True,True
2026-08-29T08:53:30,113.5,CAM-01,Sony FX6,Ariel,Location A - Ancestral House (Interior),interior,18.0,-54.7,74.0,0.95,26.3,OK,51.2,0,35,True,True
2026-08-29T08:53:30,113.5,CAM-02,Sony FX6,Marlon,Location A - Ancestral House (Interior),interior,32.0,-56.0,72.4,0.92,26.5,OK,48.9,0,35,True,True
2026-08-29T08:53:30,113.5,CAM-03,Sony FX3,Kiko,Location A - Ancestral House (Interior),interior,68.0,-67.4,58.5,0.61,25.9,DEGRADED,21.7,55,414,True,True
2026-08-29T08:53:30,113.5,CAM-04,Sony FX3,Dennis,Location A - Ancestral House (Interior),interior,45.0,-61.4,71.4,0.88,26.0,OK,41.3,1,56,True,True
2026-08-29T08:53:30,113.5,CAM-05,Blackmagic,Jorge,Location A - Ancestral House (Interior),interior,95.0,-72.1,68.3,0.79,23.8,CRITICAL,11.7,34,225,True,True
2026-08-29T08:54:00,114.0,CAM-01,Sony FX6,Ariel,Location A - Ancestral House (Interior),interior,18.0,-53.4,73.6,0.95,26.6,OK,47.0,0,35,True,True
2026-08-29T08:54:00,114.0,CAM-02,Sony FX6,Marlon,Location A - Ancestral House (Interior),interior,32.0,-57.3,72.7,0.92,26.8,OK,48.6,0,35,True,True
2026-08-29T08:54:00,114.0,CAM-03,Sony FX3,Kiko,Location A - Ancestral House (Interior),interior,68.0,-68.7,59.2,0.61,25.6,DEGRADED,21.3,3,497,True,True
2026-08-29T08:54:00,114.0,CAM-04,Sony FX3,Dennis,Location A - Ancestral House (Interior),interior,45.0,-60.3,71.7,0.88,25.6,OK,45.4,1,48,True,True
2026-08-29T08:54:00,114.0,CAM-05,Blackmagic,Jorge,Location A - Ancestral House (Interior),interior,95.0,-69.2,68.1,0.79,24.5,DEGRADED,19.3,9,126,True,True
2026-08-29T08:54:30,114.5,CAM-01,Sony FX6,Ariel,Location A - Ancestral House (Interior),interior,18.0,-56.7,73.0,0.95,27.4,OK,47.1,0,35,True,True
2026-08-29T08:54:30,114.5,CAM-02,Sony FX6,Marlon,Location A - Ancestral House (Interior),interior,32.0,-60.8,72.0,0.92,26.4,OK,45.0,2,57,True,True
2026-08-29T08:54:30,114.5,CAM-03,Sony FX3,Kiko,Location A - Ancestral House (Interior),interior,68.0,-72.6,58.7,0.61,26.9,CRITICAL,8.9,39,182,True,True
2026-08-29T08:54:30,114.5,CAM-04,Sony FX3,Dennis,Location A - Ancestral House (Interior),interior,45.0,-58.8,71.0,0.88,24.8,OK,49.3,0,35,True,True
2026-08-29T08:54:30,114.5,CAM-05,Blackmagic,Jorge,Location A - Ancestral House (Interior),interior,95.0,-72.8,68.5,0.79,26.7,CRITICAL,7.8,90,344,True,True
2026-08-29T08:55:00,115.0,CAM-01,Sony FX6,Ariel,Location A - Ancestral House (Interior),interior,18.0,-54.4,73.2,0.95,26.0,OK,46.4,0,35,True,True
2026-08-29T08:55:00,115.0,CAM-02,Sony FX6,Marlon,Location A - Ancestral House (Interior),interior,32.0,-59.7,72.7,0.92,24.5,OK,48.8,0,35,True,True
2026-08-29T08:55:00,115.0,CAM-03,Sony FX3,Kiko,Location A - Ancestral House (Interior),interior,68.0,-67.8,58.6,0.61,27.4,DEGRADED,23.2,68,103,True,True
2026-08-29T08:55:00,115.0,CAM-04,Sony FX3,Dennis,Location A - Ancestral House (Interior),interior,45.0,-62.6,72.3,0.88,26.1,OK,40.1,18,141,True,True
2026-08-29T08:55:00,115.0,CAM-05,Blackmagic,Jorge,Location A - Ancestral House (Interior),interior,95.0,-74.3,67.3,0.79,27.1,CRITICAL,3.0,95,621,True,True
2026-08-29T08:55:30,115.5,CAM-01,Sony FX6,Ariel,Location A - Ancestral House (Interior),interior,18.0,-55.6,73.2,0.95,25.0,OK,49.3,0,35,True,True
2026-08-29T08:55:30,115.5,CAM-02,Sony FX6,Marlon,Location A - Ancestral House (Interior),interior,32.0,-58.0,71.5,0.92,26.6,OK,48.1,0,35,True,True
2026-08-29T08:55:30,115.5,CAM-03,Sony FX3,Kiko,Location A - Ancestral House (Interior),interior,68.0,-69.8,57.9,0.61,26.3,DEGRADED,18.4,72,432,True,True
2026-08-29T08:55:30,115.5,CAM-04,Sony FX3,Dennis,Location A - Ancestral House (Interior),interior,45.0,-61.6,70.3,0.88,26.2,OK,41.4,2,68,True,True
2026-08-29T08:55:30,115.5,CAM-05,Blackmagic,Jorge,Location A - Ancestral House (Interior),interior,95.0,-69.4,67.9,0.79,25.8,DEGRADED,15.5,11,594,True,True
2026-08-29T08:56:00,116.0,CAM-01,Sony FX6,Ariel,Location A - Ancestral House (Interior),interior,18.0,-54.0,73.3,0.95,25.1,OK,47.4,0,35,True,True
2026-08-29T08:56:00,116.0,CAM-02,Sony FX6,Marlon,Location A - Ancestral House (Interior),interior,32.0,-53.9,72.4,0.92,25.5,OK,47.4,0,35,True,True
2026-08-29T08:56:00,116.0,CAM-03,Sony FX3,Kiko,Location A - Ancestral House (Interior),interior,68.0,-68.0,58.1,0.61,26.7,DEGRADED,22.9,46,225,True,True
2026-08-29T08:56:00,116.0,CAM-04,Sony FX3,Dennis,Location A - Ancestral House (Interior),interior,45.0,-57.1,71.2,0.88,26.5,OK,48.9,0,35,True,True
2026-08-29T08:56:00,116.0,CAM-05,Blackmagic,Jorge,Location A - Ancestral House (Interior),interior,95.0,-67.4,67.6,0.79,27.0,DEGRADED,24.2,61,324,True,True
2026-08-29T08:56:30,116.5,CAM-01,Sony FX6,Ariel,Location A - Ancestral House (Interior),interior,18.0,-56.7,72.9,0.95,25.6,OK,49.0,0,35,True,True
2026-08-29T08:56:30,116.5,CAM-02,Sony FX6,Marlon,Location A - Ancestral House (Interior),interior,32.0,-59.4,71.6,0.92,25.4,OK,47.9,0,35,True,True
2026-08-29T08:56:30,116.5,CAM-03,Sony FX3,Kiko,Location A - Ancestral House (Interior),interior,68.0,-68.1,57.6,0.61,27.0,DEGRADED,23.4,62,104,True,True
2026-08-29T08:56:30,116.5,CAM-04,Sony FX3,Dennis,Location A - Ancestral House (Interior),interior,45.0,-55.9,71.2,0.88,25.1,OK,48.2,0,35,True,True
2026-08-29T08:56:30,116.5,CAM-05,Blackmagic,Jorge,Location A - Ancestral House (Interior),interior,95.0,-73.6,67.3,0.79,25.5,CRITICAL,5.2,63,411,True,True
2026-08-29T08:57:00,117.0,CAM-01,Sony FX6,Ariel,Location A - Ancestral House (Interior),interior,18.0,-58.5,73.2,0.95,23.9,OK,48.3,0,35,True,True
2026-08-29T08:57:00,117.0,CAM-02,Sony FX6,Marlon,Location A - Ancestral House (Interior),interior,32.0,-55.4,72.5,0.92,26.9,OK,49.7,0,35,True,True
2026-08-29T08:57:00,117.0,CAM-03,Sony FX3,Kiko,Location A - Ancestral House (Interior),interior,68.0,-68.4,58.2,0.61,26.0,DEGRADED,17.5,28,516,True,True
2026-08-29T08:57:00,117.0,CAM-04,Sony FX3,Dennis,Location A - Ancestral House (Interior),interior,45.0,-62.0,70.5,0.88,26.8,OK,42.9,0,60,True,True
2026-08-29T08:57:00,117.0,CAM-05,Blackmagic,Jorge,Location A - Ancestral House (Interior),interior,95.0,-76.0,68.3,0.79,25.7,DEGRADED,17.1,74,156,True,True
2026-08-29T08:57:30,117.5,CAM-01,Sony FX6,Ariel,Location A - Ancestral House (Interior),interior,18.0,-54.4,72.7,0.95,27.3,OK,46.1,0,35,True,True
2026-08-29T08:57:30,117.5,CAM-02,Sony FX6,Marlon,Location A - Ancestral House (Interior),interior,32.0,-58.9,71.9,0.92,25.1,OK,50.5,0,35,True,True
2026-08-29T08:57:30,117.5,CAM-03,Sony FX3,Kiko,Location A - Ancestral House (Interior),interior,68.0,-73.3,57.3,0.61,26.2,CRITICAL,3.8,89,539,True,True
2026-08-29T08:57:30,117.5,CAM-04,Sony FX3,Dennis,Location A - Ancestral House (Interior),interior,45.0,-60.0,70.2,0.88,25.2,OK,48.4,0,35,True,True
2026-08-29T08:57:30,117.5,CAM-05,Blackmagic,Jorge,Location A - Ancestral House (Interior),interior,95.0,-73.1,67.9,0.79,25.6,CRITICAL,4.8,28,377,True,True
2026-08-29T08:58:00,118.0,CAM-01,Sony FX6,Ariel,Location A - Ancestral House (Interior),interior,18.0,-59.1,72.4,0.95,27.0,OK,46.4,0,35,True,True
2026-08-29T08:58:00,118.0,CAM-02,Sony FX6,Marlon,Location A - Ancestral House (Interior),interior,32.0,-58.5,71.3,0.92,26.4,OK,45.7,0,35,True,True
2026-08-29T08:58:00,118.0,CAM-03,Sony FX3,Kiko,Location A - Ancestral House (Interior),interior,68.0,-70.4,57.3,0.61,25.2,DEGRADED,13.4,5,408,True,True
2026-08-29T08:58:00,118.0,CAM-04,Sony FX3,Dennis,Location A - Ancestral House (Interior),interior,45.0,-59.2,70.9,0.88,26.3,OK,47.5,0,35,True,True
2026-08-29T08:58:00,118.0,CAM-05,Blackmagic,Jorge,Location A - Ancestral House (Interior),interior,95.0,-67.5,67.2,0.79,26.0,DEGRADED,26.3,62,251,True,True
2026-08-29T08:58:30,118.5,CAM-01,Sony FX6,Ariel,Location A - Ancestral House (Interior),interior,18.0,-52.7,72.0,0.95,25.8,OK,48.3,0,35,True,True
2026-08-29T08:58:30,118.5,CAM-02,Sony FX6,Marlon,Location A - Ancestral House (Interior),interior,32.0,-59.9,71.8,0.92,26.4,OK,47.0,0,35,True,True
2026-08-29T08:58:30,118.5,CAM-03,Sony FX3,Kiko,Location A - Ancestral House (Interior),interior,68.0,-67.9,57.4,0.61,26.4,DEGRADED,23.6,6,202,True,True
2026-08-29T08:58:30,118.5,CAM-04,Sony FX3,Dennis,Location A - Ancestral House (Interior),interior,45.0,-61.3,70.5,0.88,25.5,OK,43.0,0,44,True,True
2026-08-29T08:58:30,118.5,CAM-05,Blackmagic,Jorge,Location A - Ancestral House (Interior),interior,95.0,-72.8,67.2,0.79,25.4,CRITICAL,7.7,44,679,True,True
2026-08-29T08:59:00,119.0,CAM-01,Sony FX6,Ariel,Location A - Ancestral House (Interior),interior,18.0,-52.7,72.6,0.95,26.0,OK,46.0,0,35,True,True
2026-08-29T08:59:00,119.0,CAM-02,Sony FX6,Marlon,Location A - Ancestral House (Interior),interior,32.0,-58.6,71.7,0.92,26.8,OK,48.6,0,35,True,True
2026-08-29T08:59:00,119.0,CAM-03,Sony FX3,Kiko,Location A - Ancestral House (Interior),interior,68.0,-70.4,57.2,0.61,26.5,DEGRADED,13.9,93,469,True,True
2026-08-29T08:59:00,119.0,CAM-04,Sony FX3,Dennis,Location A - Ancestral House (Interior),interior,45.0,-60.1,70.8,0.88,26.1,OK,46.4,0,35,True,True
2026-08-29T08:59:00,119.0,CAM-05,Blackmagic,Jorge,Location A - Ancestral House (Interior),interior,95.0,-72.3,66.7,0.79,26.8,CRITICAL,8.3,113,622,True,True
2026-08-29T08:59:30,119.5,CAM-01,Sony FX6,Ariel,Location A - Ancestral House (Interior),interior,18.0,-56.0,72.2,0.95,26.7,OK,47.1,0,35,True,True
2026-08-29T08:59:30,119.5,CAM-02,Sony FX6,Marlon,Location A - Ancestral House (Interior),interior,32.0,-56.9,71.1,0.92,26.0,OK,48.0,0,35,True,True
2026-08-29T08:59:30,119.5,CAM-03,Sony FX3,Kiko,Location A - Ancestral House (Interior),interior,68.0,-72.5,56.5,0.61,25.5,CRITICAL,9.0,73,494,True,True
2026-08-29T08:59:30,119.5,CAM-04,Sony FX3,Dennis,Location A - Ancestral House (Interior),interior,45.0,-60.8,70.1,0.88,25.9,OK,43.5,2,55,True,True
2026-08-29T08:59:30,119.5,CAM-05,Blackmagic,Jorge,Location A - Ancestral House (Interior),interior,95.0,-70.5,66.9,0.79,25.4,DEGRADED,14.0,42,435,True,True
2026-08-29T09:00:00,120.0,CAM-01,Sony FX6,Ariel,Location A - Ancestral House (Interior),interior,18.0,-51.9,72.1,0.95,25.7,OK,46.7,0,35,True,True
2026-08-29T09:00:00,120.0,CAM-02,Sony FX6,Marlon,Location A - Ancestral House (Interior),interior,32.0,-59.4,71.4,0.92,26.7,OK,47.9,0,35,True,True
2026-08-29T09:00:00,120.0,CAM-03,Sony FX3,Kiko,Location A - Ancestral House (Interior),interior,68.0,-65.7,56.8,0.61,26.0,DEGRADED,29.7,25,345,True,True
2026-08-29T09:00:00,120.0,CAM-04,Sony FX3,Dennis,Location A - Ancestral House (Interior),interior,45.0,-61.2,69.6,0.88,27.0,OK,42.7,8,75,True,True
2026-08-29T09:00:00,120.0,CAM-05,Blackmagic,Jorge,Location A - Ancestral House (Interior),interior,95.0,-70.6,66.0,0.79,26.2,DEGRADED,14.3,82,476,True,True
2026-08-29T09:00:30,120.5,CAM-01,Sony FX6,Ariel,Location A - Ancestral House (Interior),interior,18.0,-54.7,71.8,0.95,26.6,OK,45.4,0,35,True,True
2026-08-29T09:00:30,120.5,CAM-02,Sony FX6,Marlon,Location A - Ancestral House (Interior),interior,32.0,-57.4,70.6,0.92,26.9,OK,48.1,0,35,True,True
2026-08-29T09:00:30,120.5,CAM-03,Sony FX3,Kiko,Location A - Ancestral House (Interior),interior,68.0,-69.1,56.6,0.61,25.6,DEGRADED,22.2,30,117,True,True
2026-08-29T09:00:30,120.5,CAM-04,Sony FX3,Dennis,Location A - Ancestral House (Interior),interior,45.0,-61.6,69.7,0.88,25.9,OK,41.8,7,73,True,True
2026-08-29T09:00:30,120.5,CAM-05,Blackmagic,Jorge,Location A - Ancestral House (Interior),interior,95.0,-72.3,67.3,0.79,25.9,CRITICAL,7.6,22,649,True,True
2026-08-29T09:01:00,121.0,CAM-01,Sony FX6,Ariel,Location A - Ancestral House (Interior),interior,18.0,-57.3,72.5,0.95,25.2,OK,47.3,0,35,True,True
2026-08-29T09:01:00,121.0,CAM-02,Sony FX6,Marlon,Location A - Ancestral House (Interior),interior,32.0,-60.8,70.8,0.92,25.7,OK,45.2,0,41,True,True
2026-08-29T09:01:00,121.0,CAM-03,Sony FX3,Kiko,Location A - Ancestral House (Interior),interior,68.0,-69.5,56.9,0.61,26.1,DEGRADED,19.4,69,175,True,True
2026-08-29T09:01:00,121.0,CAM-04,Sony FX3,Dennis,Location A - Ancestral House (Interior),interior,45.0,-63.1,68.6,0.88,25.7,OK,36.3,7,144,True,True
2026-08-29T09:01:00,121.0,CAM-05,Blackmagic,Jorge,Location A - Ancestral House (Interior),interior,95.0,-76.3,66.6,0.79,24.8,DEGRADED,12.3,4,616,True,True
2026-08-29T09:01:30,121.5,CAM-01,Sony FX6,Ariel,Location A - Ancestral House (Interior),interior,18.0,-60.3,72.4,0.95,25.8,OK,49.3,1,42,True,True
2026-08-29T09:01:30,121.5,CAM-02,Sony FX6,Marlon,Location A - Ancestral House (Interior),interior,32.0,-57.5,70.1,0.92,26.1,OK,49.2,0,35,True,True
2026-08-29T09:01:30,121.5,CAM-03,Sony FX3,Kiko,Location A - Ancestral House (Interior),interior,68.0,-68.1,56.2,0.61,26.9,DEGRADED,23.0,1,401,True,True
2026-08-29T09:01:30,121.5,CAM-04,Sony FX3,Dennis,Location A - Ancestral House (Interior),interior,45.0,-57.9,69.6,0.88,26.5,OK,48.5,0,35,True,True
2026-08-29T09:01:30,121.5,CAM-05,Blackmagic,Jorge,Location A - Ancestral House (Interior),interior,95.0,-72.0,66.0,0.79,24.6,CRITICAL,9.9,66,503,True,True
2026-08-29T09:02:00,122.0,CAM-01,Sony FX6,Ariel,Location A - Ancestral House (Interior),interior,18.0,-54.6,72.0,0.95,26.5,OK,48.7,0,35,True,True
2026-08-29T09:02:00,122.0,CAM-02,Sony FX6,Marlon,Location A - Ancestral House (Interior),interior,32.0,-59.7,71.4,0.92,27.3,OK,47.1,0,35,True,True
2026-08-29T09:02:00,122.0,CAM-03,Sony FX3,Kiko,Location A - Ancestral House (Interior),interior,68.0,-71.7,55.6,0.61,26.2,DEGRADED,10.8,3,287,True,True
2026-08-29T09:02:00,122.0,CAM-04,Sony FX3,Dennis,Location A - Ancestral House (Interior),interior,45.0,-59.7,69.4,0.88,27.2,OK,50.4,0,35,True,True
2026-08-29T09:02:00,122.0,CAM-05,Blackmagic,Jorge,Location A - Ancestral House (Interior),interior,95.0,-71.9,65.9,0.79,25.5,DEGRADED,8.2,32,336,True,True
2026-08-29T09:02:30,122.5,CAM-01,Sony FX6,Ariel,Location A - Ancestral House (Interior),interior,18.0,-50.8,72.0,0.95,26.1,OK,50.0,0,35,True,True
2026-08-29T09:02:30,122.5,CAM-02,Sony FX6,Marlon,Location A - Ancestral House (Interior),interior,32.0,-60.7,71.2,0.92,26.8,OK,44.3,2,74,True,True
2026-08-29T09:02:30,122.5,CAM-03,Sony FX3,Kiko,Location A - Ancestral House (Interior),interior,68.0,-69.4,55.4,0.61,25.8,DEGRADED,18.8,9,385,True,True
2026-08-29T09:02:30,122.5,CAM-04,Sony FX3,Dennis,Location A - Ancestral House (Interior),interior,45.0,-56.6,69.7,0.88,26.4,OK,49.8,0,35,True,True
2026-08-29T09:02:30,122.5,CAM-05,Blackmagic,Jorge,Location A - Ancestral House (Interior),interior,95.0,-74.4,66.2,0.79,25.4,CRITICAL,2.3,107,141,True,True
2026-08-29T09:03:00,123.0,CAM-01,Sony FX6,Ariel,Location A - Ancestral House (Interior),interior,18.0,-54.7,71.9,0.95,27.3,OK,47.4,0,35,True,True
2026-08-29T09:03:00,123.0,CAM-02,Sony FX6,Marlon,Location A - Ancestral House (Interior),interior,32.0,-57.6,70.4,0.92,25.7,OK,49.3,0,35,True,True
2026-08-29T09:03:00,123.0,CAM-03,Sony FX3,Kiko,Location A - Ancestral House (Interior),interior,68.0,-72.9,55.3,0.61,26.9,CRITICAL,7.3,100,706,True,True
2026-08-29T09:03:00,123.0,CAM-04,Sony FX3,Dennis,Location A - Ancestral House (Interior),interior,45.0,-61.4,69.4,0.88,26.5,OK,46.6,10,67,True,True
2026-08-29T09:03:00,123.0,CAM-05,Blackmagic,Jorge,Location A - Ancestral House (Interior),interior,95.0,-73.0,65.2,0.79,27.1,CRITICAL,6.2,40,508,True,True
2026-08-29T09:03:30,123.5,CAM-01,Sony FX6,Ariel,Location A - Ancestral House (Interior),interior,18.0,-50.8,71.3,0.95,25.6,OK,48.4,0,35,True,True
2026-08-29T09:03:30,123.5,CAM-02,Sony FX6,Marlon,Location A - Ancestral House (Interior),interior,32.0,-56.3,70.5,0.92,26.6,OK,48.0,0,35,True,True
2026-08-29T09:03:30,123.5,CAM-03,Sony FX3,Kiko,Location A - Ancestral House (Interior),interior,68.0,-69.9,56.1,0.61,26.7,DEGRADED,15.9,68,188,True,True
2026-08-29T09:03:30,123.5,CAM-04,Sony FX3,Dennis,Location A - Ancestral House (Interior),interior,45.0,-57.5,70.2,0.88,25.8,OK,48.4,0,35,True,True
2026-08-29T09:03:30,123.5,CAM-05,Blackmagic,Jorge,Location A - Ancestral House (Interior),interior,95.0,-71.7,65.9,0.79,24.8,DEGRADED,9.3,4,101,True,True
2026-08-29T09:04:00,124.0,CAM-01,Sony FX6,Ariel,Location A - Ancestral House (Interior),interior,18.0,-53.3,71.5,0.95,27.0,OK,46.4,0,35,True,True
2026-08-29T09:04:00,124.0,CAM-02,Sony FX6,Marlon,Location A - Ancestral House (Interior),interior,32.0,-57.6,70.4,0.92,27.0,OK,45.2,0,35,True,True
2026-08-29T09:04:00,124.0,CAM-03,Sony FX3,Kiko,Location A - Ancestral House (Interior),interior,68.0,-73.2,55.8,0.61,27.4,CRITICAL,8.0,37,265,True,True
2026-08-29T09:04:00,124.0,CAM-04,Sony FX3,Dennis,Location A - Ancestral House (Interior),interior,45.0,-59.0,68.5,0.88,28.1,OK,46.5,0,35,True,True
2026-08-29T09:04:00,124.0,CAM-05,Blackmagic,Jorge,Location A - Ancestral House (Interior),interior,95.0,-70.8,65.4,0.79,27.1,DEGRADED,16.1,80,194,True,True
2026-08-29T09:04:30,124.5,CAM-01,Sony FX6,Ariel,Location A - Ancestral House (Interior),interior,18.0,-55.3,71.4,0.95,24.2,OK,45.6,0,35,True,True
2026-08-29T09:04:30,124.5,CAM-02,Sony FX6,Marlon,Location A - Ancestral House (Interior),interior,32.0,-58.8,70.1,0.92,24.6,OK,47.4,0,35,True,True
2026-08-29T09:04:30,124.5,CAM-03,Sony FX3,Kiko,Location A - Ancestral House (Interior),interior,68.0,-69.3,54.3,0.61,27.3,DEGRADED,15.1,76,181,True,True
2026-08-29T09:04:30,124.5,CAM-04,Sony FX3,Dennis,Location A - Ancestral House (Interior),interior,45.0,-58.0,69.1,0.88,25.8,OK,47.5,0,35,True,True
2026-08-29T09:04:30,124.5,CAM-05,Blackmagic,Jorge,Location A - Ancestral House (Interior),interior,95.0,-73.0,65.0,0.79,25.1,CRITICAL,6.4,39,359,True,True
2026-08-29T09:05:00,125.0,CAM-01,Sony FX6,Ariel,Location A - Ancestral House (Interior),interior,18.0,-55.0,70.5,0.95,25.4,OK,48.0,0,35,True,True
2026-08-29T09:05:00,125.0,CAM-02,Sony FX6,Marlon,Location A - Ancestral House (Interior),interior,32.0,-58.3,70.1,0.92,26.1,OK,49.0,0,35,True,True
2026-08-29T09:05:00,125.0,CAM-03,Sony FX3,Kiko,Location A - Ancestral House (Interior),interior,68.0,-72.3,55.7,0.61,24.3,CRITICAL,7.1,42,463,True,True
2026-08-29T09:05:00,125.0,CAM-04,Sony FX3,Dennis,Location A - Ancestral House (Interior),interior,45.0,-59.5,68.9,0.88,25.3,OK,48.5,0,35,True,True
2026-08-29T09:05:00,125.0,CAM-05,Blackmagic,Jorge,Location A - Ancestral House (Interior),interior,95.0,-73.0,64.9,0.79,25.2,CRITICAL,6.7,97,317,True,True
2026-08-29T09:05:30,125.5,CAM-01,Sony FX6,Ariel,Location A - Ancestral House (Interior),interior,18.0,-54.8,71.1,0.95,26.1,OK,50.1,0,35,True,True
2026-08-29T09:05:30,125.5,CAM-02,Sony FX6,Marlon,Location A - Ancestral House (Interior),interior,32.0,-56.3,69.6,0.92,25.1,OK,45.9,0,35,True,True
2026-08-29T09:05:30,125.5,CAM-03,Sony FX3,Kiko,Location A - Ancestral House (Interior),interior,68.0,-70.3,54.8,0.61,26.2,DEGRADED,16.0,31,250,True,True
2026-08-29T09:05:30,125.5,CAM-04,Sony FX3,Dennis,Location A - Ancestral House (Interior),interior,45.0,-58.8,68.1,0.88,25.8,OK,50.3,0,35,True,True
2026-08-29T09:05:30,125.5,CAM-05,Blackmagic,Jorge,Location A - Ancestral House (Interior),interior,95.0,-71.3,64.4,0.79,26.1,DEGRADED,11.7,31,600,True,True
2026-08-29T09:06:00,126.0,CAM-01,Sony FX6,Ariel,Location A - Ancestral House (Interior),interior,18.0,-53.3,70.4,0.95,25.1,OK,49.1,0,35,True,True
2026-08-29T09:06:00,126.0,CAM-02,Sony FX6,Marlon,Location A - Ancestral House (Interior),interior,32.0,-61.5,69.8,0.92,26.5,OK,44.4,3,103,True,True
2026-08-29T09:06:00,126.0,CAM-03,Sony FX3,Kiko,Location A - Ancestral House (Interior),interior,68.0,-73.6,54.6,0.61,26.3,CRITICAL,2.0,91,440,True,True
2026-08-29T09:06:00,126.0,CAM-04,Sony FX3,Dennis,Location A - Ancestral House (Interior),interior,45.0,-59.7,68.2,0.88,26.5,OK,50.4,0,35,True,True
2026-08-29T09:06:00,126.0,CAM-05,Blackmagic,Jorge,Location A - Ancestral House (Interior),interior,95.0,-74.0,65.1,0.79,25.3,CRITICAL,4.6,16,830,True,True
2026-08-29T09:06:30,126.5,CAM-01,Sony FX6,Ariel,Location A - Ancestral House (Interior),interior,18.0,-49.8,70.7,0.95,26.4,OK,46.8,0,35,True,True
2026-08-29T09:06:30,126.5,CAM-02,Sony FX6,Marlon,Location A - Ancestral House (Interior),interior,32.0,-60.9,70.1,0.92,25.3,OK,44.8,0,78,True,True
2026-08-29T09:06:30,126.5,CAM-03,Sony FX3,Kiko,Location A - Ancestral House (Interior),interior,68.0,-70.1,54.3,0.61,26.7,DEGRADED,15.3,59,416,True,True
2026-08-29T09:06:30,126.5,CAM-04,Sony FX3,Dennis,Location A - Ancestral House (Interior),interior,45.0,-63.6,67.9,0.88,26.5,OK,36.4,13,157,True,True
2026-08-29T09:06:30,126.5,CAM-05,Blackmagic,Jorge,Location A - Ancestral House (Interior),interior,95.0,-70.9,64.9,0.79,25.2,DEGRADED,12.4,91,135,True,True
2026-08-29T09:07:00,127.0,CAM-01,Sony FX6,Ariel,Location A - Ancestral House (Interior),interior,18.0,-51.6,70.9,0.95,27.2,OK,48.5,0,35,True,True
2026-08-29T09:07:00,127.0,CAM-02,Sony FX6,Marlon,Location A - Ancestral House (Interior),interior,32.0,-52.7,70.1,0.92,25.9,OK,49.1,0,35,True,True
2026-08-29T09:07:00,127.0,CAM-03,Sony FX3,Kiko,Location A - Ancestral House (Interior),interior,68.0,-68.9,54.4,0.61,26.7,DEGRADED,22.1,34,148,True,True
2026-08-29T09:07:00,127.0,CAM-04,Sony FX3,Dennis,Location A - Ancestral House (Interior),interior,45.0,-58.1,68.6,0.88,25.7,OK,48.1,0,35,True,True
2026-08-29T09:07:00,127.0,CAM-05,Blackmagic,Jorge,Location A - Ancestral House (Interior),interior,95.0,-70.3,64.8,0.79,24.9,DEGRADED,16.0,45,424,True,True
2026-08-29T09:07:30,127.5,CAM-01,Sony FX6,Ariel,Location A - Ancestral House (Interior),interior,18.0,-51.1,70.3,0.95,24.8,OK,48.0,0,35,True,True
2026-08-29T09:07:30,127.5,CAM-02,Sony FX6,Marlon,Location A - Ancestral House (Interior),interior,32.0,-57.3,69.6,0.92,24.8,OK,49.6,0,35,True,True
2026-08-29T09:07:30,127.5,CAM-03,Sony FX3,Kiko,Location A - Ancestral House (Interior),interior,68.0,-69.7,53.7,0.61,24.8,DEGRADED,15.8,26,552,True,True
2026-08-29T09:07:30,127.5,CAM-04,Sony FX3,Dennis,Location A - Ancestral House (Interior),interior,45.0,-63.4,68.3,0.88,25.8,OK,35.9,19,202,True,True
2026-08-29T09:07:30,127.5,CAM-05,Blackmagic,Jorge,Location A - Ancestral House (Interior),interior,95.0,-70.6,64.8,0.79,27.1,DEGRADED,12.6,45,618,True,True
2026-08-29T09:08:00,128.0,CAM-01,Sony FX6,Ariel,Location A - Ancestral House (Interior),interior,18.0,-52.6,70.8,0.95,24.5,OK,50.2,0,35,True,True
2026-08-29T09:08:00,128.0,CAM-02,Sony FX6,Marlon,Location A - Ancestral House (Interior),interior,32.0,-58.2,69.9,0.92,25.5,OK,51.2,0,35,True,True
2026-08-29T09:08:00,128.0,CAM-03,Sony FX3,Kiko,Location A - Ancestral House (Interior),interior,68.0,-71.2,54.3,0.61,27.0,DEGRADED,12.1,104,127,True,True
2026-08-29T09:08:00,128.0,CAM-04,Sony FX3,Dennis,Location A - Ancestral House (Interior),interior,45.0,-57.2,68.4,0.88,25.6,OK,49.5,0,35,True,True
2026-08-29T09:08:00,128.0,CAM-05,Blackmagic,Jorge,Location A - Ancestral House (Interior),interior,95.0,-72.2,64.4,0.79,25.5,CRITICAL,6.6,43,593,True,True
2026-08-29T09:08:30,128.5,CAM-01,Sony FX6,Ariel,Location A - Ancestral House (Interior),interior,18.0,-52.4,69.9,0.95,26.4,OK,48.0,0,35,True,True
2026-08-29T09:08:30,128.5,CAM-02,Sony FX6,Marlon,Location A - Ancestral House (Interior),interior,32.0,-57.8,68.8,0.92,26.9,OK,48.8,0,35,True,True
2026-08-29T09:08:30,128.5,CAM-03,Sony FX3,Kiko,Location A - Ancestral House (Interior),interior,68.0,-69.3,54.2,0.61,26.3,DEGRADED,17.5,1,124,True,True
2026-08-29T09:08:30,128.5,CAM-04,Sony FX3,Dennis,Location A - Ancestral House (Interior),interior,45.0,-60.9,68.4,0.88,25.8,OK,45.5,6,72,True,True
2026-08-29T09:08:30,128.5,CAM-05,Blackmagic,Jorge,Location A - Ancestral House (Interior),interior,95.0,-70.2,64.5,0.79,26.0,DEGRADED,15.7,64,199,True,True
2026-08-29T09:09:00,129.0,CAM-01,Sony FX6,Ariel,Location A - Ancestral House (Interior),interior,18.0,-55.2,69.4,0.95,26.4,OK,46.0,0,35,True,True
2026-08-29T09:09:00,129.0,CAM-02,Sony FX6,Marlon,Location A - Ancestral House (Interior),interior,32.0,-59.2,69.4,0.92,26.1,OK,48.0,0,35,True,True
2026-08-29T09:09:00,129.0,CAM-03,Sony FX3,Kiko,Location A - Ancestral House (Interior),interior,68.0,-70.1,53.3,0.61,26.0,DEGRADED,16.3,39,634,True,True
2026-08-29T09:09:00,129.0,CAM-04,Sony FX3,Dennis,Location A - Ancestral House (Interior),interior,45.0,-60.9,68.0,0.88,25.7,OK,44.2,7,78,True,True
2026-08-29T09:09:00,129.0,CAM-05,Blackmagic,Jorge,Location A - Ancestral House (Interior),interior,95.0,-70.7,63.9,0.79,26.4,DEGRADED,15.1,10,273,True,True
2026-08-29T09:09:30,129.5,CAM-01,Sony FX6,Ariel,Location A - Ancestral House (Interior),interior,18.0,-55.1,69.9,0.95,26.3,OK,49.8,0,35,True,True
2026-08-29T09:09:30,129.5,CAM-02,Sony FX6,Marlon,Location A - Ancestral House (Interior),interior,32.0,-57.3,69.4,0.92,26.4,OK,49.3,0,35,True,True
2026-08-29T09:09:30,129.5,CAM-03,Sony FX3,Kiko,Location A - Ancestral House (Interior),interior,68.0,-73.0,53.3,0.61,26.5,CRITICAL,4.4,44,136,True,True
2026-08-29T09:09:30,129.5,CAM-04,Sony FX3,Dennis,Location A - Ancestral House (Interior),interior,45.0,-59.8,68.0,0.88,24.1,OK,45.5,0,35,True,True
2026-08-29T09:09:30,129.5,CAM-05,Blackmagic,Jorge,Location A - Ancestral House (Interior),interior,95.0,-67.1,63.9,0.79,27.0,DEGRADED,28.6,39,453,True,True
2026-08-29T09:10:00,130.0,CAM-01,Sony FX6,Ariel,Location A - Ancestral House (Interior),interior,18.0,-54.9,69.3,0.95,27.2,OK,47.6,0,35,True,True
2026-08-29T09:10:00,130.0,CAM-02,Sony FX6,Marlon,Location A - Ancestral House (Interior),interior,32.0,-56.3,68.7,0.92,26.5,OK,46.6,0,35,True,True
2026-08-29T09:10:00,130.0,CAM-03,Sony FX3,Kiko,Location A - Ancestral House (Interior),interior,68.0,-74.2,52.9,0.61,25.6,CRITICAL,1.7,77,877,True,True
2026-08-29T09:10:00,130.0,CAM-04,Sony FX3,Dennis,Location A - Ancestral House (Interior),interior,45.0,-59.8,68.1,0.88,26.5,OK,47.2,0,35,True,True
2026-08-29T09:10:00,130.0,CAM-05,Blackmagic,Jorge,Location A - Ancestral House (Interior),interior,95.0,-71.9,63.7,0.79,25.5,DEGRADED,10.8,16,218,True,True
2026-08-29T09:10:30,130.5,CAM-01,Sony FX6,Ariel,Location A - Ancestral House (Interior),interior,18.0,-48.9,70.0,0.95,24.4,OK,45.9,0,35,True,True
2026-08-29T09:10:30,130.5,CAM-02,Sony FX6,Marlon,Location A - Ancestral House (Interior),interior,32.0,-58.3,69.4,0.92,26.1,OK,46.2,0,35,True,True
2026-08-29T09:10:30,130.5,CAM-03,Sony FX3,Kiko,Location A - Ancestral House (Interior),interior,68.0,-72.6,53.0,0.61,26.4,CRITICAL,6.6,28,465,True,True
2026-08-29T09:10:30,130.5,CAM-04,Sony FX3,Dennis,Location A - Ancestral House (Interior),interior,45.0,-57.4,67.0,0.88,26.0,OK,50.3,0,35,True,True
2026-08-29T09:10:30,130.5,CAM-05,Blackmagic,Jorge,Location A - Ancestral House (Interior),interior,95.0,-72.8,63.9,0.79,25.9,CRITICAL,7.1,103,136,True,True
2026-08-29T09:11:00,131.0,CAM-01,Sony FX6,Ariel,Location A - Ancestral House (Interior),interior,18.0,-52.7,70.2,0.95,26.3,OK,48.8,0,35,True,True
2026-08-29T09:11:00,131.0,CAM-02,Sony FX6,Marlon,Location A - Ancestral House (Interior),interior,32.0,-55.3,67.9,0.92,26.0,OK,48.6,0,35,True,True
2026-08-29T09:11:00,131.0,CAM-03,Sony FX3,Kiko,Location A - Ancestral House (Interior),interior,68.0,-73.0,52.5,0.61,26.3,CRITICAL,7.4,34,413,True,True
2026-08-29T09:11:00,131.0,CAM-04,Sony FX3,Dennis,Location A - Ancestral House (Interior),interior,45.0,-61.3,67.0,0.88,26.1,OK,43.2,11,69,True,True
2026-08-29T09:11:00,131.0,CAM-05,Blackmagic,Jorge,Location A - Ancestral House (Interior),interior,95.0,-70.2,63.9,0.79,24.7,DEGRADED,15.3,72,543,True,True
2026-08-29T09:11:30,131.5,CAM-01,Sony FX6,Ariel,Location A - Ancestral House (Interior),interior,18.0,-53.7,69.5,0.95,24.8,OK,50.0,0,35,True,True
2026-08-29T09:11:30,131.5,CAM-02,Sony FX6,Marlon,Location A - Ancestral House (Interior),interior,32.0,-58.8,68.4,0.92,25.9,OK,46.9,0,35,True,True
2026-08-29T09:11:30,131.5,CAM-03,Sony FX3,Kiko,Location A - Ancestral House (Interior),interior,68.0,-75.0,53.0,0.61,26.4,DEGRADED,17.2,42,158,True,True
2026-08-29T09:11:30,131.5,CAM-04,Sony FX3,Dennis,Location A - Ancestral House (Interior),interior,45.0,-60.0,67.2,0.88,24.7,OK,48.0,0,35,True,True
2026-08-29T09:11:30,131.5,CAM-05,Blackmagic,Jorge,Location A - Ancestral House (Interior),interior,95.0,-65.9,63.0,0.79,25.4,DEGRADED,30.4,35,252,True,True
2026-08-29T09:12:00,132.0,CAM-01,Sony FX6,Ariel,Location A - Ancestral House (Interior),interior,18.0,-54.3,69.5,0.95,26.7,OK,47.3,0,35,True,True
2026-08-29T09:12:00,132.0,CAM-02,Sony FX6,Marlon,Location A - Ancestral House (Interior),interior,32.0,-59.3,68.6,0.92,27.1,OK,46.8,0,35,True,True
2026-08-29T09:12:00,132.0,CAM-03,Sony FX3,Kiko,Location A - Ancestral House (Interior),interior,68.0,-74.3,51.8,0.61,24.9,CRITICAL,0.0,98,286,True,True
2026-08-29T09:12:00,132.0,CAM-04,Sony FX3,Dennis,Location A - Ancestral House (Interior),interior,45.0,-56.2,67.2,0.88,25.2,OK,46.3,0,35,True,True
2026-08-29T09:12:00,132.0,CAM-05,Blackmagic,Jorge,Location A - Ancestral House (Interior),interior,95.0,-71.5,63.7,0.79,25.7,DEGRADED,10.2,64,693,True,True
2026-08-29T09:12:30,132.5,CAM-01,Sony FX6,Ariel,Location A - Ancestral House (Interior),interior,18.0,-53.6,69.3,0.95,26.2,OK,45.9,0,35,True,True
2026-08-29T09:12:30,132.5,CAM-02,Sony FX6,Marlon,Location A - Ancestral House (Interior),interior,32.0,-61.8,67.9,0.92,25.5,OK,42.1,7,125,True,True
2026-08-29T09:12:30,132.5,CAM-03,Sony FX3,Kiko,Location A - Ancestral House (Interior),interior,68.0,-73.2,52.6,0.61,27.1,CRITICAL,5.3,47,315,True,True
2026-08-29T09:12:30,132.5,CAM-04,Sony FX3,Dennis,Location A - Ancestral House (Interior),interior,45.0,-64.0,67.3,0.88,26.0,OK,34.6,23,224,True,True
2026-08-29T09:12:30,132.5,CAM-05,Blackmagic,Jorge,Location A - Ancestral House (Interior),interior,95.0,-72.0,63.3,0.79,26.0,CRITICAL,6.1,44,290,True,True
2026-08-29T09:13:00,133.0,CAM-01,Sony FX6,Ariel,Location A - Ancestral House (Interior),interior,18.0,-49.7,69.1,0.95,26.3,OK,48.0,0,35,True,True
2026-08-29T09:13:00,133.0,CAM-02,Sony FX6,Marlon,Location A - Ancestral House (Interior),interior,32.0,-59.8,67.7,0.92,26.4,OK,49.3,0,35,True,True
2026-08-29T09:13:00,133.0,CAM-03,Sony FX3,Kiko,Location A - Ancestral House (Interior),interior,68.0,-71.1,52.9,0.61,24.6,DEGRADED,13.3,19,116,True,True
2026-08-29T09:13:00,133.0,CAM-04,Sony FX3,Dennis,Location A - Ancestral House (Interior),interior,45.0,-58.6,67.4,0.88,25.9,OK,51.2,0,35,True,True
2026-08-29T09:13:00,133.0,CAM-05,Blackmagic,Jorge,Location A - Ancestral House (Interior),interior,95.0,-74.5,62.4,0.79,26.3,CRITICAL,2.7,51,317,True,True
2026-08-29T09:13:30,133.5,CAM-01,Sony FX6,Ariel,Location A - Ancestral House (Interior),interior,18.0,-55.4,69.5,0.95,24.8,OK,48.3,0,35,True,True
2026-08-29T09:13:30,133.5,CAM-02,Sony FX6,Marlon,Location A - Ancestral House (Interior),interior,32.0,-57.8,68.0,0.92,23.9,OK,45.8,0,35,True,True
2026-08-29T09:13:30,133.5,CAM-03,Sony FX3,Kiko,Location A - Ancestral House (Interior),interior,68.0,-70.5,51.9,0.61,27.3,DEGRADED,14.2,91,355,True,True
2026-08-29T09:13:30,133.5,CAM-04,Sony FX3,Dennis,Location A - Ancestral House (Interior),interior,45.0,-61.4,67.0,0.88,24.8,OK,45.8,13,104,True,True
2026-08-29T09:13:30,133.5,CAM-05,Blackmagic,Jorge,Location A - Ancestral House (Interior),interior,95.0,-68.3,62.6,0.79,25.8,DEGRADED,21.8,27,221,True,True
2026-08-29T09:14:00,134.0,CAM-01,Sony FX6,Ariel,Location A - Ancestral House (Interior),interior,18.0,-51.8,69.2,0.95,25.6,OK,45.7,0,35,True,True
2026-08-29T09:14:00,134.0,CAM-02,Sony FX6,Marlon,Location A - Ancestral House (Interior),interior,32.0,-61.3,67.5,0.92,25.8,OK,46.1,9,67,True,True
2026-08-29T09:14:00,134.0,CAM-03,Sony FX3,Kiko,Location A - Ancestral House (Interior),interior,68.0,-76.1,51.3,0.61,25.2,DEGRADED,15.6,17,638,True,True
2026-08-29T09:14:00,134.0,CAM-04,Sony FX3,Dennis,Location A - Ancestral House (Interior),interior,45.0,-56.3,66.3,0.88,26.8,OK,48.1,0,35,True,True
2026-08-29T09:14:00,134.0,CAM-05,Blackmagic,Jorge,Location A - Ancestral House (Interior),interior,95.0,-72.4,63.1,0.79,25.4,CRITICAL,7.4,70,141,True,True
2026-08-29T09:14:30,134.5,CAM-01,Sony FX6,Ariel,Location A - Ancestral House (Interior),interior,18.0,-58.4,69.3,0.95,28.1,OK,46.1,0,35,True,True
2026-08-29T09:14:30,134.5,CAM-02,Sony FX6,Marlon,Location A - Ancestral House (Interior),interior,32.0,-58.0,67.5,0.92,26.2,OK,48.8,0,35,True,True
2026-08-29T09:14:30,134.5,CAM-03,Sony FX3,Kiko,Location A - Ancestral House (Interior),interior,68.0,-72.2,51.1,0.61,27.0,CRITICAL,10.9,34,543,True,True
2026-08-29T09:14:30,134.5,CAM-04,Sony FX3,Dennis,Location A - Ancestral House (Interior),interior,45.0,-64.4,66.1,0.88,26.4,OK,35.3,4,215,True,True
2026-08-29T09:14:30,134.5,CAM-05,Blackmagic,Jorge,Location A - Ancestral House (Interior),interior,95.0,-71.3,62.8,0.79,26.0,DEGRADED,9.6,9,355,True,True
2026-08-29T09:15:00,135.0,CAM-01,Sony FX6,Ariel,Location A - Ancestral House (Interior),interior,18.0,-54.1,68.5,0.95,27.6,OK,46.6,0,35,True,True
2026-08-29T09:15:00,135.0,CAM-02,Sony FX6,Marlon,Location A - Ancestral House (Interior),interior,32.0,-57.9,68.2,0.92,26.3,OK,47.5,0,35,True,True
2026-08-29T09:15:00,135.0,CAM-03,Sony FX3,Kiko,Location A - Ancestral House (Interior),interior,68.0,-74.2,51.1,0.61,25.4,CRITICAL,0.0,123,701,True,True
2026-08-29T09:15:00,135.0,CAM-04,Sony FX3,Dennis,Location A - Ancestral House (Interior),interior,45.0,-62.7,65.9,0.88,25.1,OK,41.0,18,103,True,True
2026-08-29T09:15:00,135.0,CAM-05,Blackmagic,Jorge,Location A - Ancestral House (Interior),interior,95.0,-73.1,62.0,0.79,26.9,CRITICAL,3.9,27,172,True,True
2026-08-29T09:15:30,135.5,CAM-01,Sony FX6,Ariel,Location A - Ancestral House (Interior),interior,18.0,-53.0,68.7,0.95,25.9,OK,44.5,0,35,True,True
2026-08-29T09:15:30,135.5,CAM-02,Sony FX6,Marlon,Location A - Ancestral House (Interior),interior,32.0,-60.7,68.2,0.92,27.0,OK,45.2,0,40,True,True
2026-08-29T09:15:30,135.5,CAM-03,Sony FX3,Kiko,Location A - Ancestral House (Interior),interior,68.0,-78.3,51.0,0.61,26.7,DEGRADED,12.4,37,500,True,True
2026-08-29T09:15:30,135.5,CAM-04,Sony FX3,Dennis,Location A - Ancestral House (Interior),interior,45.0,-59.4,65.7,0.88,25.5,OK,47.4,0,35,True,True
2026-08-29T09:15:30,135.5,CAM-05,Blackmagic,Jorge,Location A - Ancestral House (Interior),interior,95.0,-72.5,62.3,0.79,27.4,CRITICAL,7.0,58,404,True,True
2026-08-29T09:16:00,136.0,CAM-01,Sony FX6,Ariel,Location A - Ancestral House (Interior),interior,18.0,-54.8,68.4,0.95,25.3,OK,45.7,0,35,True,True
2026-08-29T09:16:00,136.0,CAM-02,Sony FX6,Marlon,Location A - Ancestral House (Interior),interior,32.0,-60.2,68.6,0.92,27.9,OK,50.9,1,41,True,True
2026-08-29T09:16:00,136.0,CAM-03,Sony FX3,Kiko,Location A - Ancestral House (Interior),interior,68.0,-73.1,50.5,0.61,25.8,CRITICAL,4.7,119,331,True,True
2026-08-29T09:16:00,136.0,CAM-04,Sony FX3,Dennis,Location A - Ancestral House (Interior),interior,45.0,-59.4,65.8,0.88,25.8,OK,45.3,0,35,True,True
2026-08-29T09:16:00,136.0,CAM-05,Blackmagic,Jorge,Location A - Ancestral House (Interior),interior,95.0,-70.4,61.9,0.79,25.2,DEGRADED,14.8,95,460,True,True
2026-08-29T09:16:30,136.5,CAM-01,Sony FX6,Ariel,Location A - Ancestral House (Interior),interior,18.0,-49.9,67.4,0.95,25.3,OK,47.6,0,35,True,True
2026-08-29T09:16:30,136.5,CAM-02,Sony FX6,Marlon,Location A - Ancestral House (Interior),interior,32.0,-57.7,67.0,0.92,25.4,OK,47.8,0,35,True,True
2026-08-29T09:16:30,136.5,CAM-03,Sony FX3,Kiko,Location A - Ancestral House (Interior),interior,68.0,-73.2,50.5,0.61,26.9,CRITICAL,7.6,71,682,True,True
2026-08-29T09:16:30,136.5,CAM-04,Sony FX3,Dennis,Location A - Ancestral House (Interior),interior,45.0,-58.1,65.4,0.88,25.5,OK,48.2,0,35,True,True
2026-08-29T09:16:30,136.5,CAM-05,Blackmagic,Jorge,Location A - Ancestral House (Interior),interior,95.0,-71.7,62.2,0.79,26.3,DEGRADED,13.0,80,87,True,True
2026-08-29T09:17:00,137.0,CAM-01,Sony FX6,Ariel,Location A - Ancestral House (Interior),interior,18.0,-54.2,67.8,0.95,25.0,OK,44.0,0,35,True,True
2026-08-29T09:17:00,137.0,CAM-02,Sony FX6,Marlon,Location A - Ancestral House (Interior),interior,32.0,-61.6,67.6,0.92,26.3,OK,42.6,14,57,True,True
2026-08-29T09:17:00,137.0,CAM-03,Sony FX3,Kiko,Location A - Ancestral House (Interior),interior,68.0,-68.9,51.0,0.61,25.4,DEGRADED,17.9,80,383,True,True
2026-08-29T09:17:00,137.0,CAM-04,Sony FX3,Dennis,Location A - Ancestral House (Interior),interior,45.0,-60.6,65.8,0.88,26.1,OK,47.8,3,69,True,True
2026-08-29T09:17:00,137.0,CAM-05,Blackmagic,Jorge,Location A - Ancestral House (Interior),interior,95.0,-72.6,61.5,0.79,25.5,CRITICAL,5.2,77,634,True,True
2026-08-29T09:17:30,137.5,CAM-01,Sony FX6,Ariel,Location A - Ancestral House (Interior),interior,18.0,-51.7,67.7,0.95,25.8,OK,50.2,0,35,True,True
2026-08-29T09:17:30,137.5,CAM-02,Sony FX6,Marlon,Location A - Ancestral House (Interior),interior,32.0,-55.6,67.3,0.92,25.5,OK,46.4,0,35,True,True
2026-08-29T09:17:30,137.5,CAM-03,Sony FX3,Kiko,Location A - Ancestral House (Interior),interior,68.0,-76.4,50.3,0.61,26.0,DEGRADED,12.3,17,355,True,True
2026-08-29T09:17:30,137.5,CAM-04,Sony FX3,Dennis,Location A - Ancestral House (Interior),interior,45.0,-61.6,65.3,0.88,25.7,OK,42.6,0,122,True,True
2026-08-29T09:17:30,137.5,CAM-05,Blackmagic,Jorge,Location A - Ancestral House (Interior),interior,95.0,-70.9,61.5,0.79,26.1,DEGRADED,12.8,56,406,True,True
2026-08-29T09:18:00,138.0,CAM-01,Sony FX6,Ariel,Location A - Ancestral House (Interior),interior,18.0,-52.8,67.6,0.95,24.9,OK,47.8,0,35,True,True
2026-08-29T09:18:00,138.0,CAM-02,Sony FX6,Marlon,Location A - Ancestral House (Interior),interior,32.0,-55.2,67.5,0.92,27.7,OK,47.3,0,35,True,True
2026-08-29T09:18:00,138.0,CAM-03,Sony FX3,Kiko,Location A - Ancestral House (Interior),interior,68.0,-73.8,50.7,0.61,26.1,CRITICAL,3.1,16,249,True,True
2026-08-29T09:18:00,138.0,CAM-04,Sony FX3,Dennis,Location A - Ancestral House (Interior),interior,45.0,-58.7,65.9,0.88,26.1,OK,47.7,0,35,True,True
2026-08-29T09:18:00,138.0,CAM-05,Blackmagic,Jorge,Location A - Ancestral House (Interior),interior,95.0,-73.1,61.9,0.79,24.3,CRITICAL,7.8,0,307,True,True
2026-08-29T09:18:30,138.5,CAM-01,Sony FX6,Ariel,Location A - Ancestral House (Interior),interior,18.0,-51.3,67.8,0.95,26.2,OK,45.8,0,35,True,True
2026-08-29T09:18:30,138.5,CAM-02,Sony FX6,Marlon,Location A - Ancestral House (Interior),interior,32.0,-58.7,66.4,0.92,26.7,OK,47.9,0,35,True,True
2026-08-29T09:18:30,138.5,CAM-03,Sony FX3,Kiko,Location A - Ancestral House (Interior),interior,68.0,-71.9,50.5,0.61,26.0,DEGRADED,10.9,33,637,True,True
2026-08-29T09:18:30,138.5,CAM-04,Sony FX3,Dennis,Location A - Ancestral House (Interior),interior,45.0,-57.3,65.2,0.88,26.2,OK,49.4,0,35,True,True
2026-08-29T09:18:30,138.5,CAM-05,Blackmagic,Jorge,Location A - Ancestral House (Interior),interior,95.0,-69.8,61.6,0.79,24.7,DEGRADED,18.8,36,119,True,True
2026-08-29T09:19:00,139.0,CAM-01,Sony FX6,Ariel,Location A - Ancestral House (Interior),interior,18.0,-53.8,68.2,0.95,25.7,OK,46.3,0,35,True,True
2026-08-29T09:19:00,139.0,CAM-02,Sony FX6,Marlon,Location A - Ancestral House (Interior),interior,32.0,-54.4,66.7,0.92,26.3,OK,49.4,0,35,True,True
2026-08-29T09:19:00,139.0,CAM-03,Sony FX3,Kiko,Location A - Ancestral House (Interior),interior,68.0,-77.2,49.6,0.61,27.4,DEGRADED,17.8,43,92,True,True
2026-08-29T09:19:00,139.0,CAM-04,Sony FX3,Dennis,Location A - Ancestral House (Interior),interior,45.0,-60.9,65.2,0.88,26.3,OK,45.6,4,41,True,True
2026-08-29T09:19:00,139.0,CAM-05,Blackmagic,Jorge,Location A - Ancestral House (Interior),interior,95.0,-72.7,61.0,0.79,25.7,CRITICAL,8.4,102,246,True,True
2026-08-29T09:19:30,139.5,CAM-01,Sony FX6,Ariel,Location A - Ancestral House (Interior),interior,18.0,-51.6,67.7,0.95,26.8,OK,47.7,0,35,True,True
2026-08-29T09:19:30,139.5,CAM-02,Sony FX6,Marlon,Location A - Ancestral House (Interior),interior,32.0,-56.2,67.2,0.92,25.5,OK,50.6,0,35,True,True
2026-08-29T09:19:30,139.5,CAM-03,Sony FX3,Kiko,Location A - Ancestral House (Interior),interior,68.0,-76.9,48.9,0.61,25.0,DEGRADED,13.7,88,177,True,True
2026-08-29T09:19:30,139.5,CAM-04,Sony FX3,Dennis,Location A - Ancestral House (Interior),interior,45.0,-58.1,65.0,0.88,25.3,OK,50.0,0,35,True,True
2026-08-29T09:19:30,139.5,CAM-05,Blackmagic,Jorge,Location A - Ancestral House (Interior),interior,95.0,-74.9,60.7,0.79,25.6,CRITICAL,0.4,1,523,True,True
2026-08-29T09:20:00,140.0,CAM-01,Sony FX6,Ariel,Location A - Ancestral House (Interior),interior,18.0,-53.1,67.8,0.95,25.1,OK,49.7,0,35,True,True
2026-08-29T09:20:00,140.0,CAM-02,Sony FX6,Marlon,Location A - Ancestral House (Interior),interior,32.0,-54.4,66.4,0.92,26.0,OK,50.1,0,35,True,True
2026-08-29T09:20:00,140.0,CAM-03,Sony FX3,Kiko,Location A - Ancestral House (Interior),interior,68.0,-71.8,49.4,0.61,25.4,DEGRADED,10.2,47,704,True,True
2026-08-29T09:20:00,140.0,CAM-04,Sony FX3,Dennis,Location A - Ancestral House (Interior),interior,45.0,-57.2,64.5,0.88,25.5,OK,50.8,0,35,True,True
2026-08-29T09:20:00,140.0,CAM-05,Blackmagic,Jorge,Location A - Ancestral House (Interior),interior,95.0,-71.7,61.2,0.79,27.1,DEGRADED,11.7,103,189,True,True
2026-08-29T09:20:30,140.5,CAM-01,Sony FX6,Ariel,Location A - Ancestral House (Interior),interior,18.0,-50.4,67.7,0.95,25.1,OK,47.4,0,35,True,True
2026-08-29T09:20:30,140.5,CAM-02,Sony FX6,Marlon,Location A - Ancestral House (Interior),interior,32.0,-60.1,66.6,0.92,25.9,OK,46.0,0,40,True,True
2026-08-29T09:20:30,140.5,CAM-03,Sony FX3,Kiko,Location A - Ancestral House (Interior),interior,68.0,-73.3,48.9,0.61,25.1,CRITICAL,6.6,113,643,True,True
2026-08-29T09:20:30,140.5,CAM-04,Sony FX3,Dennis,Location A - Ancestral House (Interior),interior,45.0,-60.9,64.3,0.88,26.0,OK,44.0,6,86,True,True
2026-08-29T09:20:30,140.5,CAM-05,Blackmagic,Jorge,Location A - Ancestral House (Interior),interior,95.0,-69.3,60.1,0.79,24.9,DEGRADED,17.9,52,574,True,True
2026-08-29T09:21:00,141.0,CAM-01,Sony FX6,Ariel,Location A - Ancestral House (Interior),interior,18.0,-55.9,66.6,0.95,25.4,OK,47.8,0,35,True,True
2026-08-29T09:21:00,141.0,CAM-02,Sony FX6,Marlon,Location A - Ancestral House (Interior),interior,32.0,-63.2,66.2,0.92,25.3,OK,38.4,11,68,True,True
2026-08-29T09:21:00,141.0,CAM-03,Sony FX3,Kiko,Location A - Ancestral House (Interior),interior,68.0,-74.6,49.0,0.61,24.7,CRITICAL,0.7,16,338,True,True
2026-08-29T09:21:00,141.0,CAM-04,Sony FX3,Dennis,Location A - Ancestral House (Interior),interior,45.0,-60.6,65.0,0.88,25.9,OK,44.1,1,47,True,True
2026-08-29T09:21:00,141.0,CAM-05,Blackmagic,Jorge,Location A - Ancestral House (Interior),interior,95.0,-68.5,60.5,0.79,26.1,DEGRADED,20.4,36,363,True,True
2026-08-29T09:21:30,141.5,CAM-01,Sony FX6,Ariel,Location A - Ancestral House (Interior),interior,18.0,-55.8,67.3,0.95,25.5,OK,47.1,0,35,True,True
2026-08-29T09:21:30,141.5,CAM-02,Sony FX6,Marlon,Location A - Ancestral House (Interior),interior,32.0,-56.7,66.0,0.92,25.8,OK,48.5,0,35,True,True
2026-08-29T09:21:30,141.5,CAM-03,Sony FX3,Kiko,Location A - Ancestral House (Interior),interior,68.0,-77.5,48.9,0.61,26.7,DEGRADED,14.8,15,473,True,True
2026-08-29T09:21:30,141.5,CAM-04,Sony FX3,Dennis,Location A - Ancestral House (Interior),interior,45.0,-59.8,65.0,0.88,25.7,OK,49.5,0,35,True,True
2026-08-29T09:21:30,141.5,CAM-05,Blackmagic,Jorge,Location A - Ancestral House (Interior),interior,95.0,-69.5,60.9,0.79,26.3,DEGRADED,16.8,31,303,True,True
2026-08-29T09:22:00,142.0,CAM-01,Sony FX6,Ariel,Location A - Ancestral House (Interior),interior,18.0,-56.6,67.7,0.95,26.2,OK,48.9,0,35,True,True
2026-08-29T09:22:00,142.0,CAM-02,Sony FX6,Marlon,Location A - Ancestral House (Interior),interior,32.0,-58.0,65.2,0.92,26.3,OK,48.8,0,35,True,True
2026-08-29T09:22:00,142.0,CAM-03,Sony FX3,Kiko,Location A - Ancestral House (Interior),interior,68.0,-76.6,49.2,0.61,24.6,DEGRADED,13.9,69,265,True,True
2026-08-29T09:22:00,142.0,CAM-04,Sony FX3,Dennis,Location A - Ancestral House (Interior),interior,45.0,-59.7,63.7,0.88,24.2,OK,48.0,0,35,True,True
2026-08-29T09:22:00,142.0,CAM-05,Blackmagic,Jorge,Location A - Ancestral House (Interior),interior,95.0,-70.5,60.6,0.79,26.5,DEGRADED,14.5,49,528,True,True
2026-08-29T09:22:30,142.5,CAM-01,Sony FX6,Ariel,Location A - Ancestral House (Interior),interior,18.0,-53.5,67.6,0.95,24.8,OK,51.4,0,35,True,True
2026-08-29T09:22:30,142.5,CAM-02,Sony FX6,Marlon,Location A - Ancestral House (Interior),interior,32.0,-58.4,66.4,0.92,26.0,OK,46.9,0,35,True,True
2026-08-29T09:22:30,142.5,CAM-03,Sony FX3,Kiko,Location A - Ancestral House (Interior),interior,68.0,-76.5,49.3,0.61,27.7,DEGRADED,11.2,23,552,True,True
2026-08-29T09:22:30,142.5,CAM-04,Sony FX3,Dennis,Location A - Ancestral House (Interior),interior,45.0,-59.1,65.0,0.88,26.5,OK,45.8,0,35,True,True
2026-08-29T09:22:30,142.5,CAM-05,Blackmagic,Jorge,Location A - Ancestral House (Interior),interior,95.0,-68.4,60.3,0.79,25.6,DEGRADED,20.3,10,86,True,True
2026-08-29T09:23:00,143.0,CAM-01,Sony FX6,Ariel,Location A - Ancestral House (Interior),interior,18.0,-48.7,66.8,0.95,25.0,OK,48.9,0,35,True,True
2026-08-29T09:23:00,143.0,CAM-02,Sony FX6,Marlon,Location A - Ancestral House (Interior),interior,32.0,-59.4,66.0,0.92,25.6,OK,47.2,0,35,True,True
2026-08-29T09:23:00,143.0,CAM-03,Sony FX3,Kiko,Location A - Ancestral House (Interior),interior,68.0,-79.8,48.4,0.61,25.8,DEGRADED,11.7,30,311,True,True
2026-08-29T09:23:00,143.0,CAM-04,Sony FX3,Dennis,Location A - Ancestral House (Interior),interior,45.0,-61.8,64.4,0.88,26.2,OK,42.4,0,117,True,True
2026-08-29T09:23:00,143.0,CAM-05,Blackmagic,Jorge,Location A - Ancestral House (Interior),interior,95.0,-70.8,60.6,0.79,26.3,DEGRADED,13.1,18,651,True,True
2026-08-29T09:23:30,143.5,CAM-01,Sony FX6,Ariel,Location A - Ancestral House (Interior),interior,18.0,-55.0,67.0,0.95,26.1,OK,48.1,0,35,True,True
2026-08-29T09:23:30,143.5,CAM-02,Sony FX6,Marlon,Location A - Ancestral House (Interior),interior,32.0,-59.5,66.3,0.92,25.1,OK,50.0,0,35,True,True
2026-08-29T09:23:30,143.5,CAM-03,Sony FX3,Kiko,Location A - Ancestral House (Interior),interior,68.0,-77.7,48.0,0.61,24.8,DEGRADED,15.4,13,529,True,True
2026-08-29T09:23:30,143.5,CAM-04,Sony FX3,Dennis,Location A - Ancestral House (Interior),interior,45.0,-58.0,64.5,0.88,27.0,OK,46.9,0,35,True,True
2026-08-29T09:23:30,143.5,CAM-05,Blackmagic,Jorge,Location A - Ancestral House (Interior),interior,95.0,-70.6,60.0,0.79,25.3,DEGRADED,13.7,71,664,True,True
2026-08-29T09:24:00,144.0,CAM-01,Sony FX6,Ariel,Location A - Ancestral House (Interior),interior,18.0,-52.7,67.3,0.95,26.5,OK,48.3,0,35,True,True
2026-08-29T09:24:00,144.0,CAM-02,Sony FX6,Marlon,Location A - Ancestral House (Interior),interior,32.0,-54.7,65.0,0.92,27.8,OK,45.7,0,35,True,True
2026-08-29T09:24:00,144.0,CAM-03,Sony FX3,Kiko,Location A - Ancestral House (Interior),interior,68.0,-78.0,47.2,0.61,26.8,DEGRADED,13.6,95,388,True,True
2026-08-29T09:24:00,144.0,CAM-04,Sony FX3,Dennis,Location A - Ancestral House (Interior),interior,45.0,-57.2,64.1,0.88,25.9,OK,47.3,0,35,True,True
2026-08-29T09:24:00,144.0,CAM-05,Blackmagic,Jorge,Location A - Ancestral House (Interior),interior,95.0,-70.4,59.3,0.79,26.0,DEGRADED,13.2,66,583,True,True
2026-08-29T09:24:30,144.5,CAM-01,Sony FX6,Ariel,Location A - Ancestral House (Interior),interior,18.0,-52.5,66.5,0.95,26.0,OK,46.5,0,35,True,True
2026-08-29T09:24:30,144.5,CAM-02,Sony FX6,Marlon,Location A - Ancestral House (Interior),interior,32.0,-58.0,65.7,0.92,26.3,OK,48.9,0,35,True,True
2026-08-29T09:24:30,144.5,CAM-03,Sony FX3,Kiko,Location A - Ancestral House (Interior),interior,68.0,-76.6,47.5,0.61,25.7,DEGRADED,13.0,29,204,True,True
2026-08-29T09:24:30,144.5,CAM-04,Sony FX3,Dennis,Location A - Ancestral House (Interior),interior,45.0,-60.9,63.4,0.88,26.1,OK,45.5,2,40,True,True
2026-08-29T09:24:30,144.5,CAM-05,Blackmagic,Jorge,Location A - Ancestral House (Interior),interior,95.0,-68.6,60.4,0.79,26.6,DEGRADED,20.0,63,378,True,True
2026-08-29T09:25:00,145.0,CAM-01,Sony FX6,Ariel,Location A - Ancestral House (Interior),interior,18.0,-53.8,67.2,0.95,26.0,OK,48.0,0,35,True,True
2026-08-29T09:25:00,145.0,CAM-02,Sony FX6,Marlon,Location A - Ancestral House (Interior),interior,32.0,-58.4,65.4,0.92,25.7,OK,46.2,0,35,True,True
2026-08-29T09:25:00,145.0,CAM-03,Sony FX3,Kiko,Location A - Ancestral House (Interior),interior,68.0,-78.8,47.5,0.61,27.4,DEGRADED,12.9,86,218,True,True
2026-08-29T09:25:00,145.0,CAM-04,Sony FX3,Dennis,Location A - Ancestral House (Interior),interior,45.0,-58.8,63.7,0.88,27.0,OK,47.7,0,35,True,True
2026-08-29T09:25:00,145.0,CAM-05,Blackmagic,Jorge,Location A - Ancestral House (Interior),interior,95.0,-71.1,59.4,0.79,26.0,DEGRADED,11.0,67,620,True,True
2026-08-29T09:25:30,145.5,CAM-01,Sony FX6,Ariel,Location A - Ancestral House (Interior),interior,18.0,-55.6,65.9,0.95,26.2,OK,47.0,0,35,True,True
2026-08-29T09:25:30,145.5,CAM-02,Sony FX6,Marlon,Location A - Ancestral House (Interior),interior,32.0,-56.5,64.6,0.92,26.3,OK,48.9,0,35,True,True
2026-08-29T09:25:30,145.5,CAM-03,Sony FX3,Kiko,Location A - Ancestral House (Interior),interior,68.0,-76.7,47.4,0.61,26.2,DEGRADED,15.5,83,187,True,True
2026-08-29T09:25:30,145.5,CAM-04,Sony FX3,Dennis,Location A - Ancestral House (Interior),interior,45.0,-63.7,63.7,0.88,25.9,OK,35.9,5,86,True,True
2026-08-29T09:25:30,145.5,CAM-05,Blackmagic,Jorge,Location A - Ancestral House (Interior),interior,95.0,-73.7,59.8,0.79,26.3,CRITICAL,4.4,31,787,True,True
2026-08-29T09:26:00,146.0,CAM-01,Sony FX6,Ariel,Location A - Ancestral House (Interior),interior,18.0,-52.8,66.2,0.95,24.7,OK,47.6,0,35,True,True
2026-08-29T09:26:00,146.0,CAM-02,Sony FX6,Marlon,Location A - Ancestral House (Interior),interior,32.0,-58.1,65.1,0.92,26.6,OK,45.7,0,35,True,True
2026-08-29T09:26:00,146.0,CAM-03,Sony FX3,Kiko,Location A - Ancestral House (Interior),interior,68.0,-77.7,47.5,0.61,26.7,DEGRADED,15.0,1,665,True,True
2026-08-29T09:26:00,146.0,CAM-04,Sony FX3,Dennis,Location A - Ancestral House (Interior),interior,45.0,-59.1,63.5,0.88,25.9,OK,46.6,0,35,True,True
2026-08-29T09:26:00,146.0,CAM-05,Blackmagic,Jorge,Location A - Ancestral House (Interior),interior,95.0,-74.2,59.4,0.79,25.6,CRITICAL,2.9,43,214,True,True
2026-08-29T09:26:30,146.5,CAM-01,Sony FX6,Ariel,Location A - Ancestral House (Interior),interior,18.0,-50.6,66.3,0.95,25.7,OK,47.4,0,35,True,True
2026-08-29T09:26:30,146.5,CAM-02,Sony FX6,Marlon,Location A - Ancestral House (Interior),interior,32.0,-58.5,65.4,0.92,26.2,OK,47.3,0,35,True,True
2026-08-29T09:26:30,146.5,CAM-03,Sony FX3,Kiko,Location A - Ancestral House (Interior),interior,68.0,-79.0,47.3,0.61,25.7,DEGRADED,10.7,93,325,True,True
2026-08-29T09:26:30,146.5,CAM-04,Sony FX3,Dennis,Location A - Ancestral House (Interior),interior,45.0,-57.1,62.9,0.88,26.4,OK,48.6,0,35,True,True
2026-08-29T09:26:30,146.5,CAM-05,Blackmagic,Jorge,Location A - Ancestral House (Interior),interior,95.0,-69.4,59.1,0.79,25.7,DEGRADED,17.4,81,556,True,True
2026-08-29T09:27:00,147.0,CAM-01,Sony FX6,Ariel,Location A - Ancestral House (Interior),interior,18.0,-51.4,65.6,0.95,26.4,OK,49.7,0,35,True,True
2026-08-29T09:27:00,147.0,CAM-02,Sony FX6,Marlon,Location A - Ancestral House (Interior),interior,32.0,-55.9,65.3,0.92,25.5,OK,50.6,0,35,True,True
2026-08-29T09:27:00,147.0,CAM-03,Sony FX3,Kiko,Location A - Ancestral House (Interior),interior,68.0,-75.2,46.7,0.61,27.3,DEGRADED,15.4,65,116,True,True
2026-08-29T09:27:00,147.0,CAM-04,Sony FX3,Dennis,Location A - Ancestral House (Interior),interior,45.0,-55.0,63.3,0.88,26.7,OK,49.8,0,35,True,True
2026-08-29T09:27:00,147.0,CAM-05,Blackmagic,Jorge,Location A - Ancestral House (Interior),interior,95.0,-72.0,58.4,0.79,25.7,CRITICAL,9.7,64,727,True,True
2026-08-29T09:27:30,147.5,CAM-01,Sony FX6,Ariel,Location A - Ancestral House (Interior),interior,18.0,-54.0,66.0,0.95,26.5,OK,48.0,0,35,True,True
2026-08-29T09:27:30,147.5,CAM-02,Sony FX6,Marlon,Location A - Ancestral House (Interior),interior,32.0,-60.8,65.0,0.92,24.8,OK,46.8,2,74,True,True
2026-08-29T09:27:30,147.5,CAM-03,Sony FX3,Kiko,Location A - Ancestral House (Interior),interior,68.0,-79.1,46.6,0.61,25.2,DEGRADED,12.4,56,420,True,True
2026-08-29T09:27:30,147.5,CAM-04,Sony FX3,Dennis,Location A - Ancestral House (Interior),interior,45.0,-59.2,62.8,0.88,25.3,OK,47.2,0,35,True,True
2026-08-29T09:27:30,147.5,CAM-05,Blackmagic,Jorge,Location A - Ancestral House (Interior),interior,95.0,-71.4,58.3,0.79,26.0,DEGRADED,11.6,105,91,True,True
2026-08-29T09:28:00,148.0,CAM-01,Sony FX6,Ariel,Location A - Ancestral House (Interior),interior,18.0,-58.9,65.4,0.95,26.2,OK,47.7,0,35,True,True
2026-08-29T09:28:00,148.0,CAM-02,Sony FX6,Marlon,Location A - Ancestral House (Interior),interior,32.0,-55.1,64.1,0.92,25.9,OK,48.8,0,35,True,True
2026-08-29T09:28:00,148.0,CAM-03,Sony FX3,Kiko,Location A - Ancestral House (Interior),interior,68.0,-77.0,46.5,0.61,26.1,DEGRADED,13.8,13,646,True,True
2026-08-29T09:28:00,148.0,CAM-04,Sony FX3,Dennis,Location A - Ancestral House (Interior),interior,45.0,-60.8,62.6,0.88,28.0,OK,46.1,2,69,True,True
2026-08-29T09:28:00,148.0,CAM-05,Blackmagic,Jorge,Location A - Ancestral House (Interior),interior,95.0,-71.8,58.7,0.79,26.8,DEGRADED,7.7,3,323,True,True
2026-08-29T09:28:30,148.5,CAM-01,Sony FX6,Ariel,Location A - Ancestral House (Interior),interior,18.0,-53.0,65.7,0.95,24.7,OK,46.8,0,35,True,True
2026-08-29T09:28:30,148.5,CAM-02,Sony FX6,Marlon,Location A - Ancestral House (Interior),interior,32.0,-57.9,63.8,0.92,25.8,OK,46.8,0,35,True,True
2026-08-29T09:28:30,148.5,CAM-03,Sony FX3,Kiko,Location A - Ancestral House (Interior),interior,68.0,-77.9,45.8,0.61,25.9,DEGRADED,13.9,89,98,True,True
2026-08-29T09:28:30,148.5,CAM-04,Sony FX3,Dennis,Location A - Ancestral House (Interior),interior,45.0,-60.1,62.4,0.88,27.5,OK,47.9,0,40,True,True
2026-08-29T09:28:30,148.5,CAM-05,Blackmagic,Jorge,Location A - Ancestral House (Interior),interior,95.0,-75.2,58.4,0.79,26.8,DEGRADED,15.7,65,307,True,True
2026-08-29T09:29:00,149.0,CAM-01,Sony FX6,Ariel,Location A - Ancestral House (Interior),interior,18.0,-50.5,66.4,0.95,23.8,OK,47.4,0,35,True,True
2026-08-29T09:29:00,149.0,CAM-02,Sony FX6,Marlon,Location A - Ancestral House (Interior),interior,32.0,-58.9,64.2,0.92,26.5,OK,50.3,0,35,True,True
2026-08-29T09:29:00,149.0,CAM-03,Sony FX3,Kiko,Location A - Ancestral House (Interior),interior,68.0,-77.7,45.9,0.61,25.6,DEGRADED,15.3,83,178,True,True
2026-08-29T09:29:00,149.0,CAM-04,Sony FX3,Dennis,Location A - Ancestral House (Interior),interior,45.0,-59.1,62.2,0.88,26.1,OK,48.7,0,35,True,True
2026-08-29T09:29:00,149.0,CAM-05,Blackmagic,Jorge,Location A - Ancestral House (Interior),interior,95.0,-71.0,58.4,0.79,25.8,DEGRADED,14.6,6,446,True,True
2026-08-29T09:29:30,149.5,CAM-01,Sony FX6,Ariel,Location A - Ancestral House (Interior),interior,18.0,-53.7,65.0,0.95,24.9,OK,47.3,0,35,True,True
2026-08-29T09:29:30,149.5,CAM-02,Sony FX6,Marlon,Location A - Ancestral House (Interior),interior,32.0,-55.0,64.2,0.92,24.7,OK,47.0,0,35,True,True
2026-08-29T09:29:30,149.5,CAM-03,Sony FX3,Kiko,Location A - Ancestral House (Interior),interior,68.0,-78.6,46.1,0.61,25.6,DEGRADED,13.1,41,202,True,True
2026-08-29T09:29:30,149.5,CAM-04,Sony FX3,Dennis,Location A - Ancestral House (Interior),interior,45.0,-60.1,62.0,0.88,27.2,OK,47.3,0,37,True,True
2026-08-29T09:29:30,149.5,CAM-05,Blackmagic,Jorge,Location A - Ancestral House (Interior),interior,95.0,-71.4,58.2,0.79,26.2,DEGRADED,10.7,62,324,True,True
2026-08-29T09:30:00,150.0,CAM-01,Sony FX6,Ariel,Location A - Ancestral House (Interior),interior,18.0,-57.5,64.9,0.95,25.9,OK,48.8,0,35,True,True
2026-08-29T09:30:00,150.0,CAM-02,Sony FX6,Marlon,Location A - Ancestral House (Interior),interior,32.0,-54.9,64.5,0.92,27.1,OK,46.2,0,35,True,True
2026-08-29T09:30:00,150.0,CAM-03,Sony FX3,Kiko,Location A - Ancestral House (Interior),interior,68.0,-76.0,46.8,0.61,24.7,DEGRADED,15.3,61,604,True,True
2026-08-29T09:30:00,150.0,CAM-04,Sony FX3,Dennis,Location A - Ancestral House (Interior),interior,45.0,-62.2,63.1,0.88,25.6,OK,42.2,17,96,True,True
2026-08-29T09:30:00,150.0,CAM-05,Blackmagic,Jorge,Location A - Ancestral House (Interior),interior,95.0,-68.4,57.8,0.79,25.6,DEGRADED,21.8,47,103,True,True
2026-08-29T09:30:30,150.5,CAM-01,Sony FX6,Ariel,Location A - Ancestral House (Interior),interior,18.0,-52.0,65.6,0.95,24.6,OK,48.0,0,35,True,True
2026-08-29T09:30:30,150.5,CAM-02,Sony FX6,Marlon,Location A - Ancestral House (Interior),interior,32.0,-63.3,63.7,0.92,26.1,OK,36.8,2,106,True,True
2026-08-29T09:30:30,150.5,CAM-03,Sony FX3,Kiko,Location A - Ancestral House (Interior),interior,68.0,-78.0,45.6,0.61,25.9,DEGRADED,14.3,9,188,True,True
2026-08-29T09:30:30,150.5,CAM-04,Sony FX3,Dennis,Location A - Ancestral House (Interior),interior,45.0,-59.9,62.1,0.88,25.4,OK,48.2,0,35,True,True
2026-08-29T09:30:30,150.5,CAM-05,Blackmagic,Jorge,Location A - Ancestral House (Interior),interior,95.0,-70.6,58.2,0.79,25.8,DEGRADED,13.9,84,315,True,True
2026-08-29T09:31:00,151.0,CAM-01,Sony FX6,Ariel,Location A - Ancestral House (Interior),interior,18.0,-50.7,64.3,0.95,26.5,OK,49.0,0,35,True,True
2026-08-29T09:31:00,151.0,CAM-02,Sony FX6,Marlon,Location A - Ancestral House (Interior),interior,32.0,-60.1,64.3,0.92,25.4,OK,47.6,0,39,True,True
2026-08-29T09:31:00,151.0,CAM-03,Sony FX3,Kiko,Location A - Ancestral House (Interior),interior,68.0,-81.6,45.1,0.61,26.0,CRITICAL,7.1,95,90,True,True
2026-08-29T09:31:00,151.0,CAM-04,Sony FX3,Dennis,Location A - Ancestral House (Interior),interior,45.0,-59.1,62.0,0.88,26.4,OK,49.3,0,35,True,True
2026-08-29T09:31:00,151.0,CAM-05,Blackmagic,Jorge,Location A - Ancestral House (Interior),interior,95.0,-72.3,58.0,0.79,24.9,CRITICAL,9.1,103,404,True,True
2026-08-29T09:31:30,151.5,CAM-01,Sony FX6,Ariel,Location A - Ancestral House (Interior),interior,18.0,-50.7,65.2,0.95,27.6,OK,46.3,0,35,True,True
2026-08-29T09:31:30,151.5,CAM-02,Sony FX6,Marlon,Location A - Ancestral House (Interior),interior,32.0,-58.7,64.1,0.92,26.9,OK,48.0,0,35,True,True
2026-08-29T09:31:30,151.5,CAM-03,Sony FX3,Kiko,Location A - Ancestral House (Interior),interior,68.0,-79.6,45.5,0.61,26.5,DEGRADED,12.3,69,289,True,True
2026-08-29T09:31:30,151.5,CAM-04,Sony FX3,Dennis,Location A - Ancestral House (Interior),interior,45.0,-57.2,62.2,0.88,24.6,OK,50.4,0,35,True,True
2026-08-29T09:31:30,151.5,CAM-05,Blackmagic,Jorge,Location A - Ancestral House (Interior),interior,95.0,-72.1,57.8,0.79,27.3,CRITICAL,6.5,77,266,True,True
2026-08-29T09:32:00,152.0,CAM-01,Sony FX6,Ariel,Location A - Ancestral House (Interior),interior,18.0,-54.4,64.7,0.95,26.7,OK,48.6,0,35,True,True
2026-08-29T09:32:00,152.0,CAM-02,Sony FX6,Marlon,Location A - Ancestral House (Interior),interior,32.0,-55.9,63.3,0.92,25.7,OK,47.0,0,35,True,True
2026-08-29T09:32:00,152.0,CAM-03,Sony FX3,Kiko,Location A - Ancestral House (Interior),interior,68.0,-78.0,45.0,0.61,26.0,DEGRADED,12.0,35,336,True,True
2026-08-29T09:32:00,152.0,CAM-04,Sony FX3,Dennis,Location A - Ancestral House (Interior),interior,45.0,-63.5,62.1,0.88,26.7,OK,38.8,11,184,True,True
2026-08-29T09:32:00,152.0,CAM-05,Blackmagic,Jorge,Location A - Ancestral House (Interior),interior,95.0,-71.6,57.7,0.79,26.2,DEGRADED,8.9,8,515,True,True
2026-08-29T09:32:30,152.5,CAM-01,Sony FX6,Ariel,Location A - Ancestral House (Interior),interior,18.0,-55.2,64.4,0.95,27.9,OK,47.7,0,35,True,True
2026-08-29T09:32:30,152.5,CAM-02,Sony FX6,Marlon,Location A - Ancestral House (Interior),interior,32.0,-58.3,63.7,0.92,25.6,OK,48.2,0,35,True,True
2026-08-29T09:32:30,152.5,CAM-03,Sony FX3,Kiko,Location A - Ancestral House (Interior),interior,68.0,-77.6,44.9,0.61,25.9,DEGRADED,13.4,45,581,True,True
2026-08-29T09:32:30,152.5,CAM-04,Sony FX3,Dennis,Location A - Ancestral House (Interior),interior,45.0,-58.5,62.2,0.88,26.4,OK,47.9,0,35,True,True
2026-08-29T09:32:30,152.5,CAM-05,Blackmagic,Jorge,Location A - Ancestral House (Interior),interior,95.0,-73.8,57.8,0.79,26.4,CRITICAL,5.1,44,826,True,True
2026-08-29T09:33:00,153.0,CAM-01,Sony FX6,Ariel,Location A - Ancestral House (Interior),interior,18.0,-50.9,64.5,0.95,27.5,OK,48.2,0,35,True,True
2026-08-29T09:33:00,153.0,CAM-02,Sony FX6,Marlon,Location A - Ancestral House (Interior),interior,32.0,-62.2,63.4,0.92,25.6,OK,38.9,9,94,True,True
2026-08-29T09:33:00,153.0,CAM-03,Sony FX3,Kiko,Location A - Ancestral House (Interior),interior,68.0,-81.7,45.2,0.61,24.7,CRITICAL,7.8,13,207,True,True
2026-08-29T09:33:00,153.0,CAM-04,Sony FX3,Dennis,Location A - Ancestral House (Interior),interior,45.0,-61.4,61.9,0.88,25.2,OK,42.5,4,106,True,True
2026-08-29T09:33:00,153.0,CAM-05,Blackmagic,Jorge,Location A - Ancestral House (Interior),interior,95.0,-72.2,57.0,0.79,25.8,CRITICAL,11.0,105,669,True,True
2026-08-29T09:33:30,153.5,CAM-01,Sony FX6,Ariel,Location A - Ancestral House (Interior),interior,18.0,-49.8,64.4,0.95,26.9,OK,49.3,0,35,True,True
2026-08-29T09:33:30,153.5,CAM-02,Sony FX6,Marlon,Location A - Ancestral House (Interior),interior,32.0,-61.5,63.3,0.92,26.3,OK,42.9,6,89,True,True
2026-08-29T09:33:30,153.5,CAM-03,Sony FX3,Kiko,Location A - Ancestral House (Interior),interior,68.0,-78.4,44.7,0.61,25.5,DEGRADED,12.9,47,316,True,True
2026-08-29T09:33:30,153.5,CAM-04,Sony FX3,Dennis,Location A - Ancestral House (Interior),interior,45.0,-59.3,62.0,0.88,27.5,OK,50.8,0,35,True,True
2026-08-29T09:33:30,153.5,CAM-05,Blackmagic,Jorge,Location A - Ancestral House (Interior),interior,95.0,-69.9,56.7,0.79,26.0,DEGRADED,16.1,34,198,True,True
2026-08-29T09:34:00,154.0,CAM-01,Sony FX6,Ariel,Location A - Ancestral House (Interior),interior,18.0,-54.7,65.1,0.95,25.9,OK,50.9,0,35,True,True
2026-08-29T09:34:00,154.0,CAM-02,Sony FX6,Marlon,Location A - Ancestral House (Interior),interior,32.0,-57.5,64.0,0.92,25.9,OK,48.1,0,35,True,True
2026-08-29T09:34:00,154.0,CAM-03,Sony FX3,Kiko,Location A - Ancestral House (Interior),interior,68.0,-78.7,43.8,0.61,25.4,DEGRADED,11.2,100,705,True,True
2026-08-29T09:34:00,154.0,CAM-04,Sony FX3,Dennis,Location A - Ancestral House (Interior),interior,45.0,-59.8,62.6,0.88,26.4,OK,50.0,0,35,True,True
2026-08-29T09:34:00,154.0,CAM-05,Blackmagic,Jorge,Location A - Ancestral House (Interior),interior,95.0,-72.4,57.0,0.79,24.6,CRITICAL,5.2,20,712,True,True
2026-08-29T09:34:30,154.5,CAM-01,Sony FX6,Ariel,Location A - Ancestral House (Interior),interior,18.0,-56.1,64.2,0.95,27.2,OK,49.6,0,35,True,True
2026-08-29T09:34:30,154.5,CAM-02,Sony FX6,Marlon,Location A - Ancestral House (Interior),interior,32.0,-56.9,62.3,0.92,25.6,OK,47.2,0,35,True,True
2026-08-29T09:34:30,154.5,CAM-03,Sony FX3,Kiko,Location A - Ancestral House (Interior),interior,68.0,-80.2,44.4,0.61,25.0,DEGRADED,10.9,65,100,True,True
2026-08-29T09:34:30,154.5,CAM-04,Sony FX3,Dennis,Location A - Ancestral House (Interior),interior,45.0,-61.5,60.5,0.88,26.7,OK,43.9,10,51,True,True
2026-08-29T09:34:30,154.5,CAM-05,Blackmagic,Jorge,Location A - Ancestral House (Interior),interior,95.0,-74.3,57.1,0.79,25.6,CRITICAL,3.1,119,329,True,True
2026-08-29T09:35:00,155.0,CAM-01,Sony FX6,Ariel,Location A - Ancestral House (Interior),interior,18.0,-55.4,64.0,0.95,26.3,OK,45.4,0,35,True,True
2026-08-29T09:35:00,155.0,CAM-02,Sony FX6,Marlon,Location A - Ancestral House (Interior),interior,32.0,-58.6,63.9,0.92,25.2,OK,46.5,0,35,True,True
2026-08-29T09:35:00,155.0,CAM-03,Sony FX3,Kiko,Location A - Ancestral House (Interior),interior,68.0,-83.6,44.2,0.61,26.5,CRITICAL,6.4,110,156,True,True
2026-08-29T09:35:00,155.0,CAM-04,Sony FX3,Dennis,Location A - Ancestral House (Interior),interior,45.0,-62.2,61.3,0.88,26.4,OK,39.7,10,46,True,True
2026-08-29T09:35:00,155.0,CAM-05,Blackmagic,Jorge,Location A - Ancestral House (Interior),interior,95.0,-66.4,57.3,0.79,27.1,DEGRADED,28.6,22,172,True,True
2026-08-29T09:35:30,155.5,CAM-01,Sony FX6,Ariel,Location A - Ancestral House (Interior),interior,18.0,-50.4,63.6,0.95,26.0,OK,48.2,0,35,True,True
2026-08-29T09:35:30,155.5,CAM-02,Sony FX6,Marlon,Location A - Ancestral House (Interior),interior,32.0,-58.2,62.8,0.92,28.5,OK,47.3,0,35,True,True
2026-08-29T09:35:30,155.5,CAM-03,Sony FX3,Kiko,Location A - Ancestral House (Interior),interior,68.0,-82.1,43.9,0.61,25.9,CRITICAL,4.2,22,106,True,True
2026-08-29T09:35:30,155.5,CAM-04,Sony FX3,Dennis,Location A - Ancestral House (Interior),interior,45.0,-57.5,61.2,0.88,26.9,OK,50.5,0,35,True,True
2026-08-29T09:35:30,155.5,CAM-05,Blackmagic,Jorge,Location A - Ancestral House (Interior),interior,95.0,-72.1,56.9,0.79,25.7,CRITICAL,5.8,30,409,True,True
2026-08-29T09:36:00,156.0,CAM-01,Sony FX6,Ariel,Location A - Ancestral House (Interior),interior,18.0,-51.8,63.8,0.95,25.4,OK,47.6,0,35,True,True
2026-08-29T09:36:00,156.0,CAM-02,Sony FX6,Marlon,Location A - Ancestral House (Interior),interior,32.0,-60.0,62.7,0.92,26.2,OK,48.9,0,35,True,True
2026-08-29T09:36:00,156.0,CAM-03,Sony FX3,Kiko,Location A - Ancestral House (Interior),interior,68.0,-81.4,44.1,0.61,24.8,CRITICAL,7.2,35,632,True,True
2026-08-29T09:36:00,156.0,CAM-04,Sony FX3,Dennis,Location A - Ancestral House (Interior),interior,45.0,-57.7,60.9,0.88,26.6,OK,46.9,0,35,True,True
2026-08-29T09:36:00,156.0,CAM-05,Blackmagic,Jorge,Location A - Ancestral House (Interior),interior,95.0,-73.5,56.2,0.79,25.1,CRITICAL,5.6,47,567,True,True
2026-08-29T09:36:30,156.5,CAM-01,Sony FX6,Ariel,Location A - Ancestral House (Interior),interior,18.0,-52.6,63.9,0.95,26.9,OK,48.4,0,35,True,True
2026-08-29T09:36:30,156.5,CAM-02,Sony FX6,Marlon,Location A - Ancestral House (Interior),interior,32.0,-56.3,62.1,0.92,26.7,OK,47.7,0,35,True,True
2026-08-29T09:36:30,156.5,CAM-03,Sony FX3,Kiko,Location A - Ancestral House (Interior),interior,68.0,-82.9,44.2,0.61,25.8,CRITICAL,7.0,79,356,True,True
2026-08-29T09:36:30,156.5,CAM-04,Sony FX3,Dennis,Location A - Ancestral House (Interior),interior,45.0,-59.9,60.7,0.88,26.0,OK,48.2,0,35,True,True
2026-08-29T09:36:30,156.5,CAM-05,Blackmagic,Jorge,Location A - Ancestral House (Interior),interior,95.0,-70.0,55.6,0.79,25.3,DEGRADED,15.4,56,370,True,True
2026-08-29T09:37:00,157.0,CAM-01,Sony FX6,Ariel,Location A - Ancestral House (Interior),interior,18.0,-52.4,63.8,0.95,24.7,OK,46.0,0,35,True,True
2026-08-29T09:37:00,157.0,CAM-02,Sony FX6,Marlon,Location A - Ancestral House (Interior),interior,32.0,-56.0,62.2,0.92,26.0,OK,46.7,0,35,True,True
2026-08-29T09:37:00,157.0,CAM-03,Sony FX3,Kiko,Location A - Ancestral House (Interior),interior,68.0,-80.5,42.9,0.61,26.8,DEGRADED,9.6,13,197,True,True
2026-08-29T09:37:00,157.0,CAM-04,Sony FX3,Dennis,Location A - Ancestral House (Interior),interior,45.0,-61.2,61.1,0.88,25.4,OK,43.6,7,97,True,True
2026-08-29T09:37:00,157.0,CAM-05,Blackmagic,Jorge,Location A - Ancestral House (Interior),interior,95.0,-66.5,56.2,0.79,25.7,DEGRADED,30.0,24,387,True,True
2026-08-29T09:37:30,157.5,CAM-01,Sony FX6,Ariel,Location A - Ancestral House (Interior),interior,18.0,-53.2,63.5,0.95,25.8,OK,47.6,0,35,True,True
2026-08-29T09:37:30,157.5,CAM-02,Sony FX6,Marlon,Location A - Ancestral House (Interior),interior,32.0,-58.1,62.0,0.92,26.0,OK,46.5,0,35,True,True
2026-08-29T09:37:30,157.5,CAM-03,Sony FX3,Kiko,Location A - Ancestral House (Interior),interior,68.0,-83.2,42.9,0.61,25.7,CRITICAL,4.6,103,794,True,True
2026-08-29T09:37:30,157.5,CAM-04,Sony FX3,Dennis,Location A - Ancestral House (Interior),interior,45.0,-58.6,60.9,0.88,25.9,OK,47.8,0,35,True,True
2026-08-29T09:37:30,157.5,CAM-05,Blackmagic,Jorge,Location A - Ancestral House (Interior),interior,95.0,-69.8,56.4,0.79,25.7,DEGRADED,15.2,15,179,True,True
2026-08-29T09:38:00,158.0,CAM-01,Sony FX6,Ariel,Location A - Ancestral House (Interior),interior,18.0,-52.1,63.2,0.95,28.0,OK,45.4,0,35,True,True
2026-08-29T09:38:00,158.0,CAM-02,Sony FX6,Marlon,Location A - Ancestral House (Interior),interior,32.0,-58.0,62.9,0.92,27.5,OK,50.3,0,35,True,True
2026-08-29T09:38:00,158.0,CAM-03,Sony FX3,Kiko,Location A - Ancestral House (Interior),interior,68.0,-84.7,42.5,0.61,25.9,CRITICAL,5.2,17,442,True,True
2026-08-29T09:38:00,158.0,CAM-04,Sony FX3,Dennis,Location A - Ancestral House (Interior),interior,45.0,-57.1,61.1,0.88,26.0,OK,44.9,0,35,True,True
2026-08-29T09:38:00,158.0,CAM-05,Blackmagic,Jorge,Location A - Ancestral House (Interior),interior,95.0,-72.4,56.1,0.79,25.0,CRITICAL,8.0,76,762,True,True
2026-08-29T09:38:30,158.5,CAM-01,Sony FX6,Ariel,Location A - Ancestral House (Interior),interior,18.0,-55.3,63.9,0.95,26.1,OK,49.2,0,35,True,True
2026-08-29T09:38:30,158.5,CAM-02,Sony FX6,Marlon,Location A - Ancestral House (Interior),interior,32.0,-62.0,61.8,0.92,25.3,OK,39.5,3,51,True,True
2026-08-29T09:38:30,158.5,CAM-03,Sony FX3,Kiko,Location A - Ancestral House (Interior),interior,68.0,-81.1,42.8,0.61,26.6,CRITICAL,9.0,93,212,True,True
2026-08-29T09:38:30,158.5,CAM-04,Sony FX3,Dennis,Location A - Ancestral House (Interior),interior,45.0,-59.0,60.5,0.88,25.2,OK,47.0,0,35,True,True
2026-08-29T09:38:30,158.5,CAM-05,Blackmagic,Jorge,Location A - Ancestral House (Interior),interior,95.0,-72.3,56.3,0.79,26.5,CRITICAL,10.1,104,234,True,True
2026-08-29T09:39:00,159.0,CAM-01,Sony FX6,Ariel,Location A - Ancestral House (Interior),interior,18.0,-57.7,64.0,0.95,26.6,OK,46.7,0,35,True,True
2026-08-29T09:39:00,159.0,CAM-02,Sony FX6,Marlon,Location A - Ancestral House (Interior),interior,32.0,-58.0,62.2,0.92,25.4,OK,50.8,0,35,True,True
2026-08-29T09:39:00,159.0,CAM-03,Sony FX3,Kiko,Location A - Ancestral House (Interior),interior,68.0,-79.4,42.2,0.61,26.1,DEGRADED,14.3,20,99,True,True
2026-08-29T09:39:00,159.0,CAM-04,Sony FX3,Dennis,Location A - Ancestral House (Interior),interior,45.0,-61.4,59.9,0.88,25.8,OK,46.9,1,74,True,True
2026-08-29T09:39:00,159.0,CAM-05,Blackmagic,Jorge,Location A - Ancestral House (Interior),interior,95.0,-69.8,56.1,0.79,25.7,DEGRADED,16.6,24,127,True,True
2026-08-29T09:39:30,159.5,CAM-01,Sony FX6,Ariel,Location A - Ancestral House (Interior),interior,18.0,-55.9,62.5,0.95,25.4,OK,48.6,0,35,True,True
2026-08-29T09:39:30,159.5,CAM-02,Sony FX6,Marlon,Location A - Ancestral House (Interior),interior,32.0,-60.3,61.8,0.92,24.9,OK,48.0,1,52,True,True
2026-08-29T09:39:30,159.5,CAM-03,Sony FX3,Kiko,Location A - Ancestral House (Interior),interior,68.0,-82.0,42.6,0.61,26.6,CRITICAL,8.0,7,156,True,True
2026-08-29T09:39:30,159.5,CAM-04,Sony FX3,Dennis,Location A - Ancestral House (Interior),interior,45.0,-59.7,60.7,0.88,25.8,OK,46.5,0,35,True,True
2026-08-29T09:39:30,159.5,CAM-05,Blackmagic,Jorge,Location A - Ancestral House (Interior),interior,95.0,-70.1,55.4,0.79,26.4,DEGRADED,18.2,32,238,True,True
2026-08-29T09:40:00,160.0,CAM-01,Sony FX6,Ariel,Location A - Ancestral House (Interior),interior,18.0,-56.7,62.6,0.95,26.8,OK,49.0,0,35,True,True
2026-08-29T09:40:00,160.0,CAM-02,Sony FX6,Marlon,Location A - Ancestral House (Interior),interior,32.0,-59.4,62.6,0.92,26.0,OK,49.3,0,35,True,True
2026-08-29T09:40:00,160.0,CAM-03,Sony FX3,Kiko,Location A - Ancestral House (Interior),interior,68.0,-81.4,42.2,0.61,26.9,CRITICAL,8.7,38,206,True,True
2026-08-29T09:40:00,160.0,CAM-04,Sony FX3,Dennis,Location A - Ancestral House (Interior),interior,45.0,-60.2,60.2,0.88,25.3,OK,44.7,1,46,True,True
2026-08-29T09:40:00,160.0,CAM-05,Blackmagic,Jorge,Location A - Ancestral House (Interior),interior,95.0,-73.5,55.2,0.79,26.0,CRITICAL,5.5,103,517,True,True
2026-08-29T09:40:30,160.5,CAM-01,Sony FX6,Ariel,Location A - Ancestral House (Interior),interior,18.0,-49.6,62.8,0.95,25.5,OK,47.9,0,35,True,True
2026-08-29T09:40:30,160.5,CAM-02,Sony FX6,Marlon,Location A - Ancestral House (Interior),interior,32.0,-59.0,62.2,0.92,24.8,OK,48.7,0,35,True,True
2026-08-29T09:40:30,160.5,CAM-03,Sony FX3,Kiko,Location A - Ancestral House (Interior),interior,68.0,-84.6,42.1,0.61,26.7,CRITICAL,4.5,90,769,True,True
2026-08-29T09:40:30,160.5,CAM-04,Sony FX3,Dennis,Location A - Ancestral House (Interior),interior,45.0,-59.5,59.1,0.88,26.9,OK,46.8,0,35,True,True
2026-08-29T09:40:30,160.5,CAM-05,Blackmagic,Jorge,Location A - Ancestral House (Interior),interior,95.0,-71.4,55.2,0.79,27.6,DEGRADED,11.1,70,171,True,True
2026-08-29T09:41:00,161.0,CAM-01,Sony FX6,Ariel,Location A - Ancestral House (Interior),interior,18.0,-55.4,62.7,0.95,25.9,OK,44.0,0,35,True,True
2026-08-29T09:41:00,161.0,CAM-02,Sony FX6,Marlon,Location A - Ancestral House (Interior),interior,32.0,-55.9,62.4,0.92,24.7,OK,45.0,0,35,True,True
2026-08-29T09:41:00,161.0,CAM-03,Sony FX3,Kiko,Location A - Ancestral House (Interior),interior,68.0,-80.7,41.7,0.61,26.9,CRITICAL,9.0,29,541,True,True
2026-08-29T09:41:00,161.0,CAM-04,Sony FX3,Dennis,Location A - Ancestral House (Interior),interior,45.0,-58.5,59.5,0.88,23.8,OK,50.4,0,35,True,True
2026-08-29T09:41:00,161.0,CAM-05,Blackmagic,Jorge,Location A - Ancestral House (Interior),interior,95.0,-73.3,55.1,0.79,25.4,CRITICAL,4.4,56,809,True,True
2026-08-29T09:41:30,161.5,CAM-01,Sony FX6,Ariel,Location A - Ancestral House (Interior),interior,18.0,-53.3,62.3,0.95,26.9,OK,47.7,0,35,True,True
2026-08-29T09:41:30,161.5,CAM-02,Sony FX6,Marlon,Location A - Ancestral House (Interior),interior,32.0,-54.4,62.2,0.92,25.2,OK,46.4,0,35,True,True
2026-08-29T09:41:30,161.5,CAM-03,Sony FX3,Kiko,Location A - Ancestral House (Interior),interior,68.0,-82.7,41.7,0.61,26.6,CRITICAL,7.2,71,124,True,True
2026-08-29T09:41:30,161.5,CAM-04,Sony FX3,Dennis,Location A - Ancestral House (Interior),interior,45.0,-61.0,60.0,0.88,26.0,OK,44.8,2,58,True,True
2026-08-29T09:41:30,161.5,CAM-05,Blackmagic,Jorge,Location A - Ancestral House (Interior),interior,95.0,-72.2,55.8,0.79,25.3,CRITICAL,6.7,17,142,True,True
2026-08-29T09:42:00,162.0,CAM-01,Sony FX6,Ariel,Location A - Ancestral House (Interior),interior,18.0,-54.7,63.8,0.95,26.3,OK,49.9,0,35,True,True
2026-08-29T09:42:00,162.0,CAM-02,Sony FX6,Marlon,Location A - Ancestral House (Interior),interior,32.0,-59.8,61.3,0.92,26.4,OK,46.0,0,35,True,True
2026-08-29T09:42:00,162.0,CAM-03,Sony FX3,Kiko,Location A - Ancestral House (Interior),interior,68.0,-81.6,41.8,0.61,25.8,CRITICAL,9.5,65,556,True,True
2026-08-29T09:42:00,162.0,CAM-04,Sony FX3,Dennis,Location A - Ancestral House (Interior),interior,45.0,-61.4,60.0,0.88,25.8,OK,42.6,1,84,True,True
2026-08-29T09:42:00,162.0,CAM-05,Blackmagic,Jorge,Location A - Ancestral House (Interior),interior,95.0,-71.6,55.0,0.79,25.0,DEGRADED,10.0,59,325,True,True
2026-08-29T09:42:30,162.5,CAM-01,Sony FX6,Ariel,Location A - Ancestral House (Interior),interior,18.0,-52.1,62.1,0.95,26.6,OK,49.2,0,35,True,True
2026-08-29T09:42:30,162.5,CAM-02,Sony FX6,Marlon,Location A - Ancestral House (Interior),interior,32.0,-58.4,60.7,0.92,25.2,OK,48.7,0,35,True,True
2026-08-29T09:42:30,162.5,CAM-03,Sony FX3,Kiko,Location A - Ancestral House (Interior),interior,68.0,-88.3,41.0,0.61,24.8,CRITICAL,1.2,86,349,True,True
2026-08-29T09:42:30,162.5,CAM-04,Sony FX3,Dennis,Location A - Ancestral House (Interior),interior,45.0,-60.0,59.9,0.88,26.7,OK,49.3,0,35,True,True
2026-08-29T09:42:30,162.5,CAM-05,Blackmagic,Jorge,Location A - Ancestral House (Interior),interior,95.0,-71.3,54.3,0.79,25.9,DEGRADED,11.9,85,633,True,True
2026-08-29T09:43:00,163.0,CAM-01,Sony FX6,Ariel,Location A - Ancestral House (Interior),interior,18.0,-54.5,62.3,0.95,27.4,OK,49.0,0,35,True,True
2026-08-29T09:43:00,163.0,CAM-02,Sony FX6,Marlon,Location A - Ancestral House (Interior),interior,32.0,-56.3,61.2,0.92,25.3,OK,48.2,0,35,True,True
2026-08-29T09:43:00,163.0,CAM-03,Sony FX3,Kiko,Location A - Ancestral House (Interior),interior,68.0,-85.0,40.6,0.61,26.5,CRITICAL,4.2,18,661,True,True
2026-08-29T09:43:00,163.0,CAM-04,Sony FX3,Dennis,Location A - Ancestral House (Interior),interior,45.0,-61.7,59.3,0.88,25.3,OK,39.9,4,71,True,True
2026-08-29T09:43:00,163.0,CAM-05,Blackmagic,Jorge,Location A - Ancestral House (Interior),interior,95.0,-71.1,54.6,0.79,24.8,DEGRADED,12.7,11,79,True,True
2026-08-29T09:43:30,163.5,CAM-01,Sony FX6,Ariel,Location A - Ancestral House (Interior),interior,18.0,-54.7,62.0,0.95,26.4,OK,48.6,0,35,True,True
2026-08-29T09:43:30,163.5,CAM-02,Sony FX6,Marlon,Location A - Ancestral House (Interior),interior,32.0,-58.5,60.9,0.92,26.6,OK,49.1,0,35,True,True
2026-08-29T09:43:30,163.5,CAM-03,Sony FX3,Kiko,Location A - Ancestral House (Interior),interior,68.0,-82.0,40.6,0.61,26.5,CRITICAL,5.7,100,519,True,True
2026-08-29T09:43:30,163.5,CAM-04,Sony FX3,Dennis,Location A - Ancestral House (Interior),interior,45.0,-63.0,59.4,0.88,26.6,OK,40.9,18,75,True,True
2026-08-29T09:43:30,163.5,CAM-05,Blackmagic,Jorge,Location A - Ancestral House (Interior),interior,95.0,-71.5,54.0,0.79,25.3,DEGRADED,11.4,71,698,True,True
2026-08-29T09:44:00,164.0,CAM-01,Sony FX6,Ariel,Location A - Ancestral House (Interior),interior,18.0,-57.0,62.0,0.95,25.0,OK,49.5,0,35,True,True
2026-08-29T09:44:00,164.0,CAM-02,Sony FX6,Marlon,Location A - Ancestral House (Interior),interior,32.0,-58.2,60.8,0.92,25.0,OK,48.5,0,35,True,True
2026-08-29T09:44:00,164.0,CAM-03,Sony FX3,Kiko,Location A - Ancestral House (Interior),interior,68.0,-86.5,40.2,0.61,25.8,CRITICAL,1.6,121,868,True,True
2026-08-29T09:44:00,164.0,CAM-04,Sony FX3,Dennis,Location A - Ancestral House (Interior),interior,45.0,-63.6,59.1,0.88,25.6,OK,40.7,12,221,True,True
2026-08-29T09:44:00,164.0,CAM-05,Blackmagic,Jorge,Location A - Ancestral House (Interior),interior,95.0,-73.4,54.3,0.79,25.8,CRITICAL,3.7,7,580,True,True
2026-08-29T09:44:30,164.5,CAM-01,Sony FX6,Ariel,Location A - Ancestral House (Interior),interior,18.0,-55.9,62.4,0.95,25.3,OK,50.0,0,35,True,True
2026-08-29T09:44:30,164.5,CAM-02,Sony FX6,Marlon,Location A - Ancestral House (Interior),interior,32.0,-57.6,60.3,0.92,24.6,OK,50.1,0,35,True,True
2026-08-29T09:44:30,164.5,CAM-03,Sony FX3,Kiko,Location A - Ancestral House (Interior),interior,68.0,-87.0,40.8,0.61,24.4,CRITICAL,0.0,105,522,True,True
2026-08-29T09:44:30,164.5,CAM-04,Sony FX3,Dennis,Location A - Ancestral House (Interior),interior,45.0,-58.8,59.1,0.88,26.7,OK,47.6,0,35,True,True
2026-08-29T09:44:30,164.5,CAM-05,Blackmagic,Jorge,Location A - Ancestral House (Interior),interior,95.0,-67.2,54.4,0.79,26.2,DEGRADED,25.5,7,440,True,True
2026-08-29T09:45:00,165.0,CAM-01,Sony FX6,Ariel,Location A - Ancestral House (Interior),interior,18.0,-57.5,61.9,0.95,27.4,OK,47.7,0,35,True,True
2026-08-29T09:45:00,165.0,CAM-02,Sony FX6,Marlon,Location A - Ancestral House (Interior),interior,32.0,-56.7,60.4,0.92,27.0,OK,46.4,0,35,True,True
2026-08-29T09:45:00,165.0,CAM-03,Sony FX3,Kiko,Location A - Ancestral House (Interior),interior,68.0,,40.4,0.61,26.2,DOWN,0.0,0,,False,True
2026-08-29T09:45:00,165.0,CAM-04,Sony FX3,Dennis,Location A - Ancestral House (Interior),interior,45.0,-60.9,58.8,0.88,24.9,OK,47.0,2,73,True,True
2026-08-29T09:45:00,165.0,CAM-05,Blackmagic,Jorge,Location A - Ancestral House (Interior),interior,95.0,-75.5,53.2,0.79,27.7,DEGRADED,15.3,23,318,True,True
2026-08-29T09:45:30,165.5,CAM-01,Sony FX6,Ariel,Location A - Ancestral House (Interior),interior,18.0,-54.4,61.6,0.95,26.5,OK,49.4,0,35,True,True
2026-08-29T09:45:30,165.5,CAM-02,Sony FX6,Marlon,Location A - Ancestral House (Interior),interior,32.0,-54.3,59.9,0.92,25.4,OK,47.5,0,35,True,True
2026-08-29T09:45:30,165.5,CAM-03,Sony FX3,Kiko,Location A - Ancestral House (Interior),interior,68.0,,40.1,0.61,26.6,DOWN,0.0,0,,False,True
2026-08-29T09:45:30,165.5,CAM-04,Sony FX3,Dennis,Location A - Ancestral House (Interior),interior,45.0,-61.0,58.6,0.88,26.5,OK,47.0,8,74,True,True
2026-08-29T09:45:30,165.5,CAM-05,Blackmagic,Jorge,Location A - Ancestral House (Interior),interior,95.0,-75.5,53.9,0.79,25.2,DEGRADED,15.4,32,419,True,True
2026-08-29T09:46:00,166.0,CAM-01,Sony FX6,Ariel,Location A - Ancestral House (Interior),interior,18.0,-54.9,61.5,0.95,26.8,OK,48.6,0,35,True,True
2026-08-29T09:46:00,166.0,CAM-02,Sony FX6,Marlon,Location A - Ancestral House (Interior),interior,32.0,-54.4,60.6,0.92,25.9,OK,48.7,0,35,True,True
2026-08-29T09:46:00,166.0,CAM-03,Sony FX3,Kiko,Location A - Ancestral House (Interior),interior,68.0,,40.4,0.61,27.7,DOWN,0.0,0,,False,True
2026-08-29T09:46:00,166.0,CAM-04,Sony FX3,Dennis,Location A - Ancestral House (Interior),interior,45.0,-62.0,58.5,0.88,27.2,OK,44.4,18,51,True,True
2026-08-29T09:46:00,166.0,CAM-05,Blackmagic,Jorge,Location A - Ancestral House (Interior),interior,95.0,-69.5,53.1,0.79,25.3,DEGRADED,19.2,35,103,True,True
2026-08-29T09:46:30,166.5,CAM-01,Sony FX6,Ariel,Location A - Ancestral House (Interior),interior,18.0,-54.9,61.4,0.95,25.6,OK,44.7,0,35,True,True
2026-08-29T09:46:30,166.5,CAM-02,Sony FX6,Marlon,Location A - Ancestral House (Interior),interior,32.0,-56.9,60.0,0.92,26.5,OK,46.7,0,35,True,True
2026-08-29T09:46:30,166.5,CAM-03,Sony FX3,Kiko,Location A - Ancestral House (Interior),interior,68.0,,39.9,0.61,24.2,DOWN,0.0,0,,False,True
2026-08-29T09:46:30,166.5,CAM-04,Sony FX3,Dennis,Location A - Ancestral House (Interior),interior,45.0,-62.5,57.7,0.88,26.0,OK,40.6,22,171,True,True
2026-08-29T09:46:30,166.5,CAM-05,Blackmagic,Jorge,Location A - Ancestral House (Interior),interior,95.0,-72.4,53.0,0.79,28.2,CRITICAL,9.3,109,499,True,True
2026-08-29T09:47:00,167.0,CAM-01,Sony FX6,Ariel,Location A - Ancestral House (Interior),interior,18.0,-54.5,61.2,0.95,24.2,OK,46.8,0,35,True,True
2026-08-29T09:47:00,167.0,CAM-02,Sony FX6,Marlon,Location A - Ancestral House (Interior),interior,32.0,-55.2,60.2,0.92,25.5,OK,46.7,0,35,True,True
2026-08-29T09:47:00,167.0,CAM-03,Sony FX3,Kiko,Location A - Ancestral House (Interior),interior,68.0,,39.8,0.61,27.3,DOWN,0.0,0,,False,True
2026-08-29T09:47:00,167.0,CAM-04,Sony FX3,Dennis,Location A - Ancestral House (Interior),interior,45.0,-58.9,58.4,0.88,25.1,OK,49.5,0,35,True,True
2026-08-29T09:47:00,167.0,CAM-05,Blackmagic,Jorge,Location A - Ancestral House (Interior),interior,95.0,-73.9,54.1,0.79,26.4,CRITICAL,3.0,55,197,True,True
2026-08-29T09:47:30,167.5,CAM-01,Sony FX6,Ariel,Location A - Ancestral House (Interior),interior,18.0,-56.0,60.4,0.95,26.6,OK,49.4,0,35,True,True
2026-08-29T09:47:30,167.5,CAM-02,Sony FX6,Marlon,Location A - Ancestral House (Interior),interior,32.0,-58.0,60.2,0.92,26.2,OK,47.1,0,35,True,True
2026-08-29T09:47:30,167.5,CAM-03,Sony FX3,Kiko,Location A - Ancestral House (Interior),interior,68.0,,39.7,0.61,25.0,DOWN,0.0,0,,False,True
2026-08-29T09:47:30,167.5,CAM-04,Sony FX3,Dennis,Location A - Ancestral House (Interior),interior,45.0,-59.8,58.1,0.88,25.7,OK,45.3,0,35,True,True
2026-08-29T09:47:30,167.5,CAM-05,Blackmagic,Jorge,Location A - Ancestral House (Interior),interior,95.0,-71.1,53.5,0.79,25.3,DEGRADED,14.3,25,261,True,True
2026-08-29T09:48:00,168.0,CAM-01,Sony FX6,Ariel,Location A - Ancestral House (Interior),interior,18.0,-55.8,60.8,0.95,26.2,OK,48.4,0,35,True,True
2026-08-29T09:48:00,168.0,CAM-02,Sony FX6,Marlon,Location A - Ancestral House (Interior),interior,32.0,-61.4,59.8,0.92,24.9,OK,46.1,2,96,True,True
2026-08-29T09:48:00,168.0,CAM-03,Sony FX3,Kiko,Location A - Ancestral House (Interior),interior,68.0,,39.2,0.61,25.7,DOWN,0.0,0,,False,True
2026-08-29T09:48:00,168.0,CAM-04,Sony FX3,Dennis,Location A - Ancestral House (Interior),interior,45.0,-57.1,57.7,0.88,25.9,OK,47.4,0,35,True,True
2026-08-29T09:48:00,168.0,CAM-05,Blackmagic,Jorge,Location A - Ancestral House (Interior),interior,95.0,-73.8,53.1,0.79,24.9,CRITICAL,3.7,17,844,True,True
2026-08-29T09:48:30,168.5,CAM-01,Sony FX6,Ariel,Location A - Ancestral House (Interior),interior,18.0,-52.3,61.1,0.95,27.3,OK,48.4,0,35,True,True
2026-08-29T09:48:30,168.5,CAM-02,Sony FX6,Marlon,Location A - Ancestral House (Interior),interior,32.0,-55.7,60.3,0.92,25.8,OK,47.0,0,35,True,True
2026-08-29T09:48:30,168.5,CAM-03,Sony FX3,Kiko,Location A - Ancestral House (Interior),interior,68.0,,39.5,0.61,26.1,DOWN,0.0,0,,False,True
2026-08-29T09:48:30,168.5,CAM-04,Sony FX3,Dennis,Location A - Ancestral House (Interior),interior,45.0,-63.2,58.4,0.88,26.6,OK,38.4,18,136,True,True
2026-08-29T09:48:30,168.5,CAM-05,Blackmagic,Jorge,Location A - Ancestral House (Interior),interior,95.0,-69.9,52.8,0.79,26.5,DEGRADED,16.6,17,313,True,True
2026-08-29T09:49:00,169.0,CAM-01,Sony FX6,Ariel,Location A - Ancestral House (Interior),interior,18.0,-52.0,61.0,0.95,25.3,OK,47.6,0,35,True,True
2026-08-29T09:49:00,169.0,CAM-02,Sony FX6,Marlon,Location A - Ancestral House (Interior),interior,32.0,-53.9,59.0,0.92,27.2,OK,46.5,0,35,True,True
2026-08-29T09:49:00,169.0,CAM-03,Sony FX3,Kiko,Location A - Ancestral House (Interior),interior,68.0,,39.7,0.61,25.2,DOWN,0.0,0,,False,True
2026-08-29T09:49:00,169.0,CAM-04,Sony FX3,Dennis,Location A - Ancestral House (Interior),interior,45.0,-59.2,57.7,0.88,24.7,OK,48.7,0,35,True,True
2026-08-29T09:49:00,169.0,CAM-05,Blackmagic,Jorge,Location A - Ancestral House (Interior),interior,95.0,-71.0,52.6,0.79,24.6,DEGRADED,14.3,58,429,True,True
2026-08-29T09:49:30,169.5,CAM-01,Sony FX6,Ariel,Location A - Ancestral House (Interior),interior,18.0,-54.7,60.5,0.95,25.9,OK,46.2,0,35,True,True
2026-08-29T09:49:30,169.5,CAM-02,Sony FX6,Marlon,Location A - Ancestral House (Interior),interior,32.0,-55.3,60.2,0.92,26.1,OK,48.6,0,35,True,True
2026-08-29T09:49:30,169.5,CAM-03,Sony FX3,Kiko,Location A - Ancestral House (Interior),interior,68.0,,38.7,0.61,26.7,DOWN,0.0,0,,False,True
2026-08-29T09:49:30,169.5,CAM-04,Sony FX3,Dennis,Location A - Ancestral House (Interior),interior,45.0,-61.7,57.4,0.88,25.2,OK,40.4,12,99,True,True
2026-08-29T09:49:30,169.5,CAM-05,Blackmagic,Jorge,Location A - Ancestral House (Interior),interior,95.0,-69.3,53.2,0.79,25.7,DEGRADED,19.3,15,313,True,True
2026-08-29T09:50:00,170.0,CAM-01,Sony FX6,Ariel,Location A - Ancestral House (Interior),interior,18.0,-56.1,60.8,0.95,26.9,OK,47.6,0,35,True,True
2026-08-29T09:50:00,170.0,CAM-02,Sony FX6,Marlon,Location A - Ancestral House (Interior),interior,32.0,-52.9,59.7,0.92,25.8,OK,50.0,0,35,True,True
2026-08-29T09:50:00,170.0,CAM-03,Sony FX3,Kiko,Location A - Ancestral House (Interior),interior,68.0,,39.3,0.61,25.7,DOWN,0.0,0,,False,True
2026-08-29T09:50:00,170.0,CAM-04,Sony FX3,Dennis,Location A - Ancestral House (Interior),interior,45.0,-55.8,57.9,0.88,26.8,OK,49.3,0,35,True,True
2026-08-29T09:50:00,170.0,CAM-05,Blackmagic,Jorge,Location A - Ancestral House (Interior),interior,95.0,-68.9,53.2,0.79,26.3,DEGRADED,20.8,3,428,True,True
2026-08-29T09:50:30,170.5,CAM-01,Sony FX6,Ariel,Location A - Ancestral House (Interior),interior,18.0,-56.0,61.1,0.95,26.5,OK,47.9,0,35,True,True
2026-08-29T09:50:30,170.5,CAM-02,Sony FX6,Marlon,Location A - Ancestral House (Interior),interior,32.0,-56.1,58.8,0.92,27.0,OK,46.9,0,35,True,True
2026-08-29T09:50:30,170.5,CAM-03,Sony FX3,Kiko,Location A - Ancestral House (Interior),interior,68.0,,38.2,0.61,26.0,DOWN,0.0,0,,False,True
2026-08-29T09:50:30,170.5,CAM-04,Sony FX3,Dennis,Location A - Ancestral House (Interior),interior,45.0,-61.1,57.7,0.88,26.4,OK,43.1,6,93,True,True
2026-08-29T09:50:30,170.5,CAM-05,Blackmagic,Jorge,Location A - Ancestral House (Interior),interior,95.0,-70.1,52.8,0.79,26.2,DEGRADED,14.4,38,444,True,True
2026-08-29T09:51:00,171.0,CAM-01,Sony FX6,Ariel,Location A - Ancestral House (Interior),interior,18.0,-59.6,60.6,0.95,25.7,OK,47.4,0,35,True,True
2026-08-29T09:51:00,171.0,CAM-02,Sony FX6,Marlon,Location A - Ancestral House (Interior),interior,32.0,-57.4,59.1,0.92,24.9,OK,46.3,0,35,True,True
2026-08-29T09:51:00,171.0,CAM-03,Sony FX3,Kiko,Location A - Ancestral House (Interior),interior,68.0,,38.3,0.61,25.7,DOWN,0.0,0,,False,True
2026-08-29T09:51:00,171.0,CAM-04,Sony FX3,Dennis,Location A - Ancestral House (Interior),interior,45.0,-58.9,57.3,0.88,25.8,OK,47.8,0,35,True,True
2026-08-29T09:51:00,171.0,CAM-05,Blackmagic,Jorge,Location A - Ancestral House (Interior),interior,95.0,-73.5,53.2,0.79,26.9,CRITICAL,5.1,72,503,True,True
2026-08-29T09:51:30,171.5,CAM-01,Sony FX6,Ariel,Location A - Ancestral House (Interior),interior,18.0,-51.2,59.7,0.95,26.6,OK,49.1,0,35,True,True
2026-08-29T09:51:30,171.5,CAM-02,Sony FX6,Marlon,Location A - Ancestral House (Interior),interior,32.0,-60.0,58.6,0.92,25.9,OK,47.7,0,35,True,True
2026-08-29T09:51:30,171.5,CAM-03,Sony FX3,Kiko,Location A - Ancestral House (Interior),interior,68.0,,38.2,0.61,27.4,DOWN,0.0,0,,False,True
2026-08-29T09:51:30,171.5,CAM-04,Sony FX3,Dennis,Location A - Ancestral House (Interior),interior,45.0,-61.7,57.5,0.88,26.0,OK,41.8,3,111,True,True
2026-08-29T09:51:30,171.5,CAM-05,Blackmagic,Jorge,Location A - Ancestral House (Interior),interior,95.0,-69.8,52.0,0.79,25.4,DEGRADED,18.1,83,432,True,True
2026-08-29T09:52:00,172.0,CAM-01,Sony FX6,Ariel,Location A - Ancestral House (Interior),interior,18.0,-55.7,59.9,0.95,25.1,OK,49.0,0,35,True,True
2026-08-29T09:52:00,172.0,CAM-02,Sony FX6,Marlon,Location A - Ancestral House (Interior),interior,32.0,-61.5,58.7,0.92,25.1,OK,44.3,1,62,True,True
2026-08-29T09:52:00,172.0,CAM-03,Sony FX3,Kiko,Location A - Ancestral House (Interior),interior,68.0,,38.3,0.61,26.7,DOWN,0.0,0,,False,True
2026-08-29T09:52:00,172.0,CAM-04,Sony FX3,Dennis,Location A - Ancestral House (Interior),interior,45.0,-59.0,57.5,0.88,25.9,OK,46.3,0,35,True,True
2026-08-29T09:52:00,172.0,CAM-05,Blackmagic,Jorge,Location A - Ancestral House (Interior),interior,95.0,-74.1,52.3,0.79,26.0,CRITICAL,2.7,122,677,True,True
2026-08-29T09:52:30,172.5,CAM-01,Sony FX6,Ariel,Location A - Ancestral House (Interior),interior,18.0,-51.0,60.1,0.95,26.2,OK,45.9,0,35,True,True
2026-08-29T09:52:30,172.5,CAM-02,Sony FX6,Marlon,Location A - Ancestral House (Interior),interior,32.0,-56.4,59.4,0.92,24.7,OK,49.2,0,35,True,True
2026-08-29T09:52:30,172.5,CAM-03,Sony FX3,Kiko,Location A - Ancestral House (Interior),interior,68.0,,37.7,0.61,25.6,DOWN,0.0,0,,False,True
2026-08-29T09:52:30,172.5,CAM-04,Sony FX3,Dennis,Location A - Ancestral House (Interior),interior,45.0,-56.4,56.4,0.88,25.1,OK,46.9,0,35,True,True
2026-08-29T09:52:30,172.5,CAM-05,Blackmagic,Jorge,Location A - Ancestral House (Interior),interior,95.0,-71.5,51.6,0.79,25.2,DEGRADED,11.7,48,618,True,True
2026-08-29T09:53:00,173.0,CAM-01,Sony FX6,Ariel,Location A - Ancestral House (Interior),interior,18.0,-54.4,60.4,0.95,26.3,OK,48.7,0,35,True,True
2026-08-29T09:53:00,173.0,CAM-02,Sony FX6,Marlon,Location A - Ancestral House (Interior),interior,32.0,-56.9,58.6,0.92,26.9,OK,46.8,0,35,True,True
2026-08-29T09:53:00,173.0,CAM-03,Sony FX3,Kiko,Location A - Ancestral House (Interior),interior,68.0,,37.9,0.61,24.9,DOWN,0.0,0,,False,True
2026-08-29T09:53:00,173.0,CAM-04,Sony FX3,Dennis,Location A - Ancestral House (Interior),interior,45.0,-60.3,56.9,0.88,25.9,OK,46.6,1,51,True,True
2026-08-29T09:53:00,173.0,CAM-05,Blackmagic,Jorge,Location A - Ancestral House (Interior),interior,95.0,-69.4,51.1,0.79,25.3,DEGRADED,16.7,27,166,True,True
2026-08-29T09:53:30,173.5,CAM-01,Sony FX6,Ariel,Location A - Ancestral House (Interior),interior,18.0,-52.9,60.3,0.95,27.1,OK,47.6,0,35,True,True
2026-08-29T09:53:30,173.5,CAM-02,Sony FX6,Marlon,Location A - Ancestral House (Interior),interior,32.0,-64.4,58.0,0.92,25.5,OK,34.9,4,120,True,True
2026-08-29T09:53:30,173.5,CAM-03,Sony FX3,Kiko,Location A - Ancestral House (Interior),interior,68.0,,36.7,0.61,26.6,DOWN,0.0,0,,False,True
2026-08-29T09:53:30,173.5,CAM-04,Sony FX3,Dennis,Location A - Ancestral House (Interior),interior,45.0,-61.3,57.5,0.88,27.3,OK,43.7,11,88,True,True
2026-08-29T09:53:30,173.5,CAM-05,Blackmagic,Jorge,Location A - Ancestral House (Interior),interior,95.0,-70.4,51.9,0.79,26.7,DEGRADED,12.6,2,602,True,True
2026-08-29T09:54:00,174.0,CAM-01,Sony FX6,Ariel,Location A - Ancestral House (Interior),interior,18.0,-51.1,59.6,0.95,26.0,OK,47.8,0,35,True,True
2026-08-29T09:54:00,174.0,CAM-02,Sony FX6,Marlon,Location A - Ancestral House (Interior),interior,32.0,-56.3,59.3,0.92,24.8,OK,46.9,0,35,True,True
2026-08-29T09:54:00,174.0,CAM-03,Sony FX3,Kiko,Location A - Ancestral House (Interior),interior,68.0,,37.4,0.61,25.6,DOWN,0.0,0,,False,True
2026-08-29T09:54:00,174.0,CAM-04,Sony FX3,Dennis,Location A - Ancestral House (Interior),interior,45.0,-64.2,56.1,0.88,26.3,OK,34.3,38,223,True,True
2026-08-29T09:54:00,174.0,CAM-05,Blackmagic,Jorge,Location A - Ancestral House (Interior),interior,95.0,-67.0,51.8,0.79,26.5,DEGRADED,27.9,47,191,True,True
2026-08-29T09:54:30,174.5,CAM-01,Sony FX6,Ariel,Location A - Ancestral House (Interior),interior,18.0,-51.9,59.3,0.95,26.0,OK,46.8,0,35,True,True
2026-08-29T09:54:30,174.5,CAM-02,Sony FX6,Marlon,Location A - Ancestral House (Interior),interior,32.0,-59.7,57.9,0.92,27.7,OK,44.8,0,35,True,True
2026-08-29T09:54:30,174.5,CAM-03,Sony FX3,Kiko,Location A - Ancestral House (Interior),interior,68.0,,37.4,0.61,25.0,DOWN,0.0,0,,False,True
2026-08-29T09:54:30,174.5,CAM-04,Sony FX3,Dennis,Location A - Ancestral House (Interior),interior,45.0,-59.7,56.3,0.88,25.9,OK,47.9,0,35,True,True
2026-08-29T09:54:30,174.5,CAM-05,Blackmagic,Jorge,Location A - Ancestral House (Interior),interior,95.0,-68.3,51.2,0.79,26.0,DEGRADED,22.3,63,409,True,True
2026-08-29T09:55:00,175.0,CAM-01,Sony FX6,Ariel,Location A - Ancestral House (Interior),interior,18.0,-54.1,59.7,0.95,27.4,OK,45.4,0,35,True,True
2026-08-29T09:55:00,175.0,CAM-02,Sony FX6,Marlon,Location A - Ancestral House (Interior),interior,32.0,-57.0,58.2,0.92,25.5,OK,47.6,0,35,True,True
2026-08-29T09:55:00,175.0,CAM-03,Sony FX3,Kiko,Location A - Ancestral House (Interior),interior,68.0,,37.3,0.61,25.0,DOWN,0.0,0,,False,True
2026-08-29T09:55:00,175.0,CAM-04,Sony FX3,Dennis,Location A - Ancestral House (Interior),interior,45.0,-61.7,55.7,0.88,26.1,OK,43.1,3,69,True,True
2026-08-29T09:55:00,175.0,CAM-05,Blackmagic,Jorge,Location A - Ancestral House (Interior),interior,95.0,-69.7,50.6,0.79,26.1,DEGRADED,15.9,43,126,True,True
2026-08-29T09:55:30,175.5,CAM-01,Sony FX6,Ariel,Location A - Ancestral House (Interior),interior,18.0,-52.5,60.0,0.95,27.1,OK,48.0,0,35,True,True
2026-08-29T09:55:30,175.5,CAM-02,Sony FX6,Marlon,Location A - Ancestral House (Interior),interior,32.0,-59.6,57.9,0.92,25.7,OK,46.7,0,35,True,True
2026-08-29T09:55:30,175.5,CAM-03,Sony FX3,Kiko,Location A - Ancestral House (Interior),interior,68.0,,36.5,0.61,24.7,DOWN,0.0,0,,False,True
2026-08-29T09:55:30,175.5,CAM-04,Sony FX3,Dennis,Location A - Ancestral House (Interior),interior,45.0,-64.1,56.2,0.88,25.2,OK,35.0,8,118,True,True
2026-08-29T09:55:30,175.5,CAM-05,Blackmagic,Jorge,Location A - Ancestral House (Interior),interior,95.0,-76.0,51.1,0.79,26.1,DEGRADED,15.0,73,224,True,True
2026-08-29T09:56:00,176.0,CAM-01,Sony FX6,Ariel,Location A - Ancestral House (Interior),interior,18.0,-54.7,59.6,0.95,25.2,OK,48.5,0,35,True,True
2026-08-29T09:56:00,176.0,CAM-02,Sony FX6,Marlon,Location A - Ancestral House (Interior),interior,32.0,-58.1,57.6,0.92,26.3,OK,46.8,0,35,True,True
2026-08-29T09:56:00,176.0,CAM-03,Sony FX3,Kiko,Location A - Ancestral House (Interior),interior,68.0,,36.8,0.61,24.6,DOWN,0.0,0,,False,True
2026-08-29T09:56:00,176.0,CAM-04,Sony FX3,Dennis,Location A - Ancestral House (Interior),interior,45.0,-63.9,55.7,0.88,25.5,OK,35.3,26,225,True,True
2026-08-29T09:56:00,176.0,CAM-05,Blackmagic,Jorge,Location A - Ancestral House (Interior),interior,95.0,-71.6,51.5,0.79,26.7,DEGRADED,13.1,59,506,True,True
2026-08-29T09:56:30,176.5,CAM-01,Sony FX6,Ariel,Location A - Ancestral House (Interior),interior,18.0,-55.8,58.7,0.95,25.9,OK,48.3,0,35,True,True
2026-08-29T09:56:30,176.5,CAM-02,Sony FX6,Marlon,Location A - Ancestral House (Interior),interior,32.0,-56.6,57.9,0.92,27.4,OK,49.1,0,35,True,True
2026-08-29T09:56:30,176.5,CAM-03,Sony FX3,Kiko,Location A - Ancestral House (Interior),interior,68.0,,36.4,0.61,25.9,DOWN,0.0,0,,False,True
2026-08-29T09:56:30,176.5,CAM-04,Sony FX3,Dennis,Location A - Ancestral House (Interior),interior,45.0,-55.0,56.0,0.88,26.6,OK,48.9,0,35,True,True
2026-08-29T09:56:30,176.5,CAM-05,Blackmagic,Jorge,Location A - Ancestral House (Interior),interior,95.0,-71.8,51.1,0.79,26.1,DEGRADED,9.1,30,163,True,True
2026-08-29T09:57:00,177.0,CAM-01,Sony FX6,Ariel,Location A - Ancestral House (Interior),interior,18.0,-53.1,58.4,0.95,26.9,OK,49.8,0,35,True,True
2026-08-29T09:57:00,177.0,CAM-02,Sony FX6,Marlon,Location A - Ancestral House (Interior),interior,32.0,-54.6,58.0,0.92,26.1,OK,46.5,0,35,True,True
2026-08-29T09:57:00,177.0,CAM-03,Sony FX3,Kiko,Location A - Ancestral House (Interior),interior,68.0,,36.0,0.61,25.9,DOWN,0.0,0,,False,True
2026-08-29T09:57:00,177.0,CAM-04,Sony FX3,Dennis,Location A - Ancestral House (Interior),interior,45.0,-64.0,55.9,0.88,27.0,OK,34.7,19,56,True,True
2026-08-29T09:57:00,177.0,CAM-05,Blackmagic,Jorge,Location A - Ancestral House (Interior),interior,95.0,-69.5,50.7,0.79,26.5,DEGRADED,17.4,41,227,True,True
2026-08-29T09:57:30,177.5,CAM-01,Sony FX6,Ariel,Location A - Ancestral House (Interior),interior,18.0,-50.6,59.8,0.95,27.2,OK,46.4,0,35,True,True
2026-08-29T09:57:30,177.5,CAM-02,Sony FX6,Marlon,Location A - Ancestral House (Interior),interior,32.0,-58.7,57.6,0.92,26.1,OK,46.5,0,35,True,True
2026-08-29T09:57:30,177.5,CAM-03,Sony FX3,Kiko,Location A - Ancestral House (Interior),interior,68.0,,36.2,0.61,26.4,DOWN,0.0,0,,False,True
2026-08-29T09:57:30,177.5,CAM-04,Sony FX3,Dennis,Location A - Ancestral House (Interior),interior,45.0,-58.0,55.6,0.88,26.1,OK,49.4,0,35,True,True
2026-08-29T09:57:30,177.5,CAM-05,Blackmagic,Jorge,Location A - Ancestral House (Interior),interior,95.0,-73.3,51.2,0.79,26.4,CRITICAL,5.3,21,732,True,True
2026-08-29T09:58:00,178.0,CAM-01,Sony FX6,Ariel,Location A - Ancestral House (Interior),interior,18.0,-55.4,58.8,0.95,26.7,OK,49.6,0,35,True,True
2026-08-29T09:58:00,178.0,CAM-02,Sony FX6,Marlon,Location A - Ancestral House (Interior),interior,32.0,-59.2,57.3,0.92,26.1,OK,46.9,0,35,True,True
2026-08-29T09:58:00,178.0,CAM-03,Sony FX3,Kiko,Location A - Ancestral House (Interior),interior,68.0,,36.1,0.61,25.3,DOWN,0.0,0,,False,True
2026-08-29T09:58:00,178.0,CAM-04,Sony FX3,Dennis,Location A - Ancestral House (Interior),interior,45.0,-61.0,56.1,0.88,26.0,OK,44.9,5,56,True,True
2026-08-29T09:58:00,178.0,CAM-05,Blackmagic,Jorge,Location A - Ancestral House (Interior),interior,95.0,-75.3,50.2,0.79,25.4,DEGRADED,16.0,79,623,True,True
2026-08-29T09:58:30,178.5,CAM-01,Sony FX6,Ariel,Location A - Ancestral House (Interior),interior,18.0,-56.3,58.8,0.95,26.2,OK,47.5,0,35,True,True
2026-08-29T09:58:30,178.5,CAM-02,Sony FX6,Marlon,Location A - Ancestral House (Interior),interior,32.0,-59.8,57.3,0.92,25.5,OK,44.3,0,35,True,True
2026-08-29T09:58:30,178.5,CAM-03,Sony FX3,Kiko,Location A - Ancestral House (Interior),interior,68.0,,36.0,0.61,27.3,DOWN,0.0,0,,False,True
2026-08-29T09:58:30,178.5,CAM-04,Sony FX3,Dennis,Location A - Ancestral House (Interior),interior,45.0,-63.8,55.4,0.88,25.2,OK,35.4,10,142,True,True
2026-08-29T09:58:30,178.5,CAM-05,Blackmagic,Jorge,Location A - Ancestral House (Interior),interior,95.0,-72.7,51.2,0.79,25.6,CRITICAL,5.7,72,350,True,True
2026-08-29T09:59:00,179.0,CAM-01,Sony FX6,Ariel,Location A - Ancestral House (Interior),interior,18.0,-54.5,58.4,0.95,25.5,OK,47.9,0,35,True,True
2026-08-29T09:59:00,179.0,CAM-02,Sony FX6,Marlon,Location A - Ancestral House (Interior),interior,32.0,-59.4,57.2,0.92,24.2,OK,48.8,0,35,True,True
2026-08-29T09:59:00,179.0,CAM-03,Sony FX3,Kiko,Location A - Ancestral House (Interior),interior,68.0,,35.3,0.61,24.5,DOWN,0.0,0,,False,True
2026-08-29T09:59:00,179.0,CAM-04,Sony FX3,Dennis,Location A - Ancestral House (Interior),interior,45.0,-60.8,55.7,0.88,26.1,OK,45.8,7,52,True,True
2026-08-29T09:59:00,179.0,CAM-05,Blackmagic,Jorge,Location A - Ancestral House (Interior),interior,95.0,-70.7,50.4,0.79,27.1,DEGRADED,12.5,6,358,True,True
2026-08-29T09:59:30,179.5,CAM-01,Sony FX6,Ariel,Location A - Ancestral House (Interior),interior,18.0,-54.2,58.6,0.95,26.6,OK,47.0,0,35,True,True
2026-08-29T09:59:30,179.5,CAM-02,Sony FX6,Marlon,Location A - Ancestral House (Interior),interior,32.0,-58.4,57.0,0.92,27.5,OK,49.3,0,35,True,True
2026-08-29T09:59:30,179.5,CAM-03,Sony FX3,Kiko,Location A - Ancestral House (Interior),interior,68.0,,35.0,0.61,26.4,DOWN,0.0,0,,False,True
2026-08-29T09:59:30,179.5,CAM-04,Sony FX3,Dennis,Location A - Ancestral House (Interior),interior,45.0,-63.3,55.0,0.88,26.4,OK,37.8,22,99,True,True
2026-08-29T09:59:30,179.5,CAM-05,Blackmagic,Jorge,Location A - Ancestral House (Interior),interior,95.0,-71.4,50.2,0.79,26.3,DEGRADED,9.6,81,291,True,True
2026-08-29T10:00:00,180.0,CAM-01,Sony FX6,Ariel,Location A - Ancestral House (Interior),interior,18.0,-53.4,57.8,0.95,25.8,OK,50.7,0,35,True,True
2026-08-29T10:00:00,180.0,CAM-02,Sony FX6,Marlon,Location A - Ancestral House (Interior),interior,32.0,-59.1,57.0,0.92,26.5,OK,43.6,0,35,True,True
2026-08-29T10:00:00,180.0,CAM-03,Sony FX3,Kiko,Location A - Ancestral House (Interior),interior,68.0,-68.2,35.3,0.61,26.5,DEGRADED,20.8,68,91,True,True
2026-08-29T10:00:00,180.0,CAM-04,Sony FX3,Dennis,Location A - Ancestral House (Interior),interior,45.0,-62.5,55.0,0.88,25.6,OK,38.9,11,61,True,True
2026-08-29T10:00:00,180.0,CAM-05,Blackmagic,Jorge,Location A - Ancestral House (Interior),interior,95.0,-73.3,49.7,0.79,25.3,CRITICAL,6.6,38,476,True,True
2026-08-29T10:00:30,180.5,CAM-01,Sony FX6,Ariel,Location A - Ancestral House (Interior),interior,18.0,-58.3,58.0,0.95,27.1,OK,44.9,0,35,True,True
2026-08-29T10:00:30,180.5,CAM-02,Sony FX6,Marlon,Location A - Ancestral House (Interior),interior,32.0,-58.8,56.1,0.92,25.1,OK,47.4,0,35,True,True
2026-08-29T10:00:30,180.5,CAM-03,Sony FX3,Kiko,Location A - Ancestral House (Interior),interior,68.0,-71.2,34.7,0.61,25.9,DEGRADED,12.4,38,372,True,True
2026-08-29T10:00:30,180.5,CAM-04,Sony FX3,Dennis,Location A - Ancestral House (Interior),interior,45.0,-61.9,54.3,0.88,26.2,OK,43.8,17,142,True,True
2026-08-29T10:00:30,180.5,CAM-05,Blackmagic,Jorge,Location A - Ancestral House (Interior),interior,95.0,-72.4,49.9,0.79,26.0,CRITICAL,8.1,51,449,True,True
2026-08-29T10:01:00,181.0,CAM-01,Sony FX6,Ariel,Location A - Ancestral House (Interior),interior,18.0,-51.9,58.1,0.95,26.6,OK,48.8,0,35,True,True
2026-08-29T10:01:00,181.0,CAM-02,Sony FX6,Marlon,Location A - Ancestral House (Interior),interior,32.0,-58.2,56.7,0.92,25.9,OK,49.7,0,35,True,True
2026-08-29T10:01:00,181.0,CAM-03,Sony FX3,Kiko,Location A - Ancestral House (Interior),interior,68.0,-69.1,35.3,0.61,27.5,DEGRADED,18.4,73,544,True,True
2026-08-29T10:01:00,181.0,CAM-04,Sony FX3,Dennis,Location A - Ancestral House (Interior),interior,45.0,-57.0,54.7,0.88,25.1,OK,48.1,0,35,True,True
2026-08-29T10:01:00,181.0,CAM-05,Blackmagic,Jorge,Location A - Ancestral House (Interior),interior,95.0,-71.1,49.5,0.79,27.7,DEGRADED,13.1,15,537,True,True
2026-08-29T10:01:30,181.5,CAM-01,Sony FX6,Ariel,Location A - Ancestral House (Interior),interior,18.0,-53.0,57.8,0.95,24.6,OK,49.4,0,35,True,True
2026-08-29T10:01:30,181.5,CAM-02,Sony FX6,Marlon,Location A - Ancestral House (Interior),interior,32.0,-56.9,56.7,0.92,23.8,OK,46.8,0,35,True,True
2026-08-29T10:01:30,181.5,CAM-03,Sony FX3,Kiko,Location A - Ancestral House (Interior),interior,68.0,-64.9,34.6,0.61,26.4,OK,31.3,32,303,True,True
2026-08-29T10:01:30,181.5,CAM-04,Sony FX3,Dennis,Location A - Ancestral House (Interior),interior,45.0,-64.7,54.1,0.88,24.1,OK,32.6,17,274,True,True
2026-08-29T10:01:30,181.5,CAM-05,Blackmagic,Jorge,Location A - Ancestral House (Interior),interior,95.0,-71.7,49.3,0.79,26.4,DEGRADED,9.0,79,136,True,True
2026-08-29T10:02:00,182.0,CAM-01,Sony FX6,Ariel,Location A - Ancestral House (Interior),interior,18.0,-55.4,58.0,0.95,26.3,OK,49.7,0,35,True,True
2026-08-29T10:02:00,182.0,CAM-02,Sony FX6,Marlon,Location A - Ancestral House (Interior),interior,32.0,-57.7,56.5,0.92,25.9,OK,49.4,0,35,True,True
2026-08-29T10:02:00,182.0,CAM-03,Sony FX3,Kiko,Location A - Ancestral House (Interior),interior,68.0,-70.0,33.9,0.61,25.6,DEGRADED,16.2,8,483,True,True
2026-08-29T10:02:00,182.0,CAM-04,Sony FX3,Dennis,Location A - Ancestral House (Interior),interior,45.0,-59.0,55.0,0.88,27.3,OK,47.5,0,35,True,True
2026-08-29T10:02:00,182.0,CAM-05,Blackmagic,Jorge,Location A - Ancestral House (Interior),interior,95.0,-72.0,49.4,0.79,25.9,CRITICAL,8.5,93,514,True,True
2026-08-29T10:02:30,182.5,CAM-01,Sony FX6,Ariel,Location A - Ancestral House (Interior),interior,18.0,-52.6,57.6,0.95,26.0,OK,47.2,0,35,True,True
2026-08-29T10:02:30,182.5,CAM-02,Sony FX6,Marlon,Location A - Ancestral House (Interior),interior,32.0,-57.3,56.6,0.92,25.8,OK,49.0,0,35,True,True
2026-08-29T10:02:30,182.5,CAM-03,Sony FX3,Kiko,Location A - Ancestral House (Interior),interior,68.0,-68.2,34.5,0.61,25.8,DEGRADED,20.6,37,333,True,True
2026-08-29T10:02:30,182.5,CAM-04,Sony FX3,Dennis,Location A - Ancestral House (Interior),interior,45.0,-62.0,54.8,0.88,24.9,OK,42.3,15,47,True,True
2026-08-29T10:02:30,182.5,CAM-05,Blackmagic,Jorge,Location A - Ancestral House (Interior),interior,95.0,-70.2,48.8,0.79,25.5,DEGRADED,15.1,66,273,True,True
2026-08-29T10:03:00,183.0,CAM-01,Sony FX6,Ariel,Location A - Ancestral House (Interior),interior,18.0,-52.3,57.0,0.95,26.3,OK,50.2,0,35,True,True
2026-08-29T10:03:00,183.0,CAM-02,Sony FX6,Marlon,Location A - Ancestral House (Interior),interior,32.0,-57.5,56.1,0.92,26.1,OK,46.9,0,35,True,True
2026-08-29T10:03:00,183.0,CAM-03,Sony FX3,Kiko,Location A - Ancestral House (Interior),interior,68.0,-66.6,34.4,0.61,26.2,DEGRADED,27.6,36,198,True,True
2026-08-29T10:03:00,183.0,CAM-04,Sony FX3,Dennis,Location A - Ancestral House (Interior),interior,45.0,-62.3,54.6,0.88,27.2,OK,41.1,13,156,True,True
2026-08-29T10:03:00,183.0,CAM-05,Blackmagic,Jorge,Location A - Ancestral House (Interior),interior,95.0,-69.0,49.1,0.79,25.4,DEGRADED,21.1,8,531,True,True
2026-08-29T10:03:30,183.5,CAM-01,Sony FX6,Ariel,Location A - Ancestral House (Interior),interior,18.0,-54.6,57.9,0.95,26.1,OK,48.3,0,35,True,True
2026-08-29T10:03:30,183.5,CAM-02,Sony FX6,Marlon,Location A - Ancestral House (Interior),interior,32.0,-59.9,55.9,0.92,24.8,OK,49.7,0,35,True,True
2026-08-29T10:03:30,183.5,CAM-03,Sony FX3,Kiko,Location A - Ancestral House (Interior),interior,68.0,-70.8,34.3,0.61,25.3,DEGRADED,17.2,88,539,True,True
2026-08-29T10:03:30,183.5,CAM-04,Sony FX3,Dennis,Location A - Ancestral House (Interior),interior,45.0,-58.0,53.8,0.88,24.8,OK,49.2,0,35,True,True
2026-08-29T10:03:30,183.5,CAM-05,Blackmagic,Jorge,Location A - Ancestral House (Interior),interior,95.0,-68.7,49.0,0.79,27.5,DEGRADED,18.7,78,529,True,True
2026-08-29T10:04:00,184.0,CAM-01,Sony FX6,Ariel,Location A - Ancestral House (Interior),interior,18.0,-51.9,58.4,0.95,26.0,OK,47.2,0,35,True,True
2026-08-29T10:04:00,184.0,CAM-02,Sony FX6,Marlon,Location A - Ancestral House (Interior),interior,32.0,-55.9,55.9,0.92,26.1,OK,45.3,0,35,True,True
2026-08-29T10:04:00,184.0,CAM-03,Sony FX3,Kiko,Location A - Ancestral House (Interior),interior,68.0,-67.8,33.6,0.61,26.5,DEGRADED,22.2,5,169,True,True
2026-08-29T10:04:00,184.0,CAM-04,Sony FX3,Dennis,Location A - Ancestral House (Interior),interior,45.0,-59.9,54.2,0.88,26.0,OK,50.3,0,35,True,True
2026-08-29T10:04:00,184.0,CAM-05,Blackmagic,Jorge,Location A - Ancestral House (Interior),interior,95.0,-73.3,48.8,0.79,24.8,CRITICAL,5.9,86,768,True,True
2026-08-29T10:04:30,184.5,CAM-01,Sony FX6,Ariel,Location A - Ancestral House (Interior),interior,18.0,-55.8,56.6,0.95,25.6,OK,45.6,0,35,True,True
2026-08-29T10:04:30,184.5,CAM-02,Sony FX6,Marlon,Location A - Ancestral House (Interior),interior,32.0,-57.7,55.7,0.92,26.2,OK,44.8,0,35,True,True
2026-08-29T10:04:30,184.5,CAM-03,Sony FX3,Kiko,Location A - Ancestral House (Interior),interior,68.0,-71.0,33.6,0.61,26.8,DEGRADED,13.6,76,440,True,True
2026-08-29T10:04:30,184.5,CAM-04,Sony FX3,Dennis,Location A - Ancestral House (Interior),interior,45.0,-59.6,54.4,0.88,26.1,OK,46.6,0,35,True,True
2026-08-29T10:04:30,184.5,CAM-05,Blackmagic,Jorge,Location A - Ancestral House (Interior),interior,95.0,-74.2,48.2,0.79,27.0,CRITICAL,1.5,18,241,True,True
2026-08-29T10:05:00,185.0,CAM-01,Sony FX6,Ariel,Location A - Ancestral House (Interior),interior,18.0,-53.2,57.6,0.95,25.4,OK,49.8,0,35,True,True
2026-08-29T10:05:00,185.0,CAM-02,Sony FX6,Marlon,Location A - Ancestral House (Interior),interior,32.0,-60.9,56.2,0.92,28.0,OK,45.9,3,46,True,True
2026-08-29T10:05:00,185.0,CAM-03,Sony FX3,Kiko,Location A - Ancestral House (Interior),interior,68.0,-70.7,32.6,0.61,25.7,DEGRADED,13.9,68,138,True,True
2026-08-29T10:05:00,185.0,CAM-04,Sony FX3,Dennis,Location A - Ancestral House (Interior),interior,45.0,-57.6,53.2,0.88,26.7,OK,48.1,0,35,True,True
2026-08-29T10:05:00,185.0,CAM-05,Blackmagic,Jorge,Location A - Ancestral House (Interior),interior,95.0,-73.8,48.6,0.79,26.8,CRITICAL,3.5,99,324,True,True
2026-08-29T10:05:30,185.5,CAM-01,Sony FX6,Ariel,Location A - Ancestral House (Interior),interior,18.0,-54.0,57.6,0.95,24.9,OK,46.4,0,35,True,True
2026-08-29T10:05:30,185.5,CAM-02,Sony FX6,Marlon,Location A - Ancestral House (Interior),interior,32.0,-59.7,55.7,0.92,25.3,OK,47.7,0,35,True,True
2026-08-29T10:05:30,185.5,CAM-03,Sony FX3,Kiko,Location A - Ancestral House (Interior),interior,68.0,-71.1,33.0,0.61,25.8,DEGRADED,11.7,34,660,True,True
2026-08-29T10:05:30,185.5,CAM-04,Sony FX3,Dennis,Location A - Ancestral House (Interior),interior,45.0,-61.4,53.5,0.88,26.5,OK,41.3,5,44,True,True
2026-08-29T10:05:30,185.5,CAM-05,Blackmagic,Jorge,Location A - Ancestral House (Interior),interior,95.0,-71.6,48.5,0.79,25.2,DEGRADED,11.0,96,527,True,True
2026-08-29T10:06:00,186.0,CAM-01,Sony FX6,Ariel,Location A - Ancestral House (Interior),interior,18.0,-53.8,57.3,0.95,25.6,OK,50.7,0,35,True,True
2026-08-29T10:06:00,186.0,CAM-02,Sony FX6,Marlon,Location A - Ancestral House (Interior),interior,32.0,-58.0,55.6,0.92,25.5,OK,49.9,0,35,True,True
2026-08-29T10:06:00,186.0,CAM-03,Sony FX3,Kiko,Location A - Ancestral House (Interior),interior,68.0,-65.5,33.1,0.61,26.0,DEGRADED,31.0,4,280,True,True
2026-08-29T10:06:00,186.0,CAM-04,Sony FX3,Dennis,Location A - Ancestral House (Interior),interior,45.0,-61.7,53.2,0.88,25.7,OK,46.5,10,65,True,True
2026-08-29T10:06:00,186.0,CAM-05,Blackmagic,Jorge,Location A - Ancestral House (Interior),interior,95.0,-69.4,47.5,0.79,25.9,DEGRADED,16.1,40,112,True,True
2026-08-29T10:06:30,186.5,CAM-01,Sony FX6,Ariel,Location A - Ancestral House (Interior),interior,18.0,-54.6,57.0,0.95,27.1,OK,47.7,0,35,True,True
2026-08-29T10:06:30,186.5,CAM-02,Sony FX6,Marlon,Location A - Ancestral House (Interior),interior,32.0,-56.9,55.4,0.92,27.2,OK,46.9,0,35,True,True
2026-08-29T10:06:30,186.5,CAM-03,Sony FX3,Kiko,Location A - Ancestral House (Interior),interior,68.0,-67.4,32.6,0.61,25.1,DEGRADED,21.8,57,244,True,True
2026-08-29T10:06:30,186.5,CAM-04,Sony FX3,Dennis,Location A - Ancestral House (Interior),interior,45.0,-59.1,53.5,0.88,26.0,OK,49.3,0,35,True,True
2026-08-29T10:06:30,186.5,CAM-05,Blackmagic,Jorge,Location A - Ancestral House (Interior),interior,95.0,-71.2,48.8,0.79,25.4,DEGRADED,13.4,79,353,True,True
2026-08-29T10:07:00,187.0,CAM-01,Sony FX6,Ariel,Location A - Ancestral House (Interior),interior,18.0,-53.9,56.0,0.95,25.8,OK,50.2,0,35,True,True
2026-08-29T10:07:00,187.0,CAM-02,Sony FX6,Marlon,Location A - Ancestral House (Interior),interior,32.0,-58.5,55.0,0.92,25.9,OK,48.2,0,35,True,True
2026-08-29T10:07:00,187.0,CAM-03,Sony FX3,Kiko,Location A - Ancestral House (Interior),interior,68.0,-69.3,33.1,0.61,26.7,DEGRADED,18.0,19,81,True,True
2026-08-29T10:07:00,187.0,CAM-04,Sony FX3,Dennis,Location A - Ancestral House (Interior),interior,45.0,-60.5,53.4,0.88,25.7,OK,48.7,3,53,True,True
2026-08-29T10:07:00,187.0,CAM-05,Blackmagic,Jorge,Location A - Ancestral House (Interior),interior,95.0,-72.6,47.7,0.79,24.6,CRITICAL,9.9,1,325,True,True
2026-08-29T10:07:30,187.5,CAM-01,Sony FX6,Ariel,Location A - Ancestral House (Interior),interior,18.0,-55.1,56.9,0.95,24.7,OK,48.6,0,35,True,True
2026-08-29T10:07:30,187.5,CAM-02,Sony FX6,Marlon,Location A - Ancestral House (Interior),interior,32.0,-58.6,54.9,0.92,27.5,OK,48.6,0,35,True,True
2026-08-29T10:07:30,187.5,CAM-03,Sony FX3,Kiko,Location A - Ancestral House (Interior),interior,68.0,-70.9,32.2,0.61,26.6,DEGRADED,17.3,37,256,True,True
2026-08-29T10:07:30,187.5,CAM-04,Sony FX3,Dennis,Location A - Ancestral House (Interior),interior,45.0,-61.5,53.7,0.88,27.1,OK,43.6,2,70,True,True
2026-08-29T10:07:30,187.5,CAM-05,Blackmagic,Jorge,Location A - Ancestral House (Interior),interior,95.0,-78.0,48.3,0.79,28.1,DEGRADED,13.5,56,380,True,True
2026-08-29T10:08:00,188.0,CAM-01,Sony FX6,Ariel,Location A - Ancestral House (Interior),interior,18.0,-53.3,57.4,0.95,26.7,OK,49.5,0,35,True,True
2026-08-29T10:08:00,188.0,CAM-02,Sony FX6,Marlon,Location A - Ancestral House (Interior),interior,32.0,-56.4,56.3,0.92,25.5,OK,47.6,0,35,True,True
2026-08-29T10:08:00,188.0,CAM-03,Sony FX3,Kiko,Location A - Ancestral House (Interior),interior,68.0,-69.2,31.8,0.61,24.9,DEGRADED,19.9,35,380,True,True
2026-08-29T10:08:00,188.0,CAM-04,Sony FX3,Dennis,Location A - Ancestral House (Interior),interior,45.0,-61.0,53.3,0.88,27.3,OK,46.7,8,81,True,True
2026-08-29T10:08:00,188.0,CAM-05,Blackmagic,Jorge,Location A - Ancestral House (Interior),interior,95.0,-72.5,48.1,0.79,24.8,CRITICAL,9.9,57,409,True,True
2026-08-29T10:08:30,188.5,CAM-01,Sony FX6,Ariel,Location A - Ancestral House (Interior),interior,18.0,-52.7,56.0,0.95,26.4,OK,47.6,0,35,True,True
2026-08-29T10:08:30,188.5,CAM-02,Sony FX6,Marlon,Location A - Ancestral House (Interior),interior,32.0,-59.0,55.3,0.92,26.8,OK,50.9,0,35,True,True
2026-08-29T10:08:30,188.5,CAM-03,Sony FX3,Kiko,Location A - Ancestral House (Interior),interior,68.0,-66.8,32.0,0.61,25.3,DEGRADED,24.7,8,298,True,True
2026-08-29T10:08:30,188.5,CAM-04,Sony FX3,Dennis,Location A - Ancestral House (Interior),interior,45.0,-57.2,52.9,0.88,25.8,OK,44.4,0,35,True,True
2026-08-29T10:08:30,188.5,CAM-05,Blackmagic,Jorge,Location A - Ancestral House (Interior),interior,95.0,-73.6,47.3,0.79,26.6,CRITICAL,5.3,94,762,True,True
2026-08-29T10:09:00,189.0,CAM-01,Sony FX6,Ariel,Location A - Ancestral House (Interior),interior,18.0,-55.4,55.8,0.95,27.0,OK,45.8,0,35,True,True
2026-08-29T10:09:00,189.0,CAM-02,Sony FX6,Marlon,Location A - Ancestral House (Interior),interior,32.0,-56.8,54.6,0.92,27.7,OK,46.7,0,35,True,True
2026-08-29T10:09:00,189.0,CAM-03,Sony FX3,Kiko,Location A - Ancestral House (Interior),interior,68.0,-67.8,31.7,0.61,25.4,DEGRADED,23.3,43,498,True,True
2026-08-29T10:09:00,189.0,CAM-04,Sony FX3,Dennis,Location A - Ancestral House (Interior),interior,45.0,-58.4,51.7,0.88,25.6,OK,48.0,0,35,True,True
2026-08-29T10:09:00,189.0,CAM-05,Blackmagic,Jorge,Location A - Ancestral House (Interior),interior,95.0,-70.2,47.3,0.79,24.0,DEGRADED,16.3,0,94,True,True
2026-08-29T10:09:30,189.5,CAM-01,Sony FX6,Ariel,Location A - Ancestral House (Interior),interior,18.0,-55.7,55.4,0.95,27.6,OK,47.9,0,35,True,True
2026-08-29T10:09:30,189.5,CAM-02,Sony FX6,Marlon,Location A - Ancestral House (Interior),interior,32.0,-58.0,55.3,0.92,27.0,OK,49.8,0,35,True,True
2026-08-29T10:09:30,189.5,CAM-03,Sony FX3,Kiko,Location A - Ancestral House (Interior),interior,68.0,-66.5,31.7,0.61,25.9,DEGRADED,26.0,24,360,True,True
2026-08-29T10:09:30,189.5,CAM-04,Sony FX3,Dennis,Location A - Ancestral House (Interior),interior,45.0,-59.9,52.2,0.88,25.8,OK,46.2,0,35,True,True
2026-08-29T10:09:30,189.5,CAM-05,Blackmagic,Jorge,Location A - Ancestral House (Interior),interior,95.0,-70.5,47.4,0.79,25.9,DEGRADED,17.2,73,142,True,True
2026-08-29T10:10:00,190.0,CAM-01,Sony FX6,Ariel,Location A - Ancestral House (Interior),interior,18.0,-52.7,56.4,0.95,25.1,OK,50.8,0,35,True,True
2026-08-29T10:10:00,190.0,CAM-02,Sony FX6,Marlon,Location A - Ancestral House (Interior),interior,32.0,-55.2,54.9,0.92,27.5,OK,49.4,0,35,True,True
2026-08-29T10:10:00,190.0,CAM-03,Sony FX3,Kiko,Location A - Ancestral House (Interior),interior,68.0,-69.1,31.8,0.61,24.7,DEGRADED,19.8,59,360,True,True
2026-08-29T10:10:00,190.0,CAM-04,Sony FX3,Dennis,Location A - Ancestral House (Interior),interior,45.0,-63.2,52.1,0.88,26.4,OK,38.8,6,114,True,True
2026-08-29T10:10:00,190.0,CAM-05,Blackmagic,Jorge,Location A - Ancestral House (Interior),interior,95.0,-72.5,47.3,0.79,26.4,CRITICAL,7.7,73,417,True,True
2026-08-29T10:10:30,190.5,CAM-01,Sony FX6,Ariel,Location A - Ancestral House (Interior),interior,18.0,-55.5,56.0,0.95,26.0,OK,45.7,0,35,True,True
2026-08-29T10:10:30,190.5,CAM-02,Sony FX6,Marlon,Location A - Ancestral House (Interior),interior,32.0,-60.1,54.8,0.92,26.5,OK,47.9,0,38,True,True
2026-08-29T10:10:30,190.5,CAM-03,Sony FX3,Kiko,Location A - Ancestral House (Interior),interior,68.0,-69.2,31.9,0.61,25.9,DEGRADED,13.6,34,390,True,True
2026-08-29T10:10:30,190.5,CAM-04,Sony FX3,Dennis,Location A - Ancestral House (Interior),interior,45.0,-59.2,52.7,0.88,26.9,OK,50.4,0,35,True,True
2026-08-29T10:10:30,190.5,CAM-05,Blackmagic,Jorge,Location A - Ancestral House (Interior),interior,95.0,-69.7,46.6,0.79,26.5,DEGRADED,18.6,15,561,True,True
2026-08-29T10:11:00,191.0,CAM-01,Sony FX6,Ariel,Location A - Ancestral House (Interior),interior,18.0,-48.5,55.9,0.95,25.6,OK,49.1,0,35,True,True
2026-08-29T10:11:00,191.0,CAM-02,Sony FX6,Marlon,Location A - Ancestral House (Interior),interior,32.0,-57.1,53.6,0.92,25.6,OK,46.9,0,35,True,True
2026-08-29T10:11:00,191.0,CAM-03,Sony FX3,Kiko,Location A - Ancestral House (Interior),interior,68.0,-65.5,30.7,0.61,26.8,DEGRADED,28.2,26,127,True,True
2026-08-29T10:11:00,191.0,CAM-04,Sony FX3,Dennis,Location A - Ancestral House (Interior),interior,45.0,-59.2,52.8,0.88,25.7,OK,48.4,0,35,True,True
2026-08-29T10:11:00,191.0,CAM-05,Blackmagic,Jorge,Location A - Ancestral House (Interior),interior,95.0,-73.9,46.6,0.79,25.9,CRITICAL,0.5,125,134,True,True
2026-08-29T10:11:30,191.5,CAM-01,Sony FX6,Ariel,Location A - Ancestral House (Interior),interior,18.0,-55.3,55.5,0.95,25.9,OK,50.5,0,35,True,True
2026-08-29T10:11:30,191.5,CAM-02,Sony FX6,Marlon,Location A - Ancestral House (Interior),interior,32.0,-57.7,54.8,0.92,25.8,OK,48.1,0,35,True,True
2026-08-29T10:11:30,191.5,CAM-03,Sony FX3,Kiko,Location A - Ancestral House (Interior),interior,68.0,-67.8,31.1,0.61,26.1,DEGRADED,22.6,65,294,True,True
2026-08-29T10:11:30,191.5,CAM-04,Sony FX3,Dennis,Location A - Ancestral House (Interior),interior,45.0,-58.7,52.2,0.88,25.1,OK,47.0,0,35,True,True
2026-08-29T10:11:30,191.5,CAM-05,Blackmagic,Jorge,Location A - Ancestral House (Interior),interior,95.0,-71.0,46.3,0.79,25.6,DEGRADED,12.1,11,130,True,True
2026-08-29T10:12:00,192.0,CAM-01,Sony FX6,Ariel,Location A - Ancestral House (Interior),interior,18.0,-52.9,56.0,0.95,26.2,OK,49.7,0,35,True,True
2026-08-29T10:12:00,192.0,CAM-02,Sony FX6,Marlon,Location A - Ancestral House (Interior),interior,32.0,-57.1,53.9,0.92,27.0,OK,46.3,0,35,True,True
2026-08-29T10:12:00,192.0,CAM-03,Sony FX3,Kiko,Location A - Ancestral House (Interior),interior,68.0,-70.8,30.5,0.61,27.3,DEGRADED,13.4,60,376,True,True
2026-08-29T10:12:00,192.0,CAM-04,Sony FX3,Dennis,Location A - Ancestral House (Interior),interior,45.0,-59.0,52.4,0.88,24.0,OK,47.7,0,35,True,True
2026-08-29T10:12:00,192.0,CAM-05,Blackmagic,Jorge,Location A - Ancestral House (Interior),interior,95.0,-71.3,46.9,0.79,25.4,DEGRADED,11.4,46,698,True,True
2026-08-29T10:12:30,192.5,CAM-01,Sony FX6,Ariel,Location A - Ancestral House (Interior),interior,18.0,-51.4,55.3,0.95,25.1,OK,51.7,0,35,True,True
2026-08-29T10:12:30,192.5,CAM-02,Sony FX6,Marlon,Location A - Ancestral House (Interior),interior,32.0,-55.6,54.1,0.92,25.4,OK,51.2,0,35,True,True
2026-08-29T10:12:30,192.5,CAM-03,Sony FX3,Kiko,Location A - Ancestral House (Interior),interior,68.0,-70.4,30.5,0.61,26.2,DEGRADED,12.2,20,368,True,True
2026-08-29T10:12:30,192.5,CAM-04,Sony FX3,Dennis,Location A - Ancestral House (Interior),interior,45.0,-61.3,52.3,0.88,26.5,OK,44.6,7,81,True,True
2026-08-29T10:12:30,192.5,CAM-05,Blackmagic,Jorge,Location A - Ancestral House (Interior),interior,95.0,-70.6,46.6,0.79,26.1,DEGRADED,11.5,84,439,True,True
2026-08-29T10:13:00,193.0,CAM-01,Sony FX6,Ariel,Location A - Ancestral House (Interior),interior,18.0,-50.7,56.1,0.95,27.2,OK,47.7,0,35,True,True
2026-08-29T10:13:00,193.0,CAM-02,Sony FX6,Marlon,Location A - Ancestral House (Interior),interior,32.0,-58.4,54.8,0.92,24.4,OK,48.5,0,35,True,True
2026-08-29T10:13:00,193.0,CAM-03,Sony FX3,Kiko,Location A - Ancestral House (Interior),interior,68.0,-70.1,30.7,0.61,26.0,DEGRADED,14.0,40,297,True,True
2026-08-29T10:13:00,193.0,CAM-04,Sony FX3,Dennis,Location A - Ancestral House (Interior),interior,45.0,-63.4,52.1,0.88,24.3,OK,39.4,11,201,True,True
2026-08-29T10:13:00,193.0,CAM-05,Blackmagic,Jorge,Location A - Ancestral House (Interior),interior,95.0,-67.6,46.1,0.79,27.2,DEGRADED,24.0,14,370,True,True
2026-08-29T10:13:30,193.5,CAM-01,Sony FX6,Ariel,Location A - Ancestral House (Interior),interior,18.0,-54.4,55.6,0.95,25.4,OK,50.4,0,35,True,True
2026-08-29T10:13:30,193.5,CAM-02,Sony FX6,Marlon,Location A - Ancestral House (Interior),interior,32.0,-57.3,54.0,0.92,24.4,OK,47.9,0,35,True,True
2026-08-29T10:13:30,193.5,CAM-03,Sony FX3,Kiko,Location A - Ancestral House (Interior),interior,68.0,-70.2,30.6,0.61,25.8,DEGRADED,13.7,92,102,True,True
2026-08-29T10:13:30,193.5,CAM-04,Sony FX3,Dennis,Location A - Ancestral House (Interior),interior,45.0,-62.0,51.1,0.88,26.8,OK,40.7,5,110,True,True
2026-08-29T10:13:30,193.5,CAM-05,Blackmagic,Jorge,Location A - Ancestral House (Interior),interior,95.0,-72.1,46.2,0.79,25.6,CRITICAL,8.4,41,709,True,True
2026-08-29T10:14:00,194.0,CAM-01,Sony FX6,Ariel,Location A - Ancestral House (Interior),interior,18.0,-52.9,55.2,0.95,26.0,OK,46.7,0,35,True,True
2026-08-29T10:14:00,194.0,CAM-02,Sony FX6,Marlon,Location A - Ancestral House (Interior),interior,32.0,-57.1,53.8,0.92,25.8,OK,49.0,0,35,True,True
2026-08-29T10:14:00,194.0,CAM-03,Sony FX3,Kiko,Location A - Ancestral House (Interior),interior,68.0,-72.4,29.7,0.61,25.9,CRITICAL,10.2,33,99,True,True
2026-08-29T10:14:00,194.0,CAM-04,Sony FX3,Dennis,Location A - Ancestral House (Interior),interior,45.0,-60.0,51.4,0.88,26.3,OK,45.7,0,35,True,True
2026-08-29T10:14:00,194.0,CAM-05,Blackmagic,Jorge,Location A - Ancestral House (Interior),interior,95.0,-69.4,45.7,0.79,26.4,DEGRADED,17.3,41,315,True,True
2026-08-29T10:14:30,194.5,CAM-01,Sony FX6,Ariel,Location A - Ancestral House (Interior),interior,18.0,-55.4,55.5,0.95,25.8,OK,46.9,0,35,True,True
2026-08-29T10:14:30,194.5,CAM-02,Sony FX6,Marlon,Location A - Ancestral House (Interior),interior,32.0,-56.1,53.8,0.92,25.3,OK,49.0,0,35,True,True
2026-08-29T10:14:30,194.5,CAM-03,Sony FX3,Kiko,Location A - Ancestral House (Interior),interior,68.0,-66.8,29.6,0.61,26.9,DEGRADED,26.4,2,254,True,True
2026-08-29T10:14:30,194.5,CAM-04,Sony FX3,Dennis,Location A - Ancestral House (Interior),interior,45.0,-59.0,50.7,0.88,25.0,OK,48.1,0,35,True,True
2026-08-29T10:14:30,194.5,CAM-05,Blackmagic,Jorge,Location A - Ancestral House (Interior),interior,95.0,-76.8,45.4,0.79,26.2,DEGRADED,12.7,78,573,True,True
2026-08-29T10:15:00,195.0,CAM-01,Sony FX6,Ariel,Location A - Ancestral House (Interior),interior,18.0,-49.5,55.3,0.95,24.1,OK,45.0,0,35,True,True
2026-08-29T10:15:00,195.0,CAM-02,Sony FX6,Marlon,Location A - Ancestral House (Interior),interior,32.0,-59.4,53.5,0.92,24.4,OK,48.9,0,35,True,True
2026-08-29T10:15:00,195.0,CAM-03,Sony FX3,Kiko,Location A - Ancestral House (Interior),interior,68.0,-66.2,29.9,0.61,25.5,DEGRADED,29.7,40,344,True,True
2026-08-29T10:15:00,195.0,CAM-04,Sony FX3,Dennis,Location A - Ancestral House (Interior),interior,45.0,-60.6,51.3,0.88,25.9,OK,46.0,4,38,True,True
2026-08-29T10:15:00,195.0,CAM-05,Blackmagic,Jorge,Location A - Ancestral House (Interior),interior,95.0,-71.0,46.1,0.79,26.0,DEGRADED,13.9,69,280,True,True
2026-08-29T10:15:30,195.5,CAM-01,Sony FX6,Ariel,Location A - Ancestral House (Interior),interior,18.0,-56.9,54.9,0.95,26.1,OK,46.1,0,35,True,True
2026-08-29T10:15:30,195.5,CAM-02,Sony FX6,Marlon,Location A - Ancestral House (Interior),interior,32.0,-56.9,53.1,0.92,26.1,OK,47.0,0,35,True,True
2026-08-29T10:15:30,195.5,CAM-03,Sony FX3,Kiko,Location A - Ancestral House (Interior),interior,68.0,-72.4,29.0,0.61,26.2,CRITICAL,6.5,110,311,True,True
2026-08-29T10:15:30,195.5,CAM-04,Sony FX3,Dennis,Location A - Ancestral House (Interior),interior,45.0,-60.8,51.4,0.88,26.2,OK,46.7,3,50,True,True
2026-08-29T10:15:30,195.5,CAM-05,Blackmagic,Jorge,Location A - Ancestral House (Interior),interior,95.0,-69.9,45.4,0.79,25.7,DEGRADED,17.0,83,318,True,True
2026-08-29T10:16:00,196.0,CAM-01,Sony FX6,Ariel,Location A - Ancestral House (Interior),interior,18.0,-52.7,54.3,0.95,24.8,OK,48.9,0,35,True,True
2026-08-29T10:16:00,196.0,CAM-02,Sony FX6,Marlon,Location A - Ancestral House (Interior),interior,32.0,-59.9,53.3,0.92,26.2,OK,49.4,0,35,True,True
2026-08-29T10:16:00,196.0,CAM-03,Sony FX3,Kiko,Location A - Ancestral House (Interior),interior,68.0,-66.8,30.1,0.61,25.9,DEGRADED,25.5,48,108,True,True
2026-08-29T10:16:00,196.0,CAM-04,Sony FX3,Dennis,Location A - Ancestral House (Interior),interior,45.0,-63.1,51.0,0.88,26.0,OK,36.8,5,218,True,True
2026-08-29T10:16:00,196.0,CAM-05,Blackmagic,Jorge,Location A - Ancestral House (Interior),interior,95.0,-70.7,45.1,0.79,26.0,DEGRADED,14.5,45,82,True,True
2026-08-29T10:16:30,196.5,CAM-01,Sony FX6,Ariel,Location A - Ancestral House (Interior),interior,18.0,-53.1,54.1,0.95,26.5,OK,46.9,0,35,True,True
2026-08-29T10:16:30,196.5,CAM-02,Sony FX6,Marlon,Location A - Ancestral House (Interior),interior,32.0,-61.7,53.3,0.92,25.0,OK,48.3,1,103,True,True
2026-08-29T10:16:30,196.5,CAM-03,Sony FX3,Kiko,Location A - Ancestral House (Interior),interior,68.0,-70.9,29.4,0.61,26.6,DEGRADED,12.8,65,275,True,True
2026-08-29T10:16:30,196.5,CAM-04,Sony FX3,Dennis,Location A - Ancestral House (Interior),interior,45.0,-59.1,51.1,0.88,25.6,OK,47.7,0,35,True,True
2026-08-29T10:16:30,196.5,CAM-05,Blackmagic,Jorge,Location A - Ancestral House (Interior),interior,95.0,-71.3,45.1,0.79,26.5,DEGRADED,9.0,69,315,True,True
2026-08-29T10:17:00,197.0,CAM-01,Sony FX6,Ariel,Location A - Ancestral House (Interior),interior,18.0,-54.9,54.5,0.95,26.9,OK,51.1,0,35,True,True
2026-08-29T10:17:00,197.0,CAM-02,Sony FX6,Marlon,Location A - Ancestral House (Interior),interior,32.0,-57.3,52.7,0.92,26.3,OK,47.5,0,35,True,True
2026-08-29T10:17:00,197.0,CAM-03,Sony FX3,Kiko,Location A - Ancestral House (Interior),interior,68.0,-70.1,29.5,0.61,26.5,DEGRADED,15.0,30,518,True,True
2026-08-29T10:17:00,197.0,CAM-04,Sony FX3,Dennis,Location A - Ancestral House (Interior),interior,45.0,-62.4,51.5,0.88,27.6,OK,41.0,20,50,True,True
2026-08-29T10:17:00,197.0,CAM-05,Blackmagic,Jorge,Location A - Ancestral House (Interior),interior,95.0,-73.5,45.5,0.79,25.5,CRITICAL,4.7,1,767,True,True
2026-08-29T10:17:30,197.5,CAM-01,Sony FX6,Ariel,Location A - Ancestral House (Interior),interior,18.0,-48.3,54.9,0.95,26.7,OK,49.1,0,35,True,True
2026-08-29T10:17:30,197.5,CAM-02,Sony FX6,Marlon,Location A - Ancestral House (Interior),interior,32.0,-58.9,52.7,0.92,25.1,OK,46.7,0,35,True,True
2026-08-29T10:17:30,197.5,CAM-03,Sony FX3,Kiko,Location A - Ancestral House (Interior),interior,68.0,-68.1,28.7,0.61,25.6,DEGRADED,20.9,46,392,True,True
2026-08-29T10:17:30,197.5,CAM-04,Sony FX3,Dennis,Location A - Ancestral House (Interior),interior,45.0,-63.8,50.7,0.88,26.3,OK,35.0,7,77,True,True
2026-08-29T10:17:30,197.5,CAM-05,Blackmagic,Jorge,Location A - Ancestral House (Interior),interior,95.0,-69.9,44.9,0.79,26.3,DEGRADED,16.7,37,566,True,True
2026-08-29T10:18:00,198.0,CAM-01,Sony FX6,Ariel,Location A - Ancestral House (Interior),interior,18.0,-52.5,54.3,0.95,26.5,OK,50.0,0,35,True,True
2026-08-29T10:18:00,198.0,CAM-02,Sony FX6,Marlon,Location A - Ancestral House (Interior),interior,32.0,-59.1,52.2,0.92,24.5,OK,46.6,0,35,True,True
2026-08-29T10:18:00,198.0,CAM-03,Sony FX3,Kiko,Location A - Ancestral House (Interior),interior,68.0,-71.9,28.9,0.61,24.4,DEGRADED,8.2,3,686,True,True
2026-08-29T10:18:00,198.0,CAM-04,Sony FX3,Dennis,Location A - Ancestral House (Interior),interior,45.0,-60.7,50.6,0.88,26.2,OK,46.7,0,39,True,True
2026-08-29T10:18:00,198.0,CAM-05,Blackmagic,Jorge,Location A - Ancestral House (Interior),interior,95.0,-71.0,44.6,0.79,25.5,DEGRADED,14.6,49,290,True,True
2026-08-29T10:18:30,198.5,CAM-01,Sony FX6,Ariel,Location A - Ancestral House (Interior),interior,18.0,-56.6,53.5,0.95,25.2,OK,47.2,0,35,True,True
2026-08-29T10:18:30,198.5,CAM-02,Sony FX6,Marlon,Location A - Ancestral House (Interior),interior,32.0,-58.8,52.5,0.92,25.7,OK,50.5,0,35,True,True
2026-08-29T10:18:30,198.5,CAM-03,Sony FX3,Kiko,Location A - Ancestral House (Interior),interior,68.0,-67.7,28.2,0.61,26.3,DEGRADED,21.7,39,351,True,True
2026-08-29T10:18:30,198.5,CAM-04,Sony FX3,Dennis,Location A - Ancestral House (Interior),interior,45.0,-61.1,50.1,0.88,25.7,OK,44.4,3,78,True,True
2026-08-29T10:18:30,198.5,CAM-05,Blackmagic,Jorge,Location A - Ancestral House (Interior),interior,95.0,-70.2,44.7,0.79,26.1,DEGRADED,17.0,10,390,True,True
2026-08-29T10:19:00,199.0,CAM-01,Sony FX6,Ariel,Location A - Ancestral House (Interior),interior,18.0,-55.1,54.7,0.95,25.7,OK,49.5,0,35,True,True
2026-08-29T10:19:00,199.0,CAM-02,Sony FX6,Marlon,Location A - Ancestral House (Interior),interior,32.0,-56.0,52.1,0.92,24.5,OK,50.1,0,35,True,True
2026-08-29T10:19:00,199.0,CAM-03,Sony FX3,Kiko,Location A - Ancestral House (Interior),interior,68.0,-68.2,28.0,0.61,27.3,DEGRADED,22.0,27,343,True,True
2026-08-29T10:19:00,199.0,CAM-04,Sony FX3,Dennis,Location A - Ancestral House (Interior),interior,45.0,-57.6,50.9,0.88,24.6,OK,47.6,0,35,True,True
2026-08-29T10:19:00,199.0,CAM-05,Blackmagic,Jorge,Location A - Ancestral House (Interior),interior,95.0,-68.8,44.4,0.79,25.7,DEGRADED,20.3,13,382,True,True
2026-08-29T10:19:30,199.5,CAM-01,Sony FX6,Ariel,Location A - Ancestral House (Interior),interior,18.0,-56.9,53.3,0.95,26.0,OK,47.1,0,35,True,True
2026-08-29T10:19:30,199.5,CAM-02,Sony FX6,Marlon,Location A - Ancestral House (Interior),interior,32.0,-56.7,52.0,0.92,27.9,OK,47.1,0,35,True,True
2026-08-29T10:19:30,199.5,CAM-03,Sony FX3,Kiko,Location A - Ancestral House (Interior),interior,68.0,-64.4,27.9,0.61,25.6,OK,34.1,38,52,True,True
2026-08-29T10:19:30,199.5,CAM-04,Sony FX3,Dennis,Location A - Ancestral House (Interior),interior,45.0,-60.2,50.6,0.88,25.3,OK,50.5,1,46,True,True
2026-08-29T10:19:30,199.5,CAM-05,Blackmagic,Jorge,Location A - Ancestral House (Interior),interior,95.0,-69.2,44.6,0.79,26.9,DEGRADED,20.8,65,487,True,True
2026-08-29T10:20:00,200.0,CAM-01,Sony FX6,Ariel,TRANSIT - Convoy to Location B,transit,18.0,,100.0,0.95,25.8,DOWN,0.0,0,,False,True
2026-08-29T10:20:00,200.0,CAM-02,Sony FX6,Marlon,TRANSIT - Convoy to Location B,transit,32.0,,100.0,0.92,24.9,DOWN,0.0,0,,False,True
2026-08-29T10:20:00,200.0,CAM-03,Sony FX3,Kiko,TRANSIT - Convoy to Location B,transit,68.0,,100.0,0.61,26.3,DOWN,0.0,0,,False,True
2026-08-29T10:20:00,200.0,CAM-04,Sony FX3,Dennis,TRANSIT - Convoy to Location B,transit,45.0,,100.0,0.88,25.7,DOWN,0.0,0,,False,True
2026-08-29T10:20:00,200.0,CAM-05,Blackmagic,Jorge,TRANSIT - Convoy to Location B,transit,95.0,,100.0,0.79,25.9,DOWN,0.0,0,,False,True
2026-08-29T10:20:30,200.5,CAM-01,Sony FX6,Ariel,TRANSIT - Convoy to Location B,transit,18.0,,100.0,0.95,25.7,DOWN,0.0,0,,False,True
2026-08-29T10:20:30,200.5,CAM-02,Sony FX6,Marlon,TRANSIT - Convoy to Location B,transit,32.0,,100.0,0.92,24.1,DOWN,0.0,0,,False,True
2026-08-29T10:20:30,200.5,CAM-03,Sony FX3,Kiko,TRANSIT - Convoy to Location B,transit,68.0,,100.0,0.61,26.7,DOWN,0.0,0,,False,True
2026-08-29T10:20:30,200.5,CAM-04,Sony FX3,Dennis,TRANSIT - Convoy to Location B,transit,45.0,,100.0,0.88,24.8,DOWN,0.0,0,,False,True
2026-08-29T10:20:30,200.5,CAM-05,Blackmagic,Jorge,TRANSIT - Convoy to Location B,transit,95.0,,100.0,0.79,26.0,DOWN,0.0,0,,False,True
2026-08-29T10:21:00,201.0,CAM-01,Sony FX6,Ariel,TRANSIT - Convoy to Location B,transit,18.0,,100.0,0.95,26.3,DOWN,0.0,0,,False,True
2026-08-29T10:21:00,201.0,CAM-02,Sony FX6,Marlon,TRANSIT - Convoy to Location B,transit,32.0,,100.0,0.92,25.3,DOWN,0.0,0,,False,True
2026-08-29T10:21:00,201.0,CAM-03,Sony FX3,Kiko,TRANSIT - Convoy to Location B,transit,68.0,,100.0,0.61,25.4,DOWN,0.0,0,,False,True
2026-08-29T10:21:00,201.0,CAM-04,Sony FX3,Dennis,TRANSIT - Convoy to Location B,transit,45.0,,100.0,0.88,26.9,DOWN,0.0,0,,False,True
2026-08-29T10:21:00,201.0,CAM-05,Blackmagic,Jorge,TRANSIT - Convoy to Location B,transit,95.0,,100.0,0.79,26.1,DOWN,0.0,0,,False,True
2026-08-29T10:21:30,201.5,CAM-01,Sony FX6,Ariel,TRANSIT - Convoy to Location B,transit,18.0,,100.0,0.95,25.8,DOWN,0.0,0,,False,True
2026-08-29T10:21:30,201.5,CAM-02,Sony FX6,Marlon,TRANSIT - Convoy to Location B,transit,32.0,,100.0,0.92,26.5,DOWN,0.0,0,,False,True
2026-08-29T10:21:30,201.5,CAM-03,Sony FX3,Kiko,TRANSIT - Convoy to Location B,transit,68.0,,100.0,0.61,25.9,DOWN,0.0,0,,False,True
2026-08-29T10:21:30,201.5,CAM-04,Sony FX3,Dennis,TRANSIT - Convoy to Location B,transit,45.0,,100.0,0.88,25.8,DOWN,0.0,0,,False,True
2026-08-29T10:21:30,201.5,CAM-05,Blackmagic,Jorge,TRANSIT - Convoy to Location B,transit,95.0,,100.0,0.79,26.2,DOWN,0.0,0,,False,True
2026-08-29T10:22:00,202.0,CAM-01,Sony FX6,Ariel,TRANSIT - Convoy to Location B,transit,18.0,,100.0,0.95,25.1,DOWN,0.0,0,,False,True
2026-08-29T10:22:00,202.0,CAM-02,Sony FX6,Marlon,TRANSIT - Convoy to Location B,transit,32.0,,100.0,0.92,24.7,DOWN,0.0,0,,False,True
2026-08-29T10:22:00,202.0,CAM-03,Sony FX3,Kiko,TRANSIT - Convoy to Location B,transit,68.0,,100.0,0.61,26.4,DOWN,0.0,0,,False,True
2026-08-29T10:22:00,202.0,CAM-04,Sony FX3,Dennis,TRANSIT - Convoy to Location B,transit,45.0,,100.0,0.88,26.0,DOWN,0.0,0,,False,True
2026-08-29T10:22:00,202.0,CAM-05,Blackmagic,Jorge,TRANSIT - Convoy to Location B,transit,95.0,,100.0,0.79,25.6,DOWN,0.0,0,,False,True
2026-08-29T10:22:30,202.5,CAM-01,Sony FX6,Ariel,TRANSIT - Convoy to Location B,transit,18.0,,100.0,0.95,25.1,DOWN,0.0,0,,False,True
2026-08-29T10:22:30,202.5,CAM-02,Sony FX6,Marlon,TRANSIT - Convoy to Location B,transit,32.0,,100.0,0.92,24.2,DOWN,0.0,0,,False,True
2026-08-29T10:22:30,202.5,CAM-03,Sony FX3,Kiko,TRANSIT - Convoy to Location B,transit,68.0,,100.0,0.61,26.5,DOWN,0.0,0,,False,True
2026-08-29T10:22:30,202.5,CAM-04,Sony FX3,Dennis,TRANSIT - Convoy to Location B,transit,45.0,,100.0,0.88,25.5,DOWN,0.0,0,,False,True
2026-08-29T10:22:30,202.5,CAM-05,Blackmagic,Jorge,TRANSIT - Convoy to Location B,transit,95.0,,100.0,0.79,25.4,DOWN,0.0,0,,False,True
2026-08-29T10:23:00,203.0,CAM-01,Sony FX6,Ariel,TRANSIT - Convoy to Location B,transit,18.0,,100.0,0.95,27.0,DOWN,0.0,0,,False,True
2026-08-29T10:23:00,203.0,CAM-02,Sony FX6,Marlon,TRANSIT - Convoy to Location B,transit,32.0,,100.0,0.92,26.7,DOWN,0.0,0,,False,True
2026-08-29T10:23:00,203.0,CAM-03,Sony FX3,Kiko,TRANSIT - Convoy to Location B,transit,68.0,,100.0,0.61,26.0,DOWN,0.0,0,,False,True
2026-08-29T10:23:00,203.0,CAM-04,Sony FX3,Dennis,TRANSIT - Convoy to Location B,transit,45.0,,100.0,0.88,26.9,DOWN,0.0,0,,False,True
2026-08-29T10:23:00,203.0,CAM-05,Blackmagic,Jorge,TRANSIT - Convoy to Location B,transit,95.0,,100.0,0.79,26.9,DOWN,0.0,0,,False,True
2026-08-29T10:23:30,203.5,CAM-01,Sony FX6,Ariel,TRANSIT - Convoy to Location B,transit,18.0,,100.0,0.95,25.4,DOWN,0.0,0,,False,True
2026-08-29T10:23:30,203.5,CAM-02,Sony FX6,Marlon,TRANSIT - Convoy to Location B,transit,32.0,,100.0,0.92,26.8,DOWN,0.0,0,,False,True
2026-08-29T10:23:30,203.5,CAM-03,Sony FX3,Kiko,TRANSIT - Convoy to Location B,transit,68.0,,100.0,0.61,25.0,DOWN,0.0,0,,False,True
2026-08-29T10:23:30,203.5,CAM-04,Sony FX3,Dennis,TRANSIT - Convoy to Location B,transit,45.0,,100.0,0.88,25.3,DOWN,0.0,0,,False,True
2026-08-29T10:23:30,203.5,CAM-05,Blackmagic,Jorge,TRANSIT - Convoy to Location B,transit,95.0,,100.0,0.79,25.8,DOWN,0.0,0,,False,True
2026-08-29T10:24:00,204.0,CAM-01,Sony FX6,Ariel,TRANSIT - Convoy to Location B,transit,18.0,,100.0,0.95,26.7,DOWN,0.0,0,,False,True
2026-08-29T10:24:00,204.0,CAM-02,Sony FX6,Marlon,TRANSIT - Convoy to Location B,transit,32.0,,100.0,0.92,25.2,DOWN,0.0,0,,False,True
2026-08-29T10:24:00,204.0,CAM-03,Sony FX3,Kiko,TRANSIT - Convoy to Location B,transit,68.0,,100.0,0.61,25.7,DOWN,0.0,0,,False,True
2026-08-29T10:24:00,204.0,CAM-04,Sony FX3,Dennis,TRANSIT - Convoy to Location B,transit,45.0,,100.0,0.88,26.9,DOWN,0.0,0,,False,True
2026-08-29T10:24:00,204.0,CAM-05,Blackmagic,Jorge,TRANSIT - Convoy to Location B,transit,95.0,,100.0,0.79,26.9,DOWN,0.0,0,,False,True
2026-08-29T10:24:30,204.5,CAM-01,Sony FX6,Ariel,TRANSIT - Convoy to Location B,transit,18.0,,100.0,0.95,25.5,DOWN,0.0,0,,False,True
2026-08-29T10:24:30,204.5,CAM-02,Sony FX6,Marlon,TRANSIT - Convoy to Location B,transit,32.0,,100.0,0.92,26.8,DOWN,0.0,0,,False,True
2026-08-29T10:24:30,204.5,CAM-03,Sony FX3,Kiko,TRANSIT - Convoy to Location B,transit,68.0,,100.0,0.61,27.2,DOWN,0.0,0,,False,True
2026-08-29T10:24:30,204.5,CAM-04,Sony FX3,Dennis,TRANSIT - Convoy to Location B,transit,45.0,,100.0,0.88,25.2,DOWN,0.0,0,,False,True
2026-08-29T10:24:30,204.5,CAM-05,Blackmagic,Jorge,TRANSIT - Convoy to Location B,transit,95.0,,100.0,0.79,25.7,DOWN,0.0,0,,False,True
2026-08-29T10:25:00,205.0,CAM-01,Sony FX6,Ariel,TRANSIT - Convoy to Location B,transit,18.0,,100.0,0.95,25.0,DOWN,0.0,0,,False,True
2026-08-29T10:25:00,205.0,CAM-02,Sony FX6,Marlon,TRANSIT - Convoy to Location B,transit,32.0,,100.0,0.92,24.8,DOWN,0.0,0,,False,True
2026-08-29T10:25:00,205.0,CAM-03,Sony FX3,Kiko,TRANSIT - Convoy to Location B,transit,68.0,,100.0,0.61,26.2,DOWN,0.0,0,,False,True
2026-08-29T10:25:00,205.0,CAM-04,Sony FX3,Dennis,TRANSIT - Convoy to Location B,transit,45.0,,100.0,0.88,26.3,DOWN,0.0,0,,False,True
2026-08-29T10:25:00,205.0,CAM-05,Blackmagic,Jorge,TRANSIT - Convoy to Location B,transit,95.0,,100.0,0.79,27.0,DOWN,0.0,0,,False,True
2026-08-29T10:25:30,205.5,CAM-01,Sony FX6,Ariel,TRANSIT - Convoy to Location B,transit,18.0,,100.0,0.95,24.8,DOWN,0.0,0,,False,True
2026-08-29T10:25:30,205.5,CAM-02,Sony FX6,Marlon,TRANSIT - Convoy to Location B,transit,32.0,,100.0,0.92,25.5,DOWN,0.0,0,,False,True
2026-08-29T10:25:30,205.5,CAM-03,Sony FX3,Kiko,TRANSIT - Convoy to Location B,transit,68.0,,100.0,0.61,25.3,DOWN,0.0,0,,False,True
2026-08-29T10:25:30,205.5,CAM-04,Sony FX3,Dennis,TRANSIT - Convoy to Location B,transit,45.0,,100.0,0.88,25.9,DOWN,0.0,0,,False,True
2026-08-29T10:25:30,205.5,CAM-05,Blackmagic,Jorge,TRANSIT - Convoy to Location B,transit,95.0,,100.0,0.79,26.1,DOWN,0.0,0,,False,True
2026-08-29T10:26:00,206.0,CAM-01,Sony FX6,Ariel,TRANSIT - Convoy to Location B,transit,18.0,,100.0,0.95,26.6,DOWN,0.0,0,,False,True
2026-08-29T10:26:00,206.0,CAM-02,Sony FX6,Marlon,TRANSIT - Convoy to Location B,transit,32.0,,100.0,0.92,27.4,DOWN,0.0,0,,False,True
2026-08-29T10:26:00,206.0,CAM-03,Sony FX3,Kiko,TRANSIT - Convoy to Location B,transit,68.0,,100.0,0.61,27.3,DOWN,0.0,0,,False,True
2026-08-29T10:26:00,206.0,CAM-04,Sony FX3,Dennis,TRANSIT - Convoy to Location B,transit,45.0,,100.0,0.88,25.8,DOWN,0.0,0,,False,True
2026-08-29T10:26:00,206.0,CAM-05,Blackmagic,Jorge,TRANSIT - Convoy to Location B,transit,95.0,,100.0,0.79,26.4,DOWN,0.0,0,,False,True
2026-08-29T10:26:30,206.5,CAM-01,Sony FX6,Ariel,TRANSIT - Convoy to Location B,transit,18.0,,100.0,0.95,24.6,DOWN,0.0,0,,False,True
2026-08-29T10:26:30,206.5,CAM-02,Sony FX6,Marlon,TRANSIT - Convoy to Location B,transit,32.0,,100.0,0.92,25.4,DOWN,0.0,0,,False,True
2026-08-29T10:26:30,206.5,CAM-03,Sony FX3,Kiko,TRANSIT - Convoy to Location B,transit,68.0,,100.0,0.61,25.1,DOWN,0.0,0,,False,True
2026-08-29T10:26:30,206.5,CAM-04,Sony FX3,Dennis,TRANSIT - Convoy to Location B,transit,45.0,,100.0,0.88,25.5,DOWN,0.0,0,,False,True
2026-08-29T10:26:30,206.5,CAM-05,Blackmagic,Jorge,TRANSIT - Convoy to Location B,transit,95.0,,100.0,0.79,25.7,DOWN,0.0,0,,False,True
2026-08-29T10:27:00,207.0,CAM-01,Sony FX6,Ariel,TRANSIT - Convoy to Location B,transit,18.0,,100.0,0.95,24.9,DOWN,0.0,0,,False,True
2026-08-29T10:27:00,207.0,CAM-02,Sony FX6,Marlon,TRANSIT - Convoy to Location B,transit,32.0,,100.0,0.92,26.9,DOWN,0.0,0,,False,True
2026-08-29T10:27:00,207.0,CAM-03,Sony FX3,Kiko,TRANSIT - Convoy to Location B,transit,68.0,,100.0,0.61,26.7,DOWN,0.0,0,,False,True
2026-08-29T10:27:00,207.0,CAM-04,Sony FX3,Dennis,TRANSIT - Convoy to Location B,transit,45.0,,100.0,0.88,27.2,DOWN,0.0,0,,False,True
2026-08-29T10:27:00,207.0,CAM-05,Blackmagic,Jorge,TRANSIT - Convoy to Location B,transit,95.0,,100.0,0.79,27.2,DOWN,0.0,0,,False,True
2026-08-29T10:27:30,207.5,CAM-01,Sony FX6,Ariel,TRANSIT - Convoy to Location B,transit,18.0,,100.0,0.95,25.2,DOWN,0.0,0,,False,True
2026-08-29T10:27:30,207.5,CAM-02,Sony FX6,Marlon,TRANSIT - Convoy to Location B,transit,32.0,,100.0,0.92,25.8,DOWN,0.0,0,,False,True
2026-08-29T10:27:30,207.5,CAM-03,Sony FX3,Kiko,TRANSIT - Convoy to Location B,transit,68.0,,100.0,0.61,26.7,DOWN,0.0,0,,False,True
2026-08-29T10:27:30,207.5,CAM-04,Sony FX3,Dennis,TRANSIT - Convoy to Location B,transit,45.0,,100.0,0.88,25.3,DOWN,0.0,0,,False,True
2026-08-29T10:27:30,207.5,CAM-05,Blackmagic,Jorge,TRANSIT - Convoy to Location B,transit,95.0,,100.0,0.79,25.5,DOWN,0.0,0,,False,True
2026-08-29T10:28:00,208.0,CAM-01,Sony FX6,Ariel,TRANSIT - Convoy to Location B,transit,18.0,,100.0,0.95,25.8,DOWN,0.0,0,,False,True
2026-08-29T10:28:00,208.0,CAM-02,Sony FX6,Marlon,TRANSIT - Convoy to Location B,transit,32.0,,100.0,0.92,25.5,DOWN,0.0,0,,False,True
2026-08-29T10:28:00,208.0,CAM-03,Sony FX3,Kiko,TRANSIT - Convoy to Location B,transit,68.0,,100.0,0.61,26.6,DOWN,0.0,0,,False,True
2026-08-29T10:28:00,208.0,CAM-04,Sony FX3,Dennis,TRANSIT - Convoy to Location B,transit,45.0,,100.0,0.88,25.4,DOWN,0.0,0,,False,True
2026-08-29T10:28:00,208.0,CAM-05,Blackmagic,Jorge,TRANSIT - Convoy to Location B,transit,95.0,,100.0,0.79,27.3,DOWN,0.0,0,,False,True
2026-08-29T10:28:30,208.5,CAM-01,Sony FX6,Ariel,TRANSIT - Convoy to Location B,transit,18.0,,100.0,0.95,25.8,DOWN,0.0,0,,False,True
2026-08-29T10:28:30,208.5,CAM-02,Sony FX6,Marlon,TRANSIT - Convoy to Location B,transit,32.0,,100.0,0.92,25.8,DOWN,0.0,0,,False,True
2026-08-29T10:28:30,208.5,CAM-03,Sony FX3,Kiko,TRANSIT - Convoy to Location B,transit,68.0,,100.0,0.61,25.6,DOWN,0.0,0,,False,True
2026-08-29T10:28:30,208.5,CAM-04,Sony FX3,Dennis,TRANSIT - Convoy to Location B,transit,45.0,,100.0,0.88,25.6,DOWN,0.0,0,,False,True
2026-08-29T10:28:30,208.5,CAM-05,Blackmagic,Jorge,TRANSIT - Convoy to Location B,transit,95.0,,100.0,0.79,25.9,DOWN,0.0,0,,False,True
2026-08-29T10:29:00,209.0,CAM-01,Sony FX6,Ariel,TRANSIT - Convoy to Location B,transit,18.0,,100.0,0.95,26.0,DOWN,0.0,0,,False,True
2026-08-29T10:29:00,209.0,CAM-02,Sony FX6,Marlon,TRANSIT - Convoy to Location B,transit,32.0,,100.0,0.92,26.3,DOWN,0.0,0,,False,True
2026-08-29T10:29:00,209.0,CAM-03,Sony FX3,Kiko,TRANSIT - Convoy to Location B,transit,68.0,,100.0,0.61,25.4,DOWN,0.0,0,,False,True
2026-08-29T10:29:00,209.0,CAM-04,Sony FX3,Dennis,TRANSIT - Convoy to Location B,transit,45.0,,100.0,0.88,26.1,DOWN,0.0,0,,False,True
2026-08-29T10:29:00,209.0,CAM-05,Blackmagic,Jorge,TRANSIT - Convoy to Location B,transit,95.0,,100.0,0.79,25.9,DOWN,0.0,0,,False,True
2026-08-29T10:29:30,209.5,CAM-01,Sony FX6,Ariel,TRANSIT - Convoy to Location B,transit,18.0,,100.0,0.95,27.1,DOWN,0.0,0,,False,True
2026-08-29T10:29:30,209.5,CAM-02,Sony FX6,Marlon,TRANSIT - Convoy to Location B,transit,32.0,,100.0,0.92,26.1,DOWN,0.0,0,,False,True
2026-08-29T10:29:30,209.5,CAM-03,Sony FX3,Kiko,TRANSIT - Convoy to Location B,transit,68.0,,100.0,0.61,26.2,DOWN,0.0,0,,False,True
2026-08-29T10:29:30,209.5,CAM-04,Sony FX3,Dennis,TRANSIT - Convoy to Location B,transit,45.0,,100.0,0.88,25.0,DOWN,0.0,0,,False,True
2026-08-29T10:29:30,209.5,CAM-05,Blackmagic,Jorge,TRANSIT - Convoy to Location B,transit,95.0,,100.0,0.79,26.5,DOWN,0.0,0,,False,True
2026-08-29T10:30:00,210.0,CAM-01,Sony FX6,Ariel,TRANSIT - Convoy to Location B,transit,18.0,,100.0,0.95,25.7,DOWN,0.0,0,,False,True
2026-08-29T10:30:00,210.0,CAM-02,Sony FX6,Marlon,TRANSIT - Convoy to Location B,transit,32.0,,100.0,0.92,25.1,DOWN,0.0,0,,False,True
2026-08-29T10:30:00,210.0,CAM-03,Sony FX3,Kiko,TRANSIT - Convoy to Location B,transit,68.0,,100.0,0.61,24.8,DOWN,0.0,0,,False,True
2026-08-29T10:30:00,210.0,CAM-04,Sony FX3,Dennis,TRANSIT - Convoy to Location B,transit,45.0,,100.0,0.88,25.8,DOWN,0.0,0,,False,True
2026-08-29T10:30:00,210.0,CAM-05,Blackmagic,Jorge,TRANSIT - Convoy to Location B,transit,95.0,,100.0,0.79,23.8,DOWN,0.0,0,,False,True
2026-08-29T10:30:30,210.5,CAM-01,Sony FX6,Ariel,TRANSIT - Convoy to Location B,transit,18.0,,100.0,0.95,25.4,DOWN,0.0,0,,False,True
2026-08-29T10:30:30,210.5,CAM-02,Sony FX6,Marlon,TRANSIT - Convoy to Location B,transit,32.0,,100.0,0.92,27.2,DOWN,0.0,0,,False,True
2026-08-29T10:30:30,210.5,CAM-03,Sony FX3,Kiko,TRANSIT - Convoy to Location B,transit,68.0,,100.0,0.61,25.7,DOWN,0.0,0,,False,True
2026-08-29T10:30:30,210.5,CAM-04,Sony FX3,Dennis,TRANSIT - Convoy to Location B,transit,45.0,,100.0,0.88,27.6,DOWN,0.0,0,,False,True
2026-08-29T10:30:30,210.5,CAM-05,Blackmagic,Jorge,TRANSIT - Convoy to Location B,transit,95.0,,100.0,0.79,27.2,DOWN,0.0,0,,False,True
2026-08-29T10:31:00,211.0,CAM-01,Sony FX6,Ariel,TRANSIT - Convoy to Location B,transit,18.0,,100.0,0.95,25.9,DOWN,0.0,0,,False,True
2026-08-29T10:31:00,211.0,CAM-02,Sony FX6,Marlon,TRANSIT - Convoy to Location B,transit,32.0,,100.0,0.92,25.9,DOWN,0.0,0,,False,True
2026-08-29T10:31:00,211.0,CAM-03,Sony FX3,Kiko,TRANSIT - Convoy to Location B,transit,68.0,,100.0,0.61,25.8,DOWN,0.0,0,,False,True
2026-08-29T10:31:00,211.0,CAM-04,Sony FX3,Dennis,TRANSIT - Convoy to Location B,transit,45.0,,100.0,0.88,26.0,DOWN,0.0,0,,False,True
2026-08-29T10:31:00,211.0,CAM-05,Blackmagic,Jorge,TRANSIT - Convoy to Location B,transit,95.0,,100.0,0.79,27.3,DOWN,0.0,0,,False,True
2026-08-29T10:31:30,211.5,CAM-01,Sony FX6,Ariel,TRANSIT - Convoy to Location B,transit,18.0,,100.0,0.95,25.2,DOWN,0.0,0,,False,True
2026-08-29T10:31:30,211.5,CAM-02,Sony FX6,Marlon,TRANSIT - Convoy to Location B,transit,32.0,,100.0,0.92,24.9,DOWN,0.0,0,,False,True
2026-08-29T10:31:30,211.5,CAM-03,Sony FX3,Kiko,TRANSIT - Convoy to Location B,transit,68.0,,100.0,0.61,25.2,DOWN,0.0,0,,False,True
2026-08-29T10:31:30,211.5,CAM-04,Sony FX3,Dennis,TRANSIT - Convoy to Location B,transit,45.0,,100.0,0.88,26.2,DOWN,0.0,0,,False,True
2026-08-29T10:31:30,211.5,CAM-05,Blackmagic,Jorge,TRANSIT - Convoy to Location B,transit,95.0,,100.0,0.79,26.4,DOWN,0.0,0,,False,True
2026-08-29T10:32:00,212.0,CAM-01,Sony FX6,Ariel,TRANSIT - Convoy to Location B,transit,18.0,,100.0,0.95,26.0,DOWN,0.0,0,,False,True
2026-08-29T10:32:00,212.0,CAM-02,Sony FX6,Marlon,TRANSIT - Convoy to Location B,transit,32.0,,100.0,0.92,25.9,DOWN,0.0,0,,False,True
2026-08-29T10:32:00,212.0,CAM-03,Sony FX3,Kiko,TRANSIT - Convoy to Location B,transit,68.0,,100.0,0.61,25.6,DOWN,0.0,0,,False,True
2026-08-29T10:32:00,212.0,CAM-04,Sony FX3,Dennis,TRANSIT - Convoy to Location B,transit,45.0,,100.0,0.88,26.3,DOWN,0.0,0,,False,True
2026-08-29T10:32:00,212.0,CAM-05,Blackmagic,Jorge,TRANSIT - Convoy to Location B,transit,95.0,,100.0,0.79,25.7,DOWN,0.0,0,,False,True
2026-08-29T10:32:30,212.5,CAM-01,Sony FX6,Ariel,TRANSIT - Convoy to Location B,transit,18.0,,100.0,0.95,25.7,DOWN,0.0,0,,False,True
2026-08-29T10:32:30,212.5,CAM-02,Sony FX6,Marlon,TRANSIT - Convoy to Location B,transit,32.0,,100.0,0.92,25.0,DOWN,0.0,0,,False,True
2026-08-29T10:32:30,212.5,CAM-03,Sony FX3,Kiko,TRANSIT - Convoy to Location B,transit,68.0,,100.0,0.61,25.6,DOWN,0.0,0,,False,True
2026-08-29T10:32:30,212.5,CAM-04,Sony FX3,Dennis,TRANSIT - Convoy to Location B,transit,45.0,,100.0,0.88,25.1,DOWN,0.0,0,,False,True
2026-08-29T10:32:30,212.5,CAM-05,Blackmagic,Jorge,TRANSIT - Convoy to Location B,transit,95.0,,100.0,0.79,24.2,DOWN,0.0,0,,False,True
2026-08-29T10:33:00,213.0,CAM-01,Sony FX6,Ariel,TRANSIT - Convoy to Location B,transit,18.0,,100.0,0.95,26.0,DOWN,0.0,0,,False,True
2026-08-29T10:33:00,213.0,CAM-02,Sony FX6,Marlon,TRANSIT - Convoy to Location B,transit,32.0,,100.0,0.92,26.3,DOWN,0.0,0,,False,True
2026-08-29T10:33:00,213.0,CAM-03,Sony FX3,Kiko,TRANSIT - Convoy to Location B,transit,68.0,,100.0,0.61,25.4,DOWN,0.0,0,,False,True
2026-08-29T10:33:00,213.0,CAM-04,Sony FX3,Dennis,TRANSIT - Convoy to Location B,transit,45.0,,100.0,0.88,25.3,DOWN,0.0,0,,False,True
2026-08-29T10:33:00,213.0,CAM-05,Blackmagic,Jorge,TRANSIT - Convoy to Location B,transit,95.0,,100.0,0.79,25.9,DOWN,0.0,0,,False,True
2026-08-29T10:33:30,213.5,CAM-01,Sony FX6,Ariel,TRANSIT - Convoy to Location B,transit,18.0,,100.0,0.95,25.7,DOWN,0.0,0,,False,True
2026-08-29T10:33:30,213.5,CAM-02,Sony FX6,Marlon,TRANSIT - Convoy to Location B,transit,32.0,,100.0,0.92,26.1,DOWN,0.0,0,,False,True
2026-08-29T10:33:30,213.5,CAM-03,Sony FX3,Kiko,TRANSIT - Convoy to Location B,transit,68.0,,100.0,0.61,25.2,DOWN,0.0,0,,False,True
2026-08-29T10:33:30,213.5,CAM-04,Sony FX3,Dennis,TRANSIT - Convoy to Location B,transit,45.0,,100.0,0.88,26.3,DOWN,0.0,0,,False,True
2026-08-29T10:33:30,213.5,CAM-05,Blackmagic,Jorge,TRANSIT - Convoy to Location B,transit,95.0,,100.0,0.79,25.8,DOWN,0.0,0,,False,True
2026-08-29T10:34:00,214.0,CAM-01,Sony FX6,Ariel,TRANSIT - Convoy to Location B,transit,18.0,,100.0,0.95,25.8,DOWN,0.0,0,,False,True
2026-08-29T10:34:00,214.0,CAM-02,Sony FX6,Marlon,TRANSIT - Convoy to Location B,transit,32.0,,100.0,0.92,25.4,DOWN,0.0,0,,False,True
2026-08-29T10:34:00,214.0,CAM-03,Sony FX3,Kiko,TRANSIT - Convoy to Location B,transit,68.0,,100.0,0.61,25.2,DOWN,0.0,0,,False,True
2026-08-29T10:34:00,214.0,CAM-04,Sony FX3,Dennis,TRANSIT - Convoy to Location B,transit,45.0,,100.0,0.88,26.5,DOWN,0.0,0,,False,True
2026-08-29T10:34:00,214.0,CAM-05,Blackmagic,Jorge,TRANSIT - Convoy to Location B,transit,95.0,,100.0,0.79,25.2,DOWN,0.0,0,,False,True
2026-08-29T10:34:30,214.5,CAM-01,Sony FX6,Ariel,TRANSIT - Convoy to Location B,transit,18.0,,100.0,0.95,26.2,DOWN,0.0,0,,False,True
2026-08-29T10:34:30,214.5,CAM-02,Sony FX6,Marlon,TRANSIT - Convoy to Location B,transit,32.0,,100.0,0.92,25.7,DOWN,0.0,0,,False,True
2026-08-29T10:34:30,214.5,CAM-03,Sony FX3,Kiko,TRANSIT - Convoy to Location B,transit,68.0,,100.0,0.61,25.8,DOWN,0.0,0,,False,True
2026-08-29T10:34:30,214.5,CAM-04,Sony FX3,Dennis,TRANSIT - Convoy to Location B,transit,45.0,,100.0,0.88,26.7,DOWN,0.0,0,,False,True
2026-08-29T10:34:30,214.5,CAM-05,Blackmagic,Jorge,TRANSIT - Convoy to Location B,transit,95.0,,100.0,0.79,26.6,DOWN,0.0,0,,False,True
2026-08-29T10:35:00,215.0,CAM-01,Sony FX6,Ariel,TRANSIT - Convoy to Location B,transit,18.0,,100.0,0.95,26.4,DOWN,0.0,0,,False,True
2026-08-29T10:35:00,215.0,CAM-02,Sony FX6,Marlon,TRANSIT - Convoy to Location B,transit,32.0,,100.0,0.92,24.4,DOWN,0.0,0,,False,True
2026-08-29T10:35:00,215.0,CAM-03,Sony FX3,Kiko,TRANSIT - Convoy to Location B,transit,68.0,,100.0,0.61,26.0,DOWN,0.0,0,,False,True
2026-08-29T10:35:00,215.0,CAM-04,Sony FX3,Dennis,TRANSIT - Convoy to Location B,transit,45.0,,100.0,0.88,26.3,DOWN,0.0,0,,False,True
2026-08-29T10:35:00,215.0,CAM-05,Blackmagic,Jorge,TRANSIT - Convoy to Location B,transit,95.0,,100.0,0.79,25.9,DOWN,0.0,0,,False,True
2026-08-29T10:35:30,215.5,CAM-01,Sony FX6,Ariel,TRANSIT - Convoy to Location B,transit,18.0,,100.0,0.95,27.1,DOWN,0.0,0,,False,True
2026-08-29T10:35:30,215.5,CAM-02,Sony FX6,Marlon,TRANSIT - Convoy to Location B,transit,32.0,,100.0,0.92,26.0,DOWN,0.0,0,,False,True
2026-08-29T10:35:30,215.5,CAM-03,Sony FX3,Kiko,TRANSIT - Convoy to Location B,transit,68.0,,100.0,0.61,24.6,DOWN,0.0,0,,False,True
2026-08-29T10:35:30,215.5,CAM-04,Sony FX3,Dennis,TRANSIT - Convoy to Location B,transit,45.0,,100.0,0.88,26.3,DOWN,0.0,0,,False,True
2026-08-29T10:35:30,215.5,CAM-05,Blackmagic,Jorge,TRANSIT - Convoy to Location B,transit,95.0,,100.0,0.79,27.8,DOWN,0.0,0,,False,True
2026-08-29T10:36:00,216.0,CAM-01,Sony FX6,Ariel,TRANSIT - Convoy to Location B,transit,18.0,,100.0,0.95,26.0,DOWN,0.0,0,,False,True
2026-08-29T10:36:00,216.0,CAM-02,Sony FX6,Marlon,TRANSIT - Convoy to Location B,transit,32.0,,100.0,0.92,26.1,DOWN,0.0,0,,False,True
2026-08-29T10:36:00,216.0,CAM-03,Sony FX3,Kiko,TRANSIT - Convoy to Location B,transit,68.0,,100.0,0.61,25.4,DOWN,0.0,0,,False,True
2026-08-29T10:36:00,216.0,CAM-04,Sony FX3,Dennis,TRANSIT - Convoy to Location B,transit,45.0,,100.0,0.88,24.5,DOWN,0.0,0,,False,True
2026-08-29T10:36:00,216.0,CAM-05,Blackmagic,Jorge,TRANSIT - Convoy to Location B,transit,95.0,,100.0,0.79,27.0,DOWN,0.0,0,,False,True
2026-08-29T10:36:30,216.5,CAM-01,Sony FX6,Ariel,TRANSIT - Convoy to Location B,transit,18.0,,100.0,0.95,26.5,DOWN,0.0,0,,False,True
2026-08-29T10:36:30,216.5,CAM-02,Sony FX6,Marlon,TRANSIT - Convoy to Location B,transit,32.0,,100.0,0.92,27.3,DOWN,0.0,0,,False,True
2026-08-29T10:36:30,216.5,CAM-03,Sony FX3,Kiko,TRANSIT - Convoy to Location B,transit,68.0,,100.0,0.61,25.4,DOWN,0.0,0,,False,True
2026-08-29T10:36:30,216.5,CAM-04,Sony FX3,Dennis,TRANSIT - Convoy to Location B,transit,45.0,,100.0,0.88,25.2,DOWN,0.0,0,,False,True
2026-08-29T10:36:30,216.5,CAM-05,Blackmagic,Jorge,TRANSIT - Convoy to Location B,transit,95.0,,100.0,0.79,24.4,DOWN,0.0,0,,False,True
2026-08-29T10:37:00,217.0,CAM-01,Sony FX6,Ariel,TRANSIT - Convoy to Location B,transit,18.0,,100.0,0.95,26.4,DOWN,0.0,0,,False,True
2026-08-29T10:37:00,217.0,CAM-02,Sony FX6,Marlon,TRANSIT - Convoy to Location B,transit,32.0,,100.0,0.92,25.8,DOWN,0.0,0,,False,True
2026-08-29T10:37:00,217.0,CAM-03,Sony FX3,Kiko,TRANSIT - Convoy to Location B,transit,68.0,,100.0,0.61,26.2,DOWN,0.0,0,,False,True
2026-08-29T10:37:00,217.0,CAM-04,Sony FX3,Dennis,TRANSIT - Convoy to Location B,transit,45.0,,100.0,0.88,25.5,DOWN,0.0,0,,False,True
2026-08-29T10:37:00,217.0,CAM-05,Blackmagic,Jorge,TRANSIT - Convoy to Location B,transit,95.0,,100.0,0.79,25.4,DOWN,0.0,0,,False,True
2026-08-29T10:37:30,217.5,CAM-01,Sony FX6,Ariel,TRANSIT - Convoy to Location B,transit,18.0,,100.0,0.95,26.7,DOWN,0.0,0,,False,True
2026-08-29T10:37:30,217.5,CAM-02,Sony FX6,Marlon,TRANSIT - Convoy to Location B,transit,32.0,,100.0,0.92,26.9,DOWN,0.0,0,,False,True
2026-08-29T10:37:30,217.5,CAM-03,Sony FX3,Kiko,TRANSIT - Convoy to Location B,transit,68.0,,100.0,0.61,25.4,DOWN,0.0,0,,False,True
2026-08-29T10:37:30,217.5,CAM-04,Sony FX3,Dennis,TRANSIT - Convoy to Location B,transit,45.0,,100.0,0.88,24.3,DOWN,0.0,0,,False,True
2026-08-29T10:37:30,217.5,CAM-05,Blackmagic,Jorge,TRANSIT - Convoy to Location B,transit,95.0,,100.0,0.79,25.1,DOWN,0.0,0,,False,True
2026-08-29T10:38:00,218.0,CAM-01,Sony FX6,Ariel,TRANSIT - Convoy to Location B,transit,18.0,,100.0,0.95,25.6,DOWN,0.0,0,,False,True
2026-08-29T10:38:00,218.0,CAM-02,Sony FX6,Marlon,TRANSIT - Convoy to Location B,transit,32.0,,100.0,0.92,26.6,DOWN,0.0,0,,False,True
2026-08-29T10:38:00,218.0,CAM-03,Sony FX3,Kiko,TRANSIT - Convoy to Location B,transit,68.0,,100.0,0.61,26.7,DOWN,0.0,0,,False,True
2026-08-29T10:38:00,218.0,CAM-04,Sony FX3,Dennis,TRANSIT - Convoy to Location B,transit,45.0,,100.0,0.88,26.6,DOWN,0.0,0,,False,True
2026-08-29T10:38:00,218.0,CAM-05,Blackmagic,Jorge,TRANSIT - Convoy to Location B,transit,95.0,,100.0,0.79,27.5,DOWN,0.0,0,,False,True
2026-08-29T10:38:30,218.5,CAM-01,Sony FX6,Ariel,TRANSIT - Convoy to Location B,transit,18.0,,100.0,0.95,26.8,DOWN,0.0,0,,False,True
2026-08-29T10:38:30,218.5,CAM-02,Sony FX6,Marlon,TRANSIT - Convoy to Location B,transit,32.0,,100.0,0.92,27.4,DOWN,0.0,0,,False,True
2026-08-29T10:38:30,218.5,CAM-03,Sony FX3,Kiko,TRANSIT - Convoy to Location B,transit,68.0,,100.0,0.61,25.3,DOWN,0.0,0,,False,True
2026-08-29T10:38:30,218.5,CAM-04,Sony FX3,Dennis,TRANSIT - Convoy to Location B,transit,45.0,,100.0,0.88,25.3,DOWN,0.0,0,,False,True
2026-08-29T10:38:30,218.5,CAM-05,Blackmagic,Jorge,TRANSIT - Convoy to Location B,transit,95.0,,100.0,0.79,25.7,DOWN,0.0,0,,False,True
2026-08-29T10:39:00,219.0,CAM-01,Sony FX6,Ariel,TRANSIT - Convoy to Location B,transit,18.0,,100.0,0.95,25.9,DOWN,0.0,0,,False,True
2026-08-29T10:39:00,219.0,CAM-02,Sony FX6,Marlon,TRANSIT - Convoy to Location B,transit,32.0,,100.0,0.92,26.9,DOWN,0.0,0,,False,True
2026-08-29T10:39:00,219.0,CAM-03,Sony FX3,Kiko,TRANSIT - Convoy to Location B,transit,68.0,,100.0,0.61,25.6,DOWN,0.0,0,,False,True
2026-08-29T10:39:00,219.0,CAM-04,Sony FX3,Dennis,TRANSIT - Convoy to Location B,transit,45.0,,100.0,0.88,26.6,DOWN,0.0,0,,False,True
2026-08-29T10:39:00,219.0,CAM-05,Blackmagic,Jorge,TRANSIT - Convoy to Location B,transit,95.0,,100.0,0.79,26.7,DOWN,0.0,0,,False,True
2026-08-29T10:39:30,219.5,CAM-01,Sony FX6,Ariel,TRANSIT - Convoy to Location B,transit,18.0,,100.0,0.95,26.2,DOWN,0.0,0,,False,True
2026-08-29T10:39:30,219.5,CAM-02,Sony FX6,Marlon,TRANSIT - Convoy to Location B,transit,32.0,,100.0,0.92,25.7,DOWN,0.0,0,,False,True
2026-08-29T10:39:30,219.5,CAM-03,Sony FX3,Kiko,TRANSIT - Convoy to Location B,transit,68.0,,100.0,0.61,26.1,DOWN,0.0,0,,False,True
2026-08-29T10:39:30,219.5,CAM-04,Sony FX3,Dennis,TRANSIT - Convoy to Location B,transit,45.0,,100.0,0.88,26.1,DOWN,0.0,0,,False,True
2026-08-29T10:39:30,219.5,CAM-05,Blackmagic,Jorge,TRANSIT - Convoy to Location B,transit,95.0,,100.0,0.79,25.6,DOWN,0.0,0,,False,True
2026-08-29T10:40:00,220.0,CAM-01,Sony FX6,Ariel,TRANSIT - Convoy to Location B,transit,18.0,,100.0,0.95,28.3,DOWN,0.0,0,,False,True
2026-08-29T10:40:00,220.0,CAM-02,Sony FX6,Marlon,TRANSIT - Convoy to Location B,transit,32.0,,100.0,0.92,24.6,DOWN,0.0,0,,False,True
2026-08-29T10:40:00,220.0,CAM-03,Sony FX3,Kiko,TRANSIT - Convoy to Location B,transit,68.0,,100.0,0.61,25.1,DOWN,0.0,0,,False,True
2026-08-29T10:40:00,220.0,CAM-04,Sony FX3,Dennis,TRANSIT - Convoy to Location B,transit,45.0,,100.0,0.88,26.5,DOWN,0.0,0,,False,True
2026-08-29T10:40:00,220.0,CAM-05,Blackmagic,Jorge,TRANSIT - Convoy to Location B,transit,95.0,,100.0,0.79,27.0,DOWN,0.0,0,,False,True
2026-08-29T10:40:30,220.5,CAM-01,Sony FX6,Ariel,TRANSIT - Convoy to Location B,transit,18.0,,100.0,0.95,25.4,DOWN,0.0,0,,False,True
2026-08-29T10:40:30,220.5,CAM-02,Sony FX6,Marlon,TRANSIT - Convoy to Location B,transit,32.0,,100.0,0.92,25.0,DOWN,0.0,0,,False,True
2026-08-29T10:40:30,220.5,CAM-03,Sony FX3,Kiko,TRANSIT - Convoy to Location B,transit,68.0,,100.0,0.61,25.9,DOWN,0.0,0,,False,True
2026-08-29T10:40:30,220.5,CAM-04,Sony FX3,Dennis,TRANSIT - Convoy to Location B,transit,45.0,,100.0,0.88,26.5,DOWN,0.0,0,,False,True
2026-08-29T10:40:30,220.5,CAM-05,Blackmagic,Jorge,TRANSIT - Convoy to Location B,transit,95.0,,100.0,0.79,25.9,DOWN,0.0,0,,False,True
2026-08-29T10:41:00,221.0,CAM-01,Sony FX6,Ariel,TRANSIT - Convoy to Location B,transit,18.0,,100.0,0.95,24.6,DOWN,0.0,0,,False,True
2026-08-29T10:41:00,221.0,CAM-02,Sony FX6,Marlon,TRANSIT - Convoy to Location B,transit,32.0,,100.0,0.92,25.0,DOWN,0.0,0,,False,True
2026-08-29T10:41:00,221.0,CAM-03,Sony FX3,Kiko,TRANSIT - Convoy to Location B,transit,68.0,,100.0,0.61,26.7,DOWN,0.0,0,,False,True
2026-08-29T10:41:00,221.0,CAM-04,Sony FX3,Dennis,TRANSIT - Convoy to Location B,transit,45.0,,100.0,0.88,24.3,DOWN,0.0,0,,False,True
2026-08-29T10:41:00,221.0,CAM-05,Blackmagic,Jorge,TRANSIT - Convoy to Location B,transit,95.0,,100.0,0.79,27.1,DOWN,0.0,0,,False,True
2026-08-29T10:41:30,221.5,CAM-01,Sony FX6,Ariel,TRANSIT - Convoy to Location B,transit,18.0,,100.0,0.95,25.2,DOWN,0.0,0,,False,True
2026-08-29T10:41:30,221.5,CAM-02,Sony FX6,Marlon,TRANSIT - Convoy to Location B,transit,32.0,,100.0,0.92,26.2,DOWN,0.0,0,,False,True
2026-08-29T10:41:30,221.5,CAM-03,Sony FX3,Kiko,TRANSIT - Convoy to Location B,transit,68.0,,100.0,0.61,27.1,DOWN,0.0,0,,False,True
2026-08-29T10:41:30,221.5,CAM-04,Sony FX3,Dennis,TRANSIT - Convoy to Location B,transit,45.0,,100.0,0.88,26.2,DOWN,0.0,0,,False,True
2026-08-29T10:41:30,221.5,CAM-05,Blackmagic,Jorge,TRANSIT - Convoy to Location B,transit,95.0,,100.0,0.79,27.2,DOWN,0.0,0,,False,True
2026-08-29T10:42:00,222.0,CAM-01,Sony FX6,Ariel,TRANSIT - Convoy to Location B,transit,18.0,,100.0,0.95,26.0,DOWN,0.0,0,,False,True
2026-08-29T10:42:00,222.0,CAM-02,Sony FX6,Marlon,TRANSIT - Convoy to Location B,transit,32.0,,100.0,0.92,27.5,DOWN,0.0,0,,False,True
2026-08-29T10:42:00,222.0,CAM-03,Sony FX3,Kiko,TRANSIT - Convoy to Location B,transit,68.0,,100.0,0.61,24.0,DOWN,0.0,0,,False,True
2026-08-29T10:42:00,222.0,CAM-04,Sony FX3,Dennis,TRANSIT - Convoy to Location B,transit,45.0,,100.0,0.88,25.9,DOWN,0.0,0,,False,True
2026-08-29T10:42:00,222.0,CAM-05,Blackmagic,Jorge,TRANSIT - Convoy to Location B,transit,95.0,,100.0,0.79,27.1,DOWN,0.0,0,,False,True
2026-08-29T10:42:30,222.5,CAM-01,Sony FX6,Ariel,TRANSIT - Convoy to Location B,transit,18.0,,100.0,0.95,26.1,DOWN,0.0,0,,False,True
2026-08-29T10:42:30,222.5,CAM-02,Sony FX6,Marlon,TRANSIT - Convoy to Location B,transit,32.0,,100.0,0.92,27.2,DOWN,0.0,0,,False,True
2026-08-29T10:42:30,222.5,CAM-03,Sony FX3,Kiko,TRANSIT - Convoy to Location B,transit,68.0,,100.0,0.61,25.4,DOWN,0.0,0,,False,True
2026-08-29T10:42:30,222.5,CAM-04,Sony FX3,Dennis,TRANSIT - Convoy to Location B,transit,45.0,,100.0,0.88,25.3,DOWN,0.0,0,,False,True
2026-08-29T10:42:30,222.5,CAM-05,Blackmagic,Jorge,TRANSIT - Convoy to Location B,transit,95.0,,100.0,0.79,25.6,DOWN,0.0,0,,False,True
2026-08-29T10:43:00,223.0,CAM-01,Sony FX6,Ariel,TRANSIT - Convoy to Location B,transit,18.0,,100.0,0.95,25.1,DOWN,0.0,0,,False,True
2026-08-29T10:43:00,223.0,CAM-02,Sony FX6,Marlon,TRANSIT - Convoy to Location B,transit,32.0,,100.0,0.92,27.2,DOWN,0.0,0,,False,True
2026-08-29T10:43:00,223.0,CAM-03,Sony FX3,Kiko,TRANSIT - Convoy to Location B,transit,68.0,,100.0,0.61,26.4,DOWN,0.0,0,,False,True
2026-08-29T10:43:00,223.0,CAM-04,Sony FX3,Dennis,TRANSIT - Convoy to Location B,transit,45.0,,100.0,0.88,27.7,DOWN,0.0,0,,False,True
2026-08-29T10:43:00,223.0,CAM-05,Blackmagic,Jorge,TRANSIT - Convoy to Location B,transit,95.0,,100.0,0.79,25.2,DOWN,0.0,0,,False,True
2026-08-29T10:43:30,223.5,CAM-01,Sony FX6,Ariel,TRANSIT - Convoy to Location B,transit,18.0,,100.0,0.95,25.3,DOWN,0.0,0,,False,True
2026-08-29T10:43:30,223.5,CAM-02,Sony FX6,Marlon,TRANSIT - Convoy to Location B,transit,32.0,,100.0,0.92,26.8,DOWN,0.0,0,,False,True
2026-08-29T10:43:30,223.5,CAM-03,Sony FX3,Kiko,TRANSIT - Convoy to Location B,transit,68.0,,100.0,0.61,26.4,DOWN,0.0,0,,False,True
2026-08-29T10:43:30,223.5,CAM-04,Sony FX3,Dennis,TRANSIT - Convoy to Location B,transit,45.0,,100.0,0.88,27.1,DOWN,0.0,0,,False,True
2026-08-29T10:43:30,223.5,CAM-05,Blackmagic,Jorge,TRANSIT - Convoy to Location B,transit,95.0,,100.0,0.79,27.1,DOWN,0.0,0,,False,True
2026-08-29T10:44:00,224.0,CAM-01,Sony FX6,Ariel,TRANSIT - Convoy to Location B,transit,18.0,,100.0,0.95,26.0,DOWN,0.0,0,,False,True
2026-08-29T10:44:00,224.0,CAM-02,Sony FX6,Marlon,TRANSIT - Convoy to Location B,transit,32.0,,100.0,0.92,27.7,DOWN,0.0,0,,False,True
2026-08-29T10:44:00,224.0,CAM-03,Sony FX3,Kiko,TRANSIT - Convoy to Location B,transit,68.0,,100.0,0.61,27.2,DOWN,0.0,0,,False,True
2026-08-29T10:44:00,224.0,CAM-04,Sony FX3,Dennis,TRANSIT - Convoy to Location B,transit,45.0,,100.0,0.88,25.7,DOWN,0.0,0,,False,True
2026-08-29T10:44:00,224.0,CAM-05,Blackmagic,Jorge,TRANSIT - Convoy to Location B,transit,95.0,,100.0,0.79,25.9,DOWN,0.0,0,,False,True
2026-08-29T10:44:30,224.5,CAM-01,Sony FX6,Ariel,TRANSIT - Convoy to Location B,transit,18.0,,100.0,0.95,25.8,DOWN,0.0,0,,False,True
2026-08-29T10:44:30,224.5,CAM-02,Sony FX6,Marlon,TRANSIT - Convoy to Location B,transit,32.0,,100.0,0.92,27.0,DOWN,0.0,0,,False,True
2026-08-29T10:44:30,224.5,CAM-03,Sony FX3,Kiko,TRANSIT - Convoy to Location B,transit,68.0,,100.0,0.61,24.7,DOWN,0.0,0,,False,True
2026-08-29T10:44:30,224.5,CAM-04,Sony FX3,Dennis,TRANSIT - Convoy to Location B,transit,45.0,,100.0,0.88,25.7,DOWN,0.0,0,,False,True
2026-08-29T10:44:30,224.5,CAM-05,Blackmagic,Jorge,TRANSIT - Convoy to Location B,transit,95.0,,100.0,0.79,27.9,DOWN,0.0,0,,False,True
2026-08-29T10:45:00,225.0,CAM-01,Sony FX6,Ariel,TRANSIT - Convoy to Location B,transit,18.0,,100.0,0.95,26.1,DOWN,0.0,0,,False,True
2026-08-29T10:45:00,225.0,CAM-02,Sony FX6,Marlon,TRANSIT - Convoy to Location B,transit,32.0,,100.0,0.92,27.5,DOWN,0.0,0,,False,True
2026-08-29T10:45:00,225.0,CAM-03,Sony FX3,Kiko,TRANSIT - Convoy to Location B,transit,68.0,,100.0,0.61,27.2,DOWN,0.0,0,,False,True
2026-08-29T10:45:00,225.0,CAM-04,Sony FX3,Dennis,TRANSIT - Convoy to Location B,transit,45.0,,100.0,0.88,25.4,DOWN,0.0,0,,False,True
2026-08-29T10:45:00,225.0,CAM-05,Blackmagic,Jorge,TRANSIT - Convoy to Location B,transit,95.0,,100.0,0.79,25.4,DOWN,0.0,0,,False,True
2026-08-29T10:45:30,225.5,CAM-01,Sony FX6,Ariel,TRANSIT - Convoy to Location B,transit,18.0,,100.0,0.95,26.8,DOWN,0.0,0,,False,True
2026-08-29T10:45:30,225.5,CAM-02,Sony FX6,Marlon,TRANSIT - Convoy to Location B,transit,32.0,,100.0,0.92,26.5,DOWN,0.0,0,,False,True
2026-08-29T10:45:30,225.5,CAM-03,Sony FX3,Kiko,TRANSIT - Convoy to Location B,transit,68.0,,100.0,0.61,25.5,DOWN,0.0,0,,False,True
2026-08-29T10:45:30,225.5,CAM-04,Sony FX3,Dennis,TRANSIT - Convoy to Location B,transit,45.0,,100.0,0.88,26.7,DOWN,0.0,0,,False,True
2026-08-29T10:45:30,225.5,CAM-05,Blackmagic,Jorge,TRANSIT - Convoy to Location B,transit,95.0,,100.0,0.79,25.2,DOWN,0.0,0,,False,True
2026-08-29T10:46:00,226.0,CAM-01,Sony FX6,Ariel,TRANSIT - Convoy to Location B,transit,18.0,,100.0,0.95,27.6,DOWN,0.0,0,,False,True
2026-08-29T10:46:00,226.0,CAM-02,Sony FX6,Marlon,TRANSIT - Convoy to Location B,transit,32.0,,100.0,0.92,25.6,DOWN,0.0,0,,False,True
2026-08-29T10:46:00,226.0,CAM-03,Sony FX3,Kiko,TRANSIT - Convoy to Location B,transit,68.0,,100.0,0.61,27.1,DOWN,0.0,0,,False,True
2026-08-29T10:46:00,226.0,CAM-04,Sony FX3,Dennis,TRANSIT - Convoy to Location B,transit,45.0,,100.0,0.88,26.3,DOWN,0.0,0,,False,True
2026-08-29T10:46:00,226.0,CAM-05,Blackmagic,Jorge,TRANSIT - Convoy to Location B,transit,95.0,,100.0,0.79,26.3,DOWN,0.0,0,,False,True
2026-08-29T10:46:30,226.5,CAM-01,Sony FX6,Ariel,TRANSIT - Convoy to Location B,transit,18.0,,100.0,0.95,26.5,DOWN,0.0,0,,False,True
2026-08-29T10:46:30,226.5,CAM-02,Sony FX6,Marlon,TRANSIT - Convoy to Location B,transit,32.0,,100.0,0.92,25.3,DOWN,0.0,0,,False,True
2026-08-29T10:46:30,226.5,CAM-03,Sony FX3,Kiko,TRANSIT - Convoy to Location B,transit,68.0,,100.0,0.61,25.8,DOWN,0.0,0,,False,True
2026-08-29T10:46:30,226.5,CAM-04,Sony FX3,Dennis,TRANSIT - Convoy to Location B,transit,45.0,,100.0,0.88,27.0,DOWN,0.0,0,,False,True
2026-08-29T10:46:30,226.5,CAM-05,Blackmagic,Jorge,TRANSIT - Convoy to Location B,transit,95.0,,100.0,0.79,25.8,DOWN,0.0,0,,False,True
2026-08-29T10:47:00,227.0,CAM-01,Sony FX6,Ariel,TRANSIT - Convoy to Location B,transit,18.0,,100.0,0.95,25.9,DOWN,0.0,0,,False,True
2026-08-29T10:47:00,227.0,CAM-02,Sony FX6,Marlon,TRANSIT - Convoy to Location B,transit,32.0,,100.0,0.92,25.2,DOWN,0.0,0,,False,True
2026-08-29T10:47:00,227.0,CAM-03,Sony FX3,Kiko,TRANSIT - Convoy to Location B,transit,68.0,,100.0,0.61,25.8,DOWN,0.0,0,,False,True
2026-08-29T10:47:00,227.0,CAM-04,Sony FX3,Dennis,TRANSIT - Convoy to Location B,transit,45.0,,100.0,0.88,27.6,DOWN,0.0,0,,False,True
2026-08-29T10:47:00,227.0,CAM-05,Blackmagic,Jorge,TRANSIT - Convoy to Location B,transit,95.0,,100.0,0.79,26.3,DOWN,0.0,0,,False,True
2026-08-29T10:47:30,227.5,CAM-01,Sony FX6,Ariel,TRANSIT - Convoy to Location B,transit,18.0,,100.0,0.95,26.4,DOWN,0.0,0,,False,True
2026-08-29T10:47:30,227.5,CAM-02,Sony FX6,Marlon,TRANSIT - Convoy to Location B,transit,32.0,,100.0,0.92,26.7,DOWN,0.0,0,,False,True
2026-08-29T10:47:30,227.5,CAM-03,Sony FX3,Kiko,TRANSIT - Convoy to Location B,transit,68.0,,100.0,0.61,24.7,DOWN,0.0,0,,False,True
2026-08-29T10:47:30,227.5,CAM-04,Sony FX3,Dennis,TRANSIT - Convoy to Location B,transit,45.0,,100.0,0.88,26.4,DOWN,0.0,0,,False,True
2026-08-29T10:47:30,227.5,CAM-05,Blackmagic,Jorge,TRANSIT - Convoy to Location B,transit,95.0,,100.0,0.79,25.3,DOWN,0.0,0,,False,True
2026-08-29T10:48:00,228.0,CAM-01,Sony FX6,Ariel,TRANSIT - Convoy to Location B,transit,18.0,,100.0,0.95,26.5,DOWN,0.0,0,,False,True
2026-08-29T10:48:00,228.0,CAM-02,Sony FX6,Marlon,TRANSIT - Convoy to Location B,transit,32.0,,100.0,0.92,25.0,DOWN,0.0,0,,False,True
2026-08-29T10:48:00,228.0,CAM-03,Sony FX3,Kiko,TRANSIT - Convoy to Location B,transit,68.0,,100.0,0.61,25.5,DOWN,0.0,0,,False,True
2026-08-29T10:48:00,228.0,CAM-04,Sony FX3,Dennis,TRANSIT - Convoy to Location B,transit,45.0,,100.0,0.88,25.4,DOWN,0.0,0,,False,True
2026-08-29T10:48:00,228.0,CAM-05,Blackmagic,Jorge,TRANSIT - Convoy to Location B,transit,95.0,,100.0,0.79,24.8,DOWN,0.0,0,,False,True
2026-08-29T10:48:30,228.5,CAM-01,Sony FX6,Ariel,TRANSIT - Convoy to Location B,transit,18.0,,100.0,0.95,25.5,DOWN,0.0,0,,False,True
2026-08-29T10:48:30,228.5,CAM-02,Sony FX6,Marlon,TRANSIT - Convoy to Location B,transit,32.0,,100.0,0.92,25.9,DOWN,0.0,0,,False,True
2026-08-29T10:48:30,228.5,CAM-03,Sony FX3,Kiko,TRANSIT - Convoy to Location B,transit,68.0,,100.0,0.61,25.8,DOWN,0.0,0,,False,True
2026-08-29T10:48:30,228.5,CAM-04,Sony FX3,Dennis,TRANSIT - Convoy to Location B,transit,45.0,,100.0,0.88,25.8,DOWN,0.0,0,,False,True
2026-08-29T10:48:30,228.5,CAM-05,Blackmagic,Jorge,TRANSIT - Convoy to Location B,transit,95.0,,100.0,0.79,26.9,DOWN,0.0,0,,False,True
2026-08-29T10:49:00,229.0,CAM-01,Sony FX6,Ariel,TRANSIT - Convoy to Location B,transit,18.0,,100.0,0.95,27.9,DOWN,0.0,0,,False,True
2026-08-29T10:49:00,229.0,CAM-02,Sony FX6,Marlon,TRANSIT - Convoy to Location B,transit,32.0,,100.0,0.92,26.0,DOWN,0.0,0,,False,True
2026-08-29T10:49:00,229.0,CAM-03,Sony FX3,Kiko,TRANSIT - Convoy to Location B,transit,68.0,,100.0,0.61,26.1,DOWN,0.0,0,,False,True
2026-08-29T10:49:00,229.0,CAM-04,Sony FX3,Dennis,TRANSIT - Convoy to Location B,transit,45.0,,100.0,0.88,25.6,DOWN,0.0,0,,False,True
2026-08-29T10:49:00,229.0,CAM-05,Blackmagic,Jorge,TRANSIT - Convoy to Location B,transit,95.0,,100.0,0.79,26.3,DOWN,0.0,0,,False,True
2026-08-29T10:49:30,229.5,CAM-01,Sony FX6,Ariel,TRANSIT - Convoy to Location B,transit,18.0,,100.0,0.95,25.9,DOWN,0.0,0,,False,True
2026-08-29T10:49:30,229.5,CAM-02,Sony FX6,Marlon,TRANSIT - Convoy to Location B,transit,32.0,,100.0,0.92,26.9,DOWN,0.0,0,,False,True
2026-08-29T10:49:30,229.5,CAM-03,Sony FX3,Kiko,TRANSIT - Convoy to Location B,transit,68.0,,100.0,0.61,27.5,DOWN,0.0,0,,False,True
2026-08-29T10:49:30,229.5,CAM-04,Sony FX3,Dennis,TRANSIT - Convoy to Location B,transit,45.0,,100.0,0.88,26.4,DOWN,0.0,0,,False,True
2026-08-29T10:49:30,229.5,CAM-05,Blackmagic,Jorge,TRANSIT - Convoy to Location B,transit,95.0,,100.0,0.79,25.1,DOWN,0.0,0,,False,True
2026-08-29T10:50:00,230.0,CAM-01,Sony FX6,Ariel,TRANSIT - Convoy to Location B,transit,18.0,,100.0,0.95,26.5,DOWN,0.0,0,,False,True
2026-08-29T10:50:00,230.0,CAM-02,Sony FX6,Marlon,TRANSIT - Convoy to Location B,transit,32.0,,100.0,0.92,26.7,DOWN,0.0,0,,False,True
2026-08-29T10:50:00,230.0,CAM-03,Sony FX3,Kiko,TRANSIT - Convoy to Location B,transit,68.0,,100.0,0.61,25.5,DOWN,0.0,0,,False,True
2026-08-29T10:50:00,230.0,CAM-04,Sony FX3,Dennis,TRANSIT - Convoy to Location B,transit,45.0,,100.0,0.88,26.5,DOWN,0.0,0,,False,True
2026-08-29T10:50:00,230.0,CAM-05,Blackmagic,Jorge,TRANSIT - Convoy to Location B,transit,95.0,,100.0,0.79,27.5,DOWN,0.0,0,,False,True
2026-08-29T10:50:30,230.5,CAM-01,Sony FX6,Ariel,TRANSIT - Convoy to Location B,transit,18.0,,100.0,0.95,25.1,DOWN,0.0,0,,False,True
2026-08-29T10:50:30,230.5,CAM-02,Sony FX6,Marlon,TRANSIT - Convoy to Location B,transit,32.0,,100.0,0.92,25.4,DOWN,0.0,0,,False,True
2026-08-29T10:50:30,230.5,CAM-03,Sony FX3,Kiko,TRANSIT - Convoy to Location B,transit,68.0,,100.0,0.61,25.2,DOWN,0.0,0,,False,True
2026-08-29T10:50:30,230.5,CAM-04,Sony FX3,Dennis,TRANSIT - Convoy to Location B,transit,45.0,,100.0,0.88,25.6,DOWN,0.0,0,,False,True
2026-08-29T10:50:30,230.5,CAM-05,Blackmagic,Jorge,TRANSIT - Convoy to Location B,transit,95.0,,100.0,0.79,26.3,DOWN,0.0,0,,False,True
2026-08-29T10:51:00,231.0,CAM-01,Sony FX6,Ariel,TRANSIT - Convoy to Location B,transit,18.0,,100.0,0.95,25.4,DOWN,0.0,0,,False,True
2026-08-29T10:51:00,231.0,CAM-02,Sony FX6,Marlon,TRANSIT - Convoy to Location B,transit,32.0,,100.0,0.92,24.8,DOWN,0.0,0,,False,True
2026-08-29T10:51:00,231.0,CAM-03,Sony FX3,Kiko,TRANSIT - Convoy to Location B,transit,68.0,,100.0,0.61,25.8,DOWN,0.0,0,,False,True
2026-08-29T10:51:00,231.0,CAM-04,Sony FX3,Dennis,TRANSIT - Convoy to Location B,transit,45.0,,100.0,0.88,27.0,DOWN,0.0,0,,False,True
2026-08-29T10:51:00,231.0,CAM-05,Blackmagic,Jorge,TRANSIT - Convoy to Location B,transit,95.0,,100.0,0.79,26.7,DOWN,0.0,0,,False,True
2026-08-29T10:51:30,231.5,CAM-01,Sony FX6,Ariel,TRANSIT - Convoy to Location B,transit,18.0,,100.0,0.95,25.9,DOWN,0.0,0,,False,True
2026-08-29T10:51:30,231.5,CAM-02,Sony FX6,Marlon,TRANSIT - Convoy to Location B,transit,32.0,,100.0,0.92,26.4,DOWN,0.0,0,,False,True
2026-08-29T10:51:30,231.5,CAM-03,Sony FX3,Kiko,TRANSIT - Convoy to Location B,transit,68.0,,100.0,0.61,26.8,DOWN,0.0,0,,False,True
2026-08-29T10:51:30,231.5,CAM-04,Sony FX3,Dennis,TRANSIT - Convoy to Location B,transit,45.0,,100.0,0.88,27.3,DOWN,0.0,0,,False,True
2026-08-29T10:51:30,231.5,CAM-05,Blackmagic,Jorge,TRANSIT - Convoy to Location B,transit,95.0,,100.0,0.79,25.8,DOWN,0.0,0,,False,True
2026-08-29T10:52:00,232.0,CAM-01,Sony FX6,Ariel,TRANSIT - Convoy to Location B,transit,18.0,,100.0,0.95,26.8,DOWN,0.0,0,,False,True
2026-08-29T10:52:00,232.0,CAM-02,Sony FX6,Marlon,TRANSIT - Convoy to Location B,transit,32.0,,100.0,0.92,26.8,DOWN,0.0,0,,False,True
2026-08-29T10:52:00,232.0,CAM-03,Sony FX3,Kiko,TRANSIT - Convoy to Location B,transit,68.0,,100.0,0.61,26.3,DOWN,0.0,0,,False,True
2026-08-29T10:52:00,232.0,CAM-04,Sony FX3,Dennis,TRANSIT - Convoy to Location B,transit,45.0,,100.0,0.88,27.4,DOWN,0.0,0,,False,True
2026-08-29T10:52:00,232.0,CAM-05,Blackmagic,Jorge,TRANSIT - Convoy to Location B,transit,95.0,,100.0,0.79,27.7,DOWN,0.0,0,,False,True
2026-08-29T10:52:30,232.5,CAM-01,Sony FX6,Ariel,TRANSIT - Convoy to Location B,transit,18.0,,100.0,0.95,25.2,DOWN,0.0,0,,False,True
2026-08-29T10:52:30,232.5,CAM-02,Sony FX6,Marlon,TRANSIT - Convoy to Location B,transit,32.0,,100.0,0.92,25.2,DOWN,0.0,0,,False,True
2026-08-29T10:52:30,232.5,CAM-03,Sony FX3,Kiko,TRANSIT - Convoy to Location B,transit,68.0,,100.0,0.61,25.7,DOWN,0.0,0,,False,True
2026-08-29T10:52:30,232.5,CAM-04,Sony FX3,Dennis,TRANSIT - Convoy to Location B,transit,45.0,,100.0,0.88,26.1,DOWN,0.0,0,,False,True
2026-08-29T10:52:30,232.5,CAM-05,Blackmagic,Jorge,TRANSIT - Convoy to Location B,transit,95.0,,100.0,0.79,26.5,DOWN,0.0,0,,False,True
2026-08-29T10:53:00,233.0,CAM-01,Sony FX6,Ariel,TRANSIT - Convoy to Location B,transit,18.0,,100.0,0.95,27.6,DOWN,0.0,0,,False,True
2026-08-29T10:53:00,233.0,CAM-02,Sony FX6,Marlon,TRANSIT - Convoy to Location B,transit,32.0,,100.0,0.92,26.4,DOWN,0.0,0,,False,True
2026-08-29T10:53:00,233.0,CAM-03,Sony FX3,Kiko,TRANSIT - Convoy to Location B,transit,68.0,,100.0,0.61,27.5,DOWN,0.0,0,,False,True
2026-08-29T10:53:00,233.0,CAM-04,Sony FX3,Dennis,TRANSIT - Convoy to Location B,transit,45.0,,100.0,0.88,27.3,DOWN,0.0,0,,False,True
2026-08-29T10:53:00,233.0,CAM-05,Blackmagic,Jorge,TRANSIT - Convoy to Location B,transit,95.0,,100.0,0.79,25.2,DOWN,0.0,0,,False,True
2026-08-29T10:53:30,233.5,CAM-01,Sony FX6,Ariel,TRANSIT - Convoy to Location B,transit,18.0,,100.0,0.95,26.2,DOWN,0.0,0,,False,True
2026-08-29T10:53:30,233.5,CAM-02,Sony FX6,Marlon,TRANSIT - Convoy to Location B,transit,32.0,,100.0,0.92,26.4,DOWN,0.0,0,,False,True
2026-08-29T10:53:30,233.5,CAM-03,Sony FX3,Kiko,TRANSIT - Convoy to Location B,transit,68.0,,100.0,0.61,25.3,DOWN,0.0,0,,False,True
2026-08-29T10:53:30,233.5,CAM-04,Sony FX3,Dennis,TRANSIT - Convoy to Location B,transit,45.0,,100.0,0.88,26.7,DOWN,0.0,0,,False,True
2026-08-29T10:53:30,233.5,CAM-05,Blackmagic,Jorge,TRANSIT - Convoy to Location B,transit,95.0,,100.0,0.79,25.8,DOWN,0.0,0,,False,True
2026-08-29T10:54:00,234.0,CAM-01,Sony FX6,Ariel,TRANSIT - Convoy to Location B,transit,18.0,,100.0,0.95,26.9,DOWN,0.0,0,,False,True
2026-08-29T10:54:00,234.0,CAM-02,Sony FX6,Marlon,TRANSIT - Convoy to Location B,transit,32.0,,100.0,0.92,26.4,DOWN,0.0,0,,False,True
2026-08-29T10:54:00,234.0,CAM-03,Sony FX3,Kiko,TRANSIT - Convoy to Location B,transit,68.0,,100.0,0.61,24.4,DOWN,0.0,0,,False,True
2026-08-29T10:54:00,234.0,CAM-04,Sony FX3,Dennis,TRANSIT - Convoy to Location B,transit,45.0,,100.0,0.88,25.8,DOWN,0.0,0,,False,True
2026-08-29T10:54:00,234.0,CAM-05,Blackmagic,Jorge,TRANSIT - Convoy to Location B,transit,95.0,,100.0,0.79,26.7,DOWN,0.0,0,,False,True
2026-08-29T10:54:30,234.5,CAM-01,Sony FX6,Ariel,TRANSIT - Convoy to Location B,transit,18.0,,100.0,0.95,25.6,DOWN,0.0,0,,False,True
2026-08-29T10:54:30,234.5,CAM-02,Sony FX6,Marlon,TRANSIT - Convoy to Location B,transit,32.0,,100.0,0.92,26.5,DOWN,0.0,0,,False,True
2026-08-29T10:54:30,234.5,CAM-03,Sony FX3,Kiko,TRANSIT - Convoy to Location B,transit,68.0,,100.0,0.61,26.1,DOWN,0.0,0,,False,True
2026-08-29T10:54:30,234.5,CAM-04,Sony FX3,Dennis,TRANSIT - Convoy to Location B,transit,45.0,,100.0,0.88,24.6,DOWN,0.0,0,,False,True
2026-08-29T10:54:30,234.5,CAM-05,Blackmagic,Jorge,TRANSIT - Convoy to Location B,transit,95.0,,100.0,0.79,25.6,DOWN,0.0,0,,False,True
2026-08-29T10:55:00,235.0,CAM-01,Sony FX6,Ariel,TRANSIT - Convoy to Location B,transit,18.0,,100.0,0.95,27.5,DOWN,0.0,0,,False,True
2026-08-29T10:55:00,235.0,CAM-02,Sony FX6,Marlon,TRANSIT - Convoy to Location B,transit,32.0,,100.0,0.92,25.6,DOWN,0.0,0,,False,True
2026-08-29T10:55:00,235.0,CAM-03,Sony FX3,Kiko,TRANSIT - Convoy to Location B,transit,68.0,,100.0,0.61,25.3,DOWN,0.0,0,,False,True
2026-08-29T10:55:00,235.0,CAM-04,Sony FX3,Dennis,TRANSIT - Convoy to Location B,transit,45.0,,100.0,0.88,25.9,DOWN,0.0,0,,False,True
2026-08-29T10:55:00,235.0,CAM-05,Blackmagic,Jorge,TRANSIT - Convoy to Location B,transit,95.0,,100.0,0.79,26.2,DOWN,0.0,0,,False,True
2026-08-29T10:55:30,235.5,CAM-01,Sony FX6,Ariel,TRANSIT - Convoy to Location B,transit,18.0,,100.0,0.95,26.8,DOWN,0.0,0,,False,True
2026-08-29T10:55:30,235.5,CAM-02,Sony FX6,Marlon,TRANSIT - Convoy to Location B,transit,32.0,,100.0,0.92,28.0,DOWN,0.0,0,,False,True
2026-08-29T10:55:30,235.5,CAM-03,Sony FX3,Kiko,TRANSIT - Convoy to Location B,transit,68.0,,100.0,0.61,24.8,DOWN,0.0,0,,False,True
2026-08-29T10:55:30,235.5,CAM-04,Sony FX3,Dennis,TRANSIT - Convoy to Location B,transit,45.0,,100.0,0.88,25.8,DOWN,0.0,0,,False,True
2026-08-29T10:55:30,235.5,CAM-05,Blackmagic,Jorge,TRANSIT - Convoy to Location B,transit,95.0,,100.0,0.79,24.1,DOWN,0.0,0,,False,True
2026-08-29T10:56:00,236.0,CAM-01,Sony FX6,Ariel,TRANSIT - Convoy to Location B,transit,18.0,,100.0,0.95,26.5,DOWN,0.0,0,,False,True
2026-08-29T10:56:00,236.0,CAM-02,Sony FX6,Marlon,TRANSIT - Convoy to Location B,transit,32.0,,100.0,0.92,25.9,DOWN,0.0,0,,False,True
2026-08-29T10:56:00,236.0,CAM-03,Sony FX3,Kiko,TRANSIT - Convoy to Location B,transit,68.0,,100.0,0.61,25.5,DOWN,0.0,0,,False,True
2026-08-29T10:56:00,236.0,CAM-04,Sony FX3,Dennis,TRANSIT - Convoy to Location B,transit,45.0,,100.0,0.88,27.4,DOWN,0.0,0,,False,True
2026-08-29T10:56:00,236.0,CAM-05,Blackmagic,Jorge,TRANSIT - Convoy to Location B,transit,95.0,,100.0,0.79,26.6,DOWN,0.0,0,,False,True
2026-08-29T10:56:30,236.5,CAM-01,Sony FX6,Ariel,TRANSIT - Convoy to Location B,transit,18.0,,100.0,0.95,25.8,DOWN,0.0,0,,False,True
2026-08-29T10:56:30,236.5,CAM-02,Sony FX6,Marlon,TRANSIT - Convoy to Location B,transit,32.0,,100.0,0.92,26.1,DOWN,0.0,0,,False,True
2026-08-29T10:56:30,236.5,CAM-03,Sony FX3,Kiko,TRANSIT - Convoy to Location B,transit,68.0,,100.0,0.61,26.2,DOWN,0.0,0,,False,True
2026-08-29T10:56:30,236.5,CAM-04,Sony FX3,Dennis,TRANSIT - Convoy to Location B,transit,45.0,,100.0,0.88,26.8,DOWN,0.0,0,,False,True
2026-08-29T10:56:30,236.5,CAM-05,Blackmagic,Jorge,TRANSIT - Convoy to Location B,transit,95.0,,100.0,0.79,26.1,DOWN,0.0,0,,False,True
2026-08-29T10:57:00,237.0,CAM-01,Sony FX6,Ariel,TRANSIT - Convoy to Location B,transit,18.0,,100.0,0.95,24.6,DOWN,0.0,0,,False,True
2026-08-29T10:57:00,237.0,CAM-02,Sony FX6,Marlon,TRANSIT - Convoy to Location B,transit,32.0,,100.0,0.92,26.1,DOWN,0.0,0,,False,True
2026-08-29T10:57:00,237.0,CAM-03,Sony FX3,Kiko,TRANSIT - Convoy to Location B,transit,68.0,,100.0,0.61,25.9,DOWN,0.0,0,,False,True
2026-08-29T10:57:00,237.0,CAM-04,Sony FX3,Dennis,TRANSIT - Convoy to Location B,transit,45.0,,100.0,0.88,25.8,DOWN,0.0,0,,False,True
2026-08-29T10:57:00,237.0,CAM-05,Blackmagic,Jorge,TRANSIT - Convoy to Location B,transit,95.0,,100.0,0.79,25.8,DOWN,0.0,0,,False,True
2026-08-29T10:57:30,237.5,CAM-01,Sony FX6,Ariel,TRANSIT - Convoy to Location B,transit,18.0,,100.0,0.95,27.2,DOWN,0.0,0,,False,True
2026-08-29T10:57:30,237.5,CAM-02,Sony FX6,Marlon,TRANSIT - Convoy to Location B,transit,32.0,,100.0,0.92,26.1,DOWN,0.0,0,,False,True
2026-08-29T10:57:30,237.5,CAM-03,Sony FX3,Kiko,TRANSIT - Convoy to Location B,transit,68.0,,100.0,0.61,24.9,DOWN,0.0,0,,False,True
2026-08-29T10:57:30,237.5,CAM-04,Sony FX3,Dennis,TRANSIT - Convoy to Location B,transit,45.0,,100.0,0.88,27.2,DOWN,0.0,0,,False,True
2026-08-29T10:57:30,237.5,CAM-05,Blackmagic,Jorge,TRANSIT - Convoy to Location B,transit,95.0,,100.0,0.79,24.9,DOWN,0.0,0,,False,True
2026-08-29T10:58:00,238.0,CAM-01,Sony FX6,Ariel,TRANSIT - Convoy to Location B,transit,18.0,,100.0,0.95,26.4,DOWN,0.0,0,,False,True
2026-08-29T10:58:00,238.0,CAM-02,Sony FX6,Marlon,TRANSIT - Convoy to Location B,transit,32.0,,100.0,0.92,25.6,DOWN,0.0,0,,False,True
2026-08-29T10:58:00,238.0,CAM-03,Sony FX3,Kiko,TRANSIT - Convoy to Location B,transit,68.0,,100.0,0.61,25.7,DOWN,0.0,0,,False,True
2026-08-29T10:58:00,238.0,CAM-04,Sony FX3,Dennis,TRANSIT - Convoy to Location B,transit,45.0,,100.0,0.88,27.8,DOWN,0.0,0,,False,True
2026-08-29T10:58:00,238.0,CAM-05,Blackmagic,Jorge,TRANSIT - Convoy to Location B,transit,95.0,,100.0,0.79,25.8,DOWN,0.0,0,,False,True
2026-08-29T10:58:30,238.5,CAM-01,Sony FX6,Ariel,TRANSIT - Convoy to Location B,transit,18.0,,100.0,0.95,25.4,DOWN,0.0,0,,False,True
2026-08-29T10:58:30,238.5,CAM-02,Sony FX6,Marlon,TRANSIT - Convoy to Location B,transit,32.0,,100.0,0.92,26.0,DOWN,0.0,0,,False,True
2026-08-29T10:58:30,238.5,CAM-03,Sony FX3,Kiko,TRANSIT - Convoy to Location B,transit,68.0,,100.0,0.61,24.7,DOWN,0.0,0,,False,True
2026-08-29T10:58:30,238.5,CAM-04,Sony FX3,Dennis,TRANSIT - Convoy to Location B,transit,45.0,,100.0,0.88,26.2,DOWN,0.0,0,,False,True
2026-08-29T10:58:30,238.5,CAM-05,Blackmagic,Jorge,TRANSIT - Convoy to Location B,transit,95.0,,100.0,0.79,26.3,DOWN,0.0,0,,False,True
2026-08-29T10:59:00,239.0,CAM-01,Sony FX6,Ariel,TRANSIT - Convoy to Location B,transit,18.0,,100.0,0.95,24.7,DOWN,0.0,0,,False,True
2026-08-29T10:59:00,239.0,CAM-02,Sony FX6,Marlon,TRANSIT - Convoy to Location B,transit,32.0,,100.0,0.92,25.9,DOWN,0.0,0,,False,True
2026-08-29T10:59:00,239.0,CAM-03,Sony FX3,Kiko,TRANSIT - Convoy to Location B,transit,68.0,,100.0,0.61,26.1,DOWN,0.0,0,,False,True
2026-08-29T10:59:00,239.0,CAM-04,Sony FX3,Dennis,TRANSIT - Convoy to Location B,transit,45.0,,100.0,0.88,25.2,DOWN,0.0,0,,False,True
2026-08-29T10:59:00,239.0,CAM-05,Blackmagic,Jorge,TRANSIT - Convoy to Location B,transit,95.0,,100.0,0.79,26.9,DOWN,0.0,0,,False,True
2026-08-29T10:59:30,239.5,CAM-01,Sony FX6,Ariel,TRANSIT - Convoy to Location B,transit,18.0,,100.0,0.95,25.4,DOWN,0.0,0,,False,True
2026-08-29T10:59:30,239.5,CAM-02,Sony FX6,Marlon,TRANSIT - Convoy to Location B,transit,32.0,,100.0,0.92,25.0,DOWN,0.0,0,,False,True
2026-08-29T10:59:30,239.5,CAM-03,Sony FX3,Kiko,TRANSIT - Convoy to Location B,transit,68.0,,100.0,0.61,26.3,DOWN,0.0,0,,False,True
2026-08-29T10:59:30,239.5,CAM-04,Sony FX3,Dennis,TRANSIT - Convoy to Location B,transit,45.0,,100.0,0.88,25.5,DOWN,0.0,0,,False,True
2026-08-29T10:59:30,239.5,CAM-05,Blackmagic,Jorge,TRANSIT - Convoy to Location B,transit,95.0,,100.0,0.79,25.7,DOWN,0.0,0,,False,True
2026-08-29T11:00:00,240.0,CAM-01,Sony FX6,Ariel,TRANSIT - Convoy to Location B,transit,18.0,,100.0,0.95,27.1,DOWN,0.0,0,,False,True
2026-08-29T11:00:00,240.0,CAM-02,Sony FX6,Marlon,TRANSIT - Convoy to Location B,transit,32.0,,100.0,0.92,26.0,DOWN,0.0,0,,False,True
2026-08-29T11:00:00,240.0,CAM-03,Sony FX3,Kiko,TRANSIT - Convoy to Location B,transit,68.0,,100.0,0.61,26.3,DOWN,0.0,0,,False,True
2026-08-29T11:00:00,240.0,CAM-04,Sony FX3,Dennis,TRANSIT - Convoy to Location B,transit,45.0,,100.0,0.88,26.3,DOWN,0.0,0,,False,True
2026-08-29T11:00:00,240.0,CAM-05,Blackmagic,Jorge,TRANSIT - Convoy to Location B,transit,95.0,,100.0,0.79,25.8,DOWN,0.0,0,,False,True
2026-08-29T11:00:30,240.5,CAM-01,Sony FX6,Ariel,TRANSIT - Convoy to Location B,transit,18.0,,100.0,0.95,28.2,DOWN,0.0,0,,False,True
2026-08-29T11:00:30,240.5,CAM-02,Sony FX6,Marlon,TRANSIT - Convoy to Location B,transit,32.0,,100.0,0.92,25.7,DOWN,0.0,0,,False,True
2026-08-29T11:00:30,240.5,CAM-03,Sony FX3,Kiko,TRANSIT - Convoy to Location B,transit,68.0,,100.0,0.61,27.2,DOWN,0.0,0,,False,True
2026-08-29T11:00:30,240.5,CAM-04,Sony FX3,Dennis,TRANSIT - Convoy to Location B,transit,45.0,,100.0,0.88,25.8,DOWN,0.0,0,,False,True
2026-08-29T11:00:30,240.5,CAM-05,Blackmagic,Jorge,TRANSIT - Convoy to Location B,transit,95.0,,100.0,0.79,26.1,DOWN,0.0,0,,False,True
2026-08-29T11:01:00,241.0,CAM-01,Sony FX6,Ariel,TRANSIT - Convoy to Location B,transit,18.0,,100.0,0.95,26.5,DOWN,0.0,0,,False,True
2026-08-29T11:01:00,241.0,CAM-02,Sony FX6,Marlon,TRANSIT - Convoy to Location B,transit,32.0,,100.0,0.92,26.8,DOWN,0.0,0,,False,True
2026-08-29T11:01:00,241.0,CAM-03,Sony FX3,Kiko,TRANSIT - Convoy to Location B,transit,68.0,,100.0,0.61,25.8,DOWN,0.0,0,,False,True
2026-08-29T11:01:00,241.0,CAM-04,Sony FX3,Dennis,TRANSIT - Convoy to Location B,transit,45.0,,100.0,0.88,25.7,DOWN,0.0,0,,False,True
2026-08-29T11:01:00,241.0,CAM-05,Blackmagic,Jorge,TRANSIT - Convoy to Location B,transit,95.0,,100.0,0.79,26.7,DOWN,0.0,0,,False,True
2026-08-29T11:01:30,241.5,CAM-01,Sony FX6,Ariel,TRANSIT - Convoy to Location B,transit,18.0,,100.0,0.95,26.0,DOWN,0.0,0,,False,True
2026-08-29T11:01:30,241.5,CAM-02,Sony FX6,Marlon,TRANSIT - Convoy to Location B,transit,32.0,,100.0,0.92,25.2,DOWN,0.0,0,,False,True
2026-08-29T11:01:30,241.5,CAM-03,Sony FX3,Kiko,TRANSIT - Convoy to Location B,transit,68.0,,100.0,0.61,25.4,DOWN,0.0,0,,False,True
2026-08-29T11:01:30,241.5,CAM-04,Sony FX3,Dennis,TRANSIT - Convoy to Location B,transit,45.0,,100.0,0.88,26.8,DOWN,0.0,0,,False,True
2026-08-29T11:01:30,241.5,CAM-05,Blackmagic,Jorge,TRANSIT - Convoy to Location B,transit,95.0,,100.0,0.79,24.8,DOWN,0.0,0,,False,True
2026-08-29T11:02:00,242.0,CAM-01,Sony FX6,Ariel,TRANSIT - Convoy to Location B,transit,18.0,,100.0,0.95,25.8,DOWN,0.0,0,,False,True
2026-08-29T11:02:00,242.0,CAM-02,Sony FX6,Marlon,TRANSIT - Convoy to Location B,transit,32.0,,100.0,0.92,25.9,DOWN,0.0,0,,False,True
2026-08-29T11:02:00,242.0,CAM-03,Sony FX3,Kiko,TRANSIT - Convoy to Location B,transit,68.0,,100.0,0.61,25.7,DOWN,0.0,0,,False,True
2026-08-29T11:02:00,242.0,CAM-04,Sony FX3,Dennis,TRANSIT - Convoy to Location B,transit,45.0,,100.0,0.88,26.3,DOWN,0.0,0,,False,True
2026-08-29T11:02:00,242.0,CAM-05,Blackmagic,Jorge,TRANSIT - Convoy to Location B,transit,95.0,,100.0,0.79,24.9,DOWN,0.0,0,,False,True
2026-08-29T11:02:30,242.5,CAM-01,Sony FX6,Ariel,TRANSIT - Convoy to Location B,transit,18.0,,100.0,0.95,25.7,DOWN,0.0,0,,False,True
2026-08-29T11:02:30,242.5,CAM-02,Sony FX6,Marlon,TRANSIT - Convoy to Location B,transit,32.0,,100.0,0.92,24.7,DOWN,0.0,0,,False,True
2026-08-29T11:02:30,242.5,CAM-03,Sony FX3,Kiko,TRANSIT - Convoy to Location B,transit,68.0,,100.0,0.61,26.1,DOWN,0.0,0,,False,True
2026-08-29T11:02:30,242.5,CAM-04,Sony FX3,Dennis,TRANSIT - Convoy to Location B,transit,45.0,,100.0,0.88,26.6,DOWN,0.0,0,,False,True
2026-08-29T11:02:30,242.5,CAM-05,Blackmagic,Jorge,TRANSIT - Convoy to Location B,transit,95.0,,100.0,0.79,25.6,DOWN,0.0,0,,False,True
2026-08-29T11:03:00,243.0,CAM-01,Sony FX6,Ariel,TRANSIT - Convoy to Location B,transit,18.0,,100.0,0.95,24.9,DOWN,0.0,0,,False,True
2026-08-29T11:03:00,243.0,CAM-02,Sony FX6,Marlon,TRANSIT - Convoy to Location B,transit,32.0,,100.0,0.92,26.3,DOWN,0.0,0,,False,True
2026-08-29T11:03:00,243.0,CAM-03,Sony FX3,Kiko,TRANSIT - Convoy to Location B,transit,68.0,,100.0,0.61,25.3,DOWN,0.0,0,,False,True
2026-08-29T11:03:00,243.0,CAM-04,Sony FX3,Dennis,TRANSIT - Convoy to Location B,transit,45.0,,100.0,0.88,25.1,DOWN,0.0,0,,False,True
2026-08-29T11:03:00,243.0,CAM-05,Blackmagic,Jorge,TRANSIT - Convoy to Location B,transit,95.0,,100.0,0.79,26.0,DOWN,0.0,0,,False,True
2026-08-29T11:03:30,243.5,CAM-01,Sony FX6,Ariel,TRANSIT - Convoy to Location B,transit,18.0,,100.0,0.95,28.8,DOWN,0.0,0,,False,True
2026-08-29T11:03:30,243.5,CAM-02,Sony FX6,Marlon,TRANSIT - Convoy to Location B,transit,32.0,,100.0,0.92,27.0,DOWN,0.0,0,,False,True
2026-08-29T11:03:30,243.5,CAM-03,Sony FX3,Kiko,TRANSIT - Convoy to Location B,transit,68.0,,100.0,0.61,26.2,DOWN,0.0,0,,False,True
2026-08-29T11:03:30,243.5,CAM-04,Sony FX3,Dennis,TRANSIT - Convoy to Location B,transit,45.0,,100.0,0.88,26.2,DOWN,0.0,0,,False,True
2026-08-29T11:03:30,243.5,CAM-05,Blackmagic,Jorge,TRANSIT - Convoy to Location B,transit,95.0,,100.0,0.79,25.3,DOWN,0.0,0,,False,True
2026-08-29T11:04:00,244.0,CAM-01,Sony FX6,Ariel,TRANSIT - Convoy to Location B,transit,18.0,,100.0,0.95,25.8,DOWN,0.0,0,,False,True
2026-08-29T11:04:00,244.0,CAM-02,Sony FX6,Marlon,TRANSIT - Convoy to Location B,transit,32.0,,100.0,0.92,25.5,DOWN,0.0,0,,False,True
2026-08-29T11:04:00,244.0,CAM-03,Sony FX3,Kiko,TRANSIT - Convoy to Location B,transit,68.0,,100.0,0.61,27.0,DOWN,0.0,0,,False,True
2026-08-29T11:04:00,244.0,CAM-04,Sony FX3,Dennis,TRANSIT - Convoy to Location B,transit,45.0,,100.0,0.88,26.1,DOWN,0.0,0,,False,True
2026-08-29T11:04:00,244.0,CAM-05,Blackmagic,Jorge,TRANSIT - Convoy to Location B,transit,95.0,,100.0,0.79,26.5,DOWN,0.0,0,,False,True
2026-08-29T11:04:30,244.5,CAM-01,Sony FX6,Ariel,TRANSIT - Convoy to Location B,transit,18.0,,100.0,0.95,25.9,DOWN,0.0,0,,False,True
2026-08-29T11:04:30,244.5,CAM-02,Sony FX6,Marlon,TRANSIT - Convoy to Location B,transit,32.0,,100.0,0.92,26.1,DOWN,0.0,0,,False,True
2026-08-29T11:04:30,244.5,CAM-03,Sony FX3,Kiko,TRANSIT - Convoy to Location B,transit,68.0,,100.0,0.61,24.9,DOWN,0.0,0,,False,True
2026-08-29T11:04:30,244.5,CAM-04,Sony FX3,Dennis,TRANSIT - Convoy to Location B,transit,45.0,,100.0,0.88,26.9,DOWN,0.0,0,,False,True
2026-08-29T11:04:30,244.5,CAM-05,Blackmagic,Jorge,TRANSIT - Convoy to Location B,transit,95.0,,100.0,0.79,26.3,DOWN,0.0,0,,False,True
2026-08-29T11:05:00,245.0,CAM-01,Sony FX6,Ariel,TRANSIT - Convoy to Location B,transit,18.0,,100.0,0.95,26.3,DOWN,0.0,0,,False,True
2026-08-29T11:05:00,245.0,CAM-02,Sony FX6,Marlon,TRANSIT - Convoy to Location B,transit,32.0,,100.0,0.92,26.1,DOWN,0.0,0,,False,True
2026-08-29T11:05:00,245.0,CAM-03,Sony FX3,Kiko,TRANSIT - Convoy to Location B,transit,68.0,,100.0,0.61,26.4,DOWN,0.0,0,,False,True
2026-08-29T11:05:00,245.0,CAM-04,Sony FX3,Dennis,TRANSIT - Convoy to Location B,transit,45.0,,100.0,0.88,25.7,DOWN,0.0,0,,False,True
2026-08-29T11:05:00,245.0,CAM-05,Blackmagic,Jorge,TRANSIT - Convoy to Location B,transit,95.0,,100.0,0.79,26.9,DOWN,0.0,0,,False,True
2026-08-29T11:05:30,245.5,CAM-01,Sony FX6,Ariel,TRANSIT - Convoy to Location B,transit,18.0,,100.0,0.95,25.2,DOWN,0.0,0,,False,True
2026-08-29T11:05:30,245.5,CAM-02,Sony FX6,Marlon,TRANSIT - Convoy to Location B,transit,32.0,,100.0,0.92,25.8,DOWN,0.0,0,,False,True
2026-08-29T11:05:30,245.5,CAM-03,Sony FX3,Kiko,TRANSIT - Convoy to Location B,transit,68.0,,100.0,0.61,25.9,DOWN,0.0,0,,False,True
2026-08-29T11:05:30,245.5,CAM-04,Sony FX3,Dennis,TRANSIT - Convoy to Location B,transit,45.0,,100.0,0.88,25.9,DOWN,0.0,0,,False,True
2026-08-29T11:05:30,245.5,CAM-05,Blackmagic,Jorge,TRANSIT - Convoy to Location B,transit,95.0,,100.0,0.79,26.8,DOWN,0.0,0,,False,True
2026-08-29T11:06:00,246.0,CAM-01,Sony FX6,Ariel,TRANSIT - Convoy to Location B,transit,18.0,,100.0,0.95,26.6,DOWN,0.0,0,,False,True
2026-08-29T11:06:00,246.0,CAM-02,Sony FX6,Marlon,TRANSIT - Convoy to Location B,transit,32.0,,100.0,0.92,25.5,DOWN,0.0,0,,False,True
2026-08-29T11:06:00,246.0,CAM-03,Sony FX3,Kiko,TRANSIT - Convoy to Location B,transit,68.0,,100.0,0.61,26.1,DOWN,0.0,0,,False,True
2026-08-29T11:06:00,246.0,CAM-04,Sony FX3,Dennis,TRANSIT - Convoy to Location B,transit,45.0,,100.0,0.88,26.4,DOWN,0.0,0,,False,True
2026-08-29T11:06:00,246.0,CAM-05,Blackmagic,Jorge,TRANSIT - Convoy to Location B,transit,95.0,,100.0,0.79,25.1,DOWN,0.0,0,,False,True
2026-08-29T11:06:30,246.5,CAM-01,Sony FX6,Ariel,TRANSIT - Convoy to Location B,transit,18.0,,100.0,0.95,26.2,DOWN,0.0,0,,False,True
2026-08-29T11:06:30,246.5,CAM-02,Sony FX6,Marlon,TRANSIT - Convoy to Location B,transit,32.0,,100.0,0.92,26.5,DOWN,0.0,0,,False,True
2026-08-29T11:06:30,246.5,CAM-03,Sony FX3,Kiko,TRANSIT - Convoy to Location B,transit,68.0,,100.0,0.61,24.6,DOWN,0.0,0,,False,True
2026-08-29T11:06:30,246.5,CAM-04,Sony FX3,Dennis,TRANSIT - Convoy to Location B,transit,45.0,,100.0,0.88,25.4,DOWN,0.0,0,,False,True
2026-08-29T11:06:30,246.5,CAM-05,Blackmagic,Jorge,TRANSIT - Convoy to Location B,transit,95.0,,100.0,0.79,25.9,DOWN,0.0,0,,False,True
2026-08-29T11:07:00,247.0,CAM-01,Sony FX6,Ariel,TRANSIT - Convoy to Location B,transit,18.0,,100.0,0.95,26.3,DOWN,0.0,0,,False,True
2026-08-29T11:07:00,247.0,CAM-02,Sony FX6,Marlon,TRANSIT - Convoy to Location B,transit,32.0,,100.0,0.92,26.7,DOWN,0.0,0,,False,True
2026-08-29T11:07:00,247.0,CAM-03,Sony FX3,Kiko,TRANSIT - Convoy to Location B,transit,68.0,,100.0,0.61,27.6,DOWN,0.0,0,,False,True
2026-08-29T11:07:00,247.0,CAM-04,Sony FX3,Dennis,TRANSIT - Convoy to Location B,transit,45.0,,100.0,0.88,27.6,DOWN,0.0,0,,False,True
2026-08-29T11:07:00,247.0,CAM-05,Blackmagic,Jorge,TRANSIT - Convoy to Location B,transit,95.0,,100.0,0.79,25.8,DOWN,0.0,0,,False,True
2026-08-29T11:07:30,247.5,CAM-01,Sony FX6,Ariel,TRANSIT - Convoy to Location B,transit,18.0,,100.0,0.95,25.6,DOWN,0.0,0,,False,True
2026-08-29T11:07:30,247.5,CAM-02,Sony FX6,Marlon,TRANSIT - Convoy to Location B,transit,32.0,,100.0,0.92,26.5,DOWN,0.0,0,,False,True
2026-08-29T11:07:30,247.5,CAM-03,Sony FX3,Kiko,TRANSIT - Convoy to Location B,transit,68.0,,100.0,0.61,26.5,DOWN,0.0,0,,False,True
2026-08-29T11:07:30,247.5,CAM-04,Sony FX3,Dennis,TRANSIT - Convoy to Location B,transit,45.0,,100.0,0.88,24.4,DOWN,0.0,0,,False,True
2026-08-29T11:07:30,247.5,CAM-05,Blackmagic,Jorge,TRANSIT - Convoy to Location B,transit,95.0,,100.0,0.79,27.1,DOWN,0.0,0,,False,True
2026-08-29T11:08:00,248.0,CAM-01,Sony FX6,Ariel,TRANSIT - Convoy to Location B,transit,18.0,,100.0,0.95,27.5,DOWN,0.0,0,,False,True
2026-08-29T11:08:00,248.0,CAM-02,Sony FX6,Marlon,TRANSIT - Convoy to Location B,transit,32.0,,100.0,0.92,26.1,DOWN,0.0,0,,False,True
2026-08-29T11:08:00,248.0,CAM-03,Sony FX3,Kiko,TRANSIT - Convoy to Location B,transit,68.0,,100.0,0.61,26.1,DOWN,0.0,0,,False,True
2026-08-29T11:08:00,248.0,CAM-04,Sony FX3,Dennis,TRANSIT - Convoy to Location B,transit,45.0,,100.0,0.88,26.8,DOWN,0.0,0,,False,True
2026-08-29T11:08:00,248.0,CAM-05,Blackmagic,Jorge,TRANSIT - Convoy to Location B,transit,95.0,,100.0,0.79,25.8,DOWN,0.0,0,,False,True
2026-08-29T11:08:30,248.5,CAM-01,Sony FX6,Ariel,TRANSIT - Convoy to Location B,transit,18.0,,100.0,0.95,26.1,DOWN,0.0,0,,False,True
2026-08-29T11:08:30,248.5,CAM-02,Sony FX6,Marlon,TRANSIT - Convoy to Location B,transit,32.0,,100.0,0.92,24.7,DOWN,0.0,0,,False,True
2026-08-29T11:08:30,248.5,CAM-03,Sony FX3,Kiko,TRANSIT - Convoy to Location B,transit,68.0,,100.0,0.61,26.9,DOWN,0.0,0,,False,True
2026-08-29T11:08:30,248.5,CAM-04,Sony FX3,Dennis,TRANSIT - Convoy to Location B,transit,45.0,,100.0,0.88,24.6,DOWN,0.0,0,,False,True
2026-08-29T11:08:30,248.5,CAM-05,Blackmagic,Jorge,TRANSIT - Convoy to Location B,transit,95.0,,100.0,0.79,26.4,DOWN,0.0,0,,False,True
2026-08-29T11:09:00,249.0,CAM-01,Sony FX6,Ariel,TRANSIT - Convoy to Location B,transit,18.0,,100.0,0.95,25.8,DOWN,0.0,0,,False,True
2026-08-29T11:09:00,249.0,CAM-02,Sony FX6,Marlon,TRANSIT - Convoy to Location B,transit,32.0,,100.0,0.92,27.1,DOWN,0.0,0,,False,True
2026-08-29T11:09:00,249.0,CAM-03,Sony FX3,Kiko,TRANSIT - Convoy to Location B,transit,68.0,,100.0,0.61,27.3,DOWN,0.0,0,,False,True
2026-08-29T11:09:00,249.0,CAM-04,Sony FX3,Dennis,TRANSIT - Convoy to Location B,transit,45.0,,100.0,0.88,26.0,DOWN,0.0,0,,False,True
2026-08-29T11:09:00,249.0,CAM-05,Blackmagic,Jorge,TRANSIT - Convoy to Location B,transit,95.0,,100.0,0.79,26.7,DOWN,0.0,0,,False,True
2026-08-29T11:09:30,249.5,CAM-01,Sony FX6,Ariel,TRANSIT - Convoy to Location B,transit,18.0,,100.0,0.95,25.9,DOWN,0.0,0,,False,True
2026-08-29T11:09:30,249.5,CAM-02,Sony FX6,Marlon,TRANSIT - Convoy to Location B,transit,32.0,,100.0,0.92,25.7,DOWN,0.0,0,,False,True
2026-08-29T11:09:30,249.5,CAM-03,Sony FX3,Kiko,TRANSIT - Convoy to Location B,transit,68.0,,100.0,0.61,24.4,DOWN,0.0,0,,False,True
2026-08-29T11:09:30,249.5,CAM-04,Sony FX3,Dennis,TRANSIT - Convoy to Location B,transit,45.0,,100.0,0.88,25.8,DOWN,0.0,0,,False,True
2026-08-29T11:09:30,249.5,CAM-05,Blackmagic,Jorge,TRANSIT - Convoy to Location B,transit,95.0,,100.0,0.79,24.7,DOWN,0.0,0,,False,True
2026-08-29T11:10:00,250.0,CAM-01,Sony FX6,Ariel,TRANSIT - Convoy to Location B,transit,18.0,,100.0,0.95,27.3,DOWN,0.0,0,,False,True
2026-08-29T11:10:00,250.0,CAM-02,Sony FX6,Marlon,TRANSIT - Convoy to Location B,transit,32.0,,100.0,0.92,27.4,DOWN,0.0,0,,False,True
2026-08-29T11:10:00,250.0,CAM-03,Sony FX3,Kiko,TRANSIT - Convoy to Location B,transit,68.0,,100.0,0.61,26.7,DOWN,0.0,0,,False,True
2026-08-29T11:10:00,250.0,CAM-04,Sony FX3,Dennis,TRANSIT - Convoy to Location B,transit,45.0,,100.0,0.88,26.0,DOWN,0.0,0,,False,True
2026-08-29T11:10:00,250.0,CAM-05,Blackmagic,Jorge,TRANSIT - Convoy to Location B,transit,95.0,,100.0,0.79,26.1,DOWN,0.0,0,,False,True
2026-08-29T11:10:30,250.5,CAM-01,Sony FX6,Ariel,TRANSIT - Convoy to Location B,transit,18.0,,100.0,0.95,24.9,DOWN,0.0,0,,False,True
2026-08-29T11:10:30,250.5,CAM-02,Sony FX6,Marlon,TRANSIT - Convoy to Location B,transit,32.0,,100.0,0.92,26.4,DOWN,0.0,0,,False,True
2026-08-29T11:10:30,250.5,CAM-03,Sony FX3,Kiko,TRANSIT - Convoy to Location B,transit,68.0,,100.0,0.61,25.8,DOWN,0.0,0,,False,True
2026-08-29T11:10:30,250.5,CAM-04,Sony FX3,Dennis,TRANSIT - Convoy to Location B,transit,45.0,,100.0,0.88,25.3,DOWN,0.0,0,,False,True
2026-08-29T11:10:30,250.5,CAM-05,Blackmagic,Jorge,TRANSIT - Convoy to Location B,transit,95.0,,100.0,0.79,25.3,DOWN,0.0,0,,False,True
2026-08-29T11:11:00,251.0,CAM-01,Sony FX6,Ariel,TRANSIT - Convoy to Location B,transit,18.0,,100.0,0.95,26.4,DOWN,0.0,0,,False,True
2026-08-29T11:11:00,251.0,CAM-02,Sony FX6,Marlon,TRANSIT - Convoy to Location B,transit,32.0,,100.0,0.92,27.2,DOWN,0.0,0,,False,True
2026-08-29T11:11:00,251.0,CAM-03,Sony FX3,Kiko,TRANSIT - Convoy to Location B,transit,68.0,,100.0,0.61,26.1,DOWN,0.0,0,,False,True
2026-08-29T11:11:00,251.0,CAM-04,Sony FX3,Dennis,TRANSIT - Convoy to Location B,transit,45.0,,100.0,0.88,27.4,DOWN,0.0,0,,False,True
2026-08-29T11:11:00,251.0,CAM-05,Blackmagic,Jorge,TRANSIT - Convoy to Location B,transit,95.0,,100.0,0.79,27.1,DOWN,0.0,0,,False,True
2026-08-29T11:11:30,251.5,CAM-01,Sony FX6,Ariel,TRANSIT - Convoy to Location B,transit,18.0,,100.0,0.95,25.8,DOWN,0.0,0,,False,True
2026-08-29T11:11:30,251.5,CAM-02,Sony FX6,Marlon,TRANSIT - Convoy to Location B,transit,32.0,,100.0,0.92,27.2,DOWN,0.0,0,,False,True
2026-08-29T11:11:30,251.5,CAM-03,Sony FX3,Kiko,TRANSIT - Convoy to Location B,transit,68.0,,100.0,0.61,25.7,DOWN,0.0,0,,False,True
2026-08-29T11:11:30,251.5,CAM-04,Sony FX3,Dennis,TRANSIT - Convoy to Location B,transit,45.0,,100.0,0.88,25.4,DOWN,0.0,0,,False,True
2026-08-29T11:11:30,251.5,CAM-05,Blackmagic,Jorge,TRANSIT - Convoy to Location B,transit,95.0,,100.0,0.79,27.3,DOWN,0.0,0,,False,True
2026-08-29T11:12:00,252.0,CAM-01,Sony FX6,Ariel,TRANSIT - Convoy to Location B,transit,18.0,,100.0,0.95,26.1,DOWN,0.0,0,,False,True
2026-08-29T11:12:00,252.0,CAM-02,Sony FX6,Marlon,TRANSIT - Convoy to Location B,transit,32.0,,100.0,0.92,25.6,DOWN,0.0,0,,False,True
2026-08-29T11:12:00,252.0,CAM-03,Sony FX3,Kiko,TRANSIT - Convoy to Location B,transit,68.0,,100.0,0.61,25.8,DOWN,0.0,0,,False,True
2026-08-29T11:12:00,252.0,CAM-04,Sony FX3,Dennis,TRANSIT - Convoy to Location B,transit,45.0,,100.0,0.88,25.6,DOWN,0.0,0,,False,True
2026-08-29T11:12:00,252.0,CAM-05,Blackmagic,Jorge,TRANSIT - Convoy to Location B,transit,95.0,,100.0,0.79,26.1,DOWN,0.0,0,,False,True
2026-08-29T11:12:30,252.5,CAM-01,Sony FX6,Ariel,TRANSIT - Convoy to Location B,transit,18.0,,100.0,0.95,26.8,DOWN,0.0,0,,False,True
2026-08-29T11:12:30,252.5,CAM-02,Sony FX6,Marlon,TRANSIT - Convoy to Location B,transit,32.0,,100.0,0.92,25.8,DOWN,0.0,0,,False,True
2026-08-29T11:12:30,252.5,CAM-03,Sony FX3,Kiko,TRANSIT - Convoy to Location B,transit,68.0,,100.0,0.61,23.9,DOWN,0.0,0,,False,True
2026-08-29T11:12:30,252.5,CAM-04,Sony FX3,Dennis,TRANSIT - Convoy to Location B,transit,45.0,,100.0,0.88,26.7,DOWN,0.0,0,,False,True
2026-08-29T11:12:30,252.5,CAM-05,Blackmagic,Jorge,TRANSIT - Convoy to Location B,transit,95.0,,100.0,0.79,25.1,DOWN,0.0,0,,False,True
2026-08-29T11:13:00,253.0,CAM-01,Sony FX6,Ariel,TRANSIT - Convoy to Location B,transit,18.0,,100.0,0.95,25.7,DOWN,0.0,0,,False,True
2026-08-29T11:13:00,253.0,CAM-02,Sony FX6,Marlon,TRANSIT - Convoy to Location B,transit,32.0,,100.0,0.92,25.4,DOWN,0.0,0,,False,True
2026-08-29T11:13:00,253.0,CAM-03,Sony FX3,Kiko,TRANSIT - Convoy to Location B,transit,68.0,,100.0,0.61,27.2,DOWN,0.0,0,,False,True
2026-08-29T11:13:00,253.0,CAM-04,Sony FX3,Dennis,TRANSIT - Convoy to Location B,transit,45.0,,100.0,0.88,25.2,DOWN,0.0,0,,False,True
2026-08-29T11:13:00,253.0,CAM-05,Blackmagic,Jorge,TRANSIT - Convoy to Location B,transit,95.0,,100.0,0.79,27.2,DOWN,0.0,0,,False,True
2026-08-29T11:13:30,253.5,CAM-01,Sony FX6,Ariel,TRANSIT - Convoy to Location B,transit,18.0,,100.0,0.95,26.6,DOWN,0.0,0,,False,True
2026-08-29T11:13:30,253.5,CAM-02,Sony FX6,Marlon,TRANSIT - Convoy to Location B,transit,32.0,,100.0,0.92,25.2,DOWN,0.0,0,,False,True
2026-08-29T11:13:30,253.5,CAM-03,Sony FX3,Kiko,TRANSIT - Convoy to Location B,transit,68.0,,100.0,0.61,26.5,DOWN,0.0,0,,False,True
2026-08-29T11:13:30,253.5,CAM-04,Sony FX3,Dennis,TRANSIT - Convoy to Location B,transit,45.0,,100.0,0.88,26.2,DOWN,0.0,0,,False,True
2026-08-29T11:13:30,253.5,CAM-05,Blackmagic,Jorge,TRANSIT - Convoy to Location B,transit,95.0,,100.0,0.79,26.6,DOWN,0.0,0,,False,True
2026-08-29T11:14:00,254.0,CAM-01,Sony FX6,Ariel,TRANSIT - Convoy to Location B,transit,18.0,,100.0,0.95,27.3,DOWN,0.0,0,,False,True
2026-08-29T11:14:00,254.0,CAM-02,Sony FX6,Marlon,TRANSIT - Convoy to Location B,transit,32.0,,100.0,0.92,26.0,DOWN,0.0,0,,False,True
2026-08-29T11:14:00,254.0,CAM-03,Sony FX3,Kiko,TRANSIT - Convoy to Location B,transit,68.0,,100.0,0.61,24.8,DOWN,0.0,0,,False,True
2026-08-29T11:14:00,254.0,CAM-04,Sony FX3,Dennis,TRANSIT - Convoy to Location B,transit,45.0,,100.0,0.88,26.2,DOWN,0.0,0,,False,True
2026-08-29T11:14:00,254.0,CAM-05,Blackmagic,Jorge,TRANSIT - Convoy to Location B,transit,95.0,,100.0,0.79,26.1,DOWN,0.0,0,,False,True
2026-08-29T11:14:30,254.5,CAM-01,Sony FX6,Ariel,TRANSIT - Convoy to Location B,transit,18.0,,100.0,0.95,25.0,DOWN,0.0,0,,False,True
2026-08-29T11:14:30,254.5,CAM-02,Sony FX6,Marlon,TRANSIT - Convoy to Location B,transit,32.0,,100.0,0.92,26.3,DOWN,0.0,0,,False,True
2026-08-29T11:14:30,254.5,CAM-03,Sony FX3,Kiko,TRANSIT - Convoy to Location B,transit,68.0,,100.0,0.61,27.0,DOWN,0.0,0,,False,True
2026-08-29T11:14:30,254.5,CAM-04,Sony FX3,Dennis,TRANSIT - Convoy to Location B,transit,45.0,,100.0,0.88,26.1,DOWN,0.0,0,,False,True
2026-08-29T11:14:30,254.5,CAM-05,Blackmagic,Jorge,TRANSIT - Convoy to Location B,transit,95.0,,100.0,0.79,25.6,DOWN,0.0,0,,False,True
2026-08-29T11:15:00,255.0,CAM-01,Sony FX6,Ariel,TRANSIT - Convoy to Location B,transit,18.0,,100.0,0.95,25.7,DOWN,0.0,0,,False,True
2026-08-29T11:15:00,255.0,CAM-02,Sony FX6,Marlon,TRANSIT - Convoy to Location B,transit,32.0,,100.0,0.92,27.0,DOWN,0.0,0,,False,True
2026-08-29T11:15:00,255.0,CAM-03,Sony FX3,Kiko,TRANSIT - Convoy to Location B,transit,68.0,,100.0,0.61,25.3,DOWN,0.0,0,,False,True
2026-08-29T11:15:00,255.0,CAM-04,Sony FX3,Dennis,TRANSIT - Convoy to Location B,transit,45.0,,100.0,0.88,27.0,DOWN,0.0,0,,False,True
2026-08-29T11:15:00,255.0,CAM-05,Blackmagic,Jorge,TRANSIT - Convoy to Location B,transit,95.0,,100.0,0.79,26.0,DOWN,0.0,0,,False,True
2026-08-29T11:15:30,255.5,CAM-01,Sony FX6,Ariel,TRANSIT - Convoy to Location B,transit,18.0,,100.0,0.95,27.0,DOWN,0.0,0,,False,True
2026-08-29T11:15:30,255.5,CAM-02,Sony FX6,Marlon,TRANSIT - Convoy to Location B,transit,32.0,,100.0,0.92,26.6,DOWN,0.0,0,,False,True
2026-08-29T11:15:30,255.5,CAM-03,Sony FX3,Kiko,TRANSIT - Convoy to Location B,transit,68.0,,100.0,0.61,26.4,DOWN,0.0,0,,False,True
2026-08-29T11:15:30,255.5,CAM-04,Sony FX3,Dennis,TRANSIT - Convoy to Location B,transit,45.0,,100.0,0.88,26.2,DOWN,0.0,0,,False,True
2026-08-29T11:15:30,255.5,CAM-05,Blackmagic,Jorge,TRANSIT - Convoy to Location B,transit,95.0,,100.0,0.79,25.3,DOWN,0.0,0,,False,True
2026-08-29T11:16:00,256.0,CAM-01,Sony FX6,Ariel,TRANSIT - Convoy to Location B,transit,18.0,,100.0,0.95,25.9,DOWN,0.0,0,,False,True
2026-08-29T11:16:00,256.0,CAM-02,Sony FX6,Marlon,TRANSIT - Convoy to Location B,transit,32.0,,100.0,0.92,26.2,DOWN,0.0,0,,False,True
2026-08-29T11:16:00,256.0,CAM-03,Sony FX3,Kiko,TRANSIT - Convoy to Location B,transit,68.0,,100.0,0.61,24.8,DOWN,0.0,0,,False,True
2026-08-29T11:16:00,256.0,CAM-04,Sony FX3,Dennis,TRANSIT - Convoy to Location B,transit,45.0,,100.0,0.88,25.6,DOWN,0.0,0,,False,True
2026-08-29T11:16:00,256.0,CAM-05,Blackmagic,Jorge,TRANSIT - Convoy to Location B,transit,95.0,,100.0,0.79,25.4,DOWN,0.0,0,,False,True
2026-08-29T11:16:30,256.5,CAM-01,Sony FX6,Ariel,TRANSIT - Convoy to Location B,transit,18.0,,100.0,0.95,25.0,DOWN,0.0,0,,False,True
2026-08-29T11:16:30,256.5,CAM-02,Sony FX6,Marlon,TRANSIT - Convoy to Location B,transit,32.0,,100.0,0.92,25.0,DOWN,0.0,0,,False,True
2026-08-29T11:16:30,256.5,CAM-03,Sony FX3,Kiko,TRANSIT - Convoy to Location B,transit,68.0,,100.0,0.61,26.2,DOWN,0.0,0,,False,True
2026-08-29T11:16:30,256.5,CAM-04,Sony FX3,Dennis,TRANSIT - Convoy to Location B,transit,45.0,,100.0,0.88,25.3,DOWN,0.0,0,,False,True
2026-08-29T11:16:30,256.5,CAM-05,Blackmagic,Jorge,TRANSIT - Convoy to Location B,transit,95.0,,100.0,0.79,25.6,DOWN,0.0,0,,False,True
2026-08-29T11:17:00,257.0,CAM-01,Sony FX6,Ariel,TRANSIT - Convoy to Location B,transit,18.0,,100.0,0.95,26.0,DOWN,0.0,0,,False,True
2026-08-29T11:17:00,257.0,CAM-02,Sony FX6,Marlon,TRANSIT - Convoy to Location B,transit,32.0,,100.0,0.92,26.5,DOWN,0.0,0,,False,True
2026-08-29T11:17:00,257.0,CAM-03,Sony FX3,Kiko,TRANSIT - Convoy to Location B,transit,68.0,,100.0,0.61,26.8,DOWN,0.0,0,,False,True
2026-08-29T11:17:00,257.0,CAM-04,Sony FX3,Dennis,TRANSIT - Convoy to Location B,transit,45.0,,100.0,0.88,24.7,DOWN,0.0,0,,False,True
2026-08-29T11:17:00,257.0,CAM-05,Blackmagic,Jorge,TRANSIT - Convoy to Location B,transit,95.0,,100.0,0.79,26.2,DOWN,0.0,0,,False,True
2026-08-29T11:17:30,257.5,CAM-01,Sony FX6,Ariel,TRANSIT - Convoy to Location B,transit,18.0,,100.0,0.95,24.2,DOWN,0.0,0,,False,True
2026-08-29T11:17:30,257.5,CAM-02,Sony FX6,Marlon,TRANSIT - Convoy to Location B,transit,32.0,,100.0,0.92,26.1,DOWN,0.0,0,,False,True
2026-08-29T11:17:30,257.5,CAM-03,Sony FX3,Kiko,TRANSIT - Convoy to Location B,transit,68.0,,100.0,0.61,24.9,DOWN,0.0,0,,False,True
2026-08-29T11:17:30,257.5,CAM-04,Sony FX3,Dennis,TRANSIT - Convoy to Location B,transit,45.0,,100.0,0.88,25.9,DOWN,0.0,0,,False,True
2026-08-29T11:17:30,257.5,CAM-05,Blackmagic,Jorge,TRANSIT - Convoy to Location B,transit,95.0,,100.0,0.79,26.0,DOWN,0.0,0,,False,True
2026-08-29T11:18:00,258.0,CAM-01,Sony FX6,Ariel,TRANSIT - Convoy to Location B,transit,18.0,,100.0,0.95,26.0,DOWN,0.0,0,,False,True
2026-08-29T11:18:00,258.0,CAM-02,Sony FX6,Marlon,TRANSIT - Convoy to Location B,transit,32.0,,100.0,0.92,26.0,DOWN,0.0,0,,False,True
2026-08-29T11:18:00,258.0,CAM-03,Sony FX3,Kiko,TRANSIT - Convoy to Location B,transit,68.0,,100.0,0.61,26.0,DOWN,0.0,0,,False,True
2026-08-29T11:18:00,258.0,CAM-04,Sony FX3,Dennis,TRANSIT - Convoy to Location B,transit,45.0,,100.0,0.88,24.0,DOWN,0.0,0,,False,True
2026-08-29T11:18:00,258.0,CAM-05,Blackmagic,Jorge,TRANSIT - Convoy to Location B,transit,95.0,,100.0,0.79,26.4,DOWN,0.0,0,,False,True
2026-08-29T11:18:30,258.5,CAM-01,Sony FX6,Ariel,TRANSIT - Convoy to Location B,transit,18.0,,99.7,0.95,24.3,DOWN,0.0,0,,False,True
2026-08-29T11:18:30,258.5,CAM-02,Sony FX6,Marlon,TRANSIT - Convoy to Location B,transit,32.0,,100.0,0.92,25.2,DOWN,0.0,0,,False,True
2026-08-29T11:18:30,258.5,CAM-03,Sony FX3,Kiko,TRANSIT - Convoy to Location B,transit,68.0,,100.0,0.61,27.1,DOWN,0.0,0,,False,True
2026-08-29T11:18:30,258.5,CAM-04,Sony FX3,Dennis,TRANSIT - Convoy to Location B,transit,45.0,,100.0,0.88,26.2,DOWN,0.0,0,,False,True
2026-08-29T11:18:30,258.5,CAM-05,Blackmagic,Jorge,TRANSIT - Convoy to Location B,transit,95.0,,100.0,0.79,26.3,DOWN,0.0,0,,False,True
2026-08-29T11:19:00,259.0,CAM-01,Sony FX6,Ariel,TRANSIT - Convoy to Location B,transit,18.0,,99.3,0.95,26.5,DOWN,0.0,0,,False,True
2026-08-29T11:19:00,259.0,CAM-02,Sony FX6,Marlon,TRANSIT - Convoy to Location B,transit,32.0,,100.0,0.92,25.8,DOWN,0.0,0,,False,True
2026-08-29T11:19:00,259.0,CAM-03,Sony FX3,Kiko,TRANSIT - Convoy to Location B,transit,68.0,,100.0,0.61,26.8,DOWN,0.0,0,,False,True
2026-08-29T11:19:00,259.0,CAM-04,Sony FX3,Dennis,TRANSIT - Convoy to Location B,transit,45.0,,100.0,0.88,25.6,DOWN,0.0,0,,False,True
2026-08-29T11:19:00,259.0,CAM-05,Blackmagic,Jorge,TRANSIT - Convoy to Location B,transit,95.0,,100.0,0.79,24.7,DOWN,0.0,0,,False,True
2026-08-29T11:19:30,259.5,CAM-01,Sony FX6,Ariel,TRANSIT - Convoy to Location B,transit,18.0,,100.0,0.95,26.3,DOWN,0.0,0,,False,True
2026-08-29T11:19:30,259.5,CAM-02,Sony FX6,Marlon,TRANSIT - Convoy to Location B,transit,32.0,,100.0,0.92,25.1,DOWN,0.0,0,,False,True
2026-08-29T11:19:30,259.5,CAM-03,Sony FX3,Kiko,TRANSIT - Convoy to Location B,transit,68.0,,100.0,0.61,25.2,DOWN,0.0,0,,False,True
2026-08-29T11:19:30,259.5,CAM-04,Sony FX3,Dennis,TRANSIT - Convoy to Location B,transit,45.0,,100.0,0.88,26.2,DOWN,0.0,0,,False,True
2026-08-29T11:19:30,259.5,CAM-05,Blackmagic,Jorge,TRANSIT - Convoy to Location B,transit,95.0,,100.0,0.79,25.9,DOWN,0.0,0,,False,True
2026-08-29T11:20:00,260.0,CAM-01,Sony FX6,Ariel,Location B - Public Market (Exterior),exterior,18.0,-57.7,99.7,0.95,30.4,OK,48.9,0,35,True,True
2026-08-29T11:20:00,260.0,CAM-02,Sony FX6,Marlon,Location B - Public Market (Exterior),exterior,32.0,-62.5,100.0,0.92,32.7,OK,40.3,15,179,True,True
2026-08-29T11:20:00,260.0,CAM-03,Sony FX3,Kiko,Location B - Public Market (Exterior),exterior,68.0,-63.9,99.6,0.61,30.9,OK,34.5,9,197,True,True
2026-08-29T11:20:00,260.0,CAM-04,Sony FX3,Dennis,Location B - Public Market (Exterior),exterior,45.0,-62.1,99.9,0.88,30.5,OK,38.7,19,48,True,True
2026-08-29T11:20:00,260.0,CAM-05,Blackmagic,Jorge,Location B - Public Market (Exterior),exterior,95.0,-72.7,99.7,0.79,29.8,CRITICAL,6.5,93,594,True,True
2026-08-29T11:20:30,260.5,CAM-01,Sony FX6,Ariel,Location B - Public Market (Exterior),exterior,18.0,-57.2,99.6,0.95,31.7,OK,48.8,0,35,True,True
2026-08-29T11:20:30,260.5,CAM-02,Sony FX6,Marlon,Location B - Public Market (Exterior),exterior,32.0,-64.4,100.0,0.92,30.9,OK,32.1,13,210,True,True
2026-08-29T11:20:30,260.5,CAM-03,Sony FX3,Kiko,Location B - Public Market (Exterior),exterior,68.0,-68.8,100.0,0.61,29.4,DEGRADED,22.9,63,142,True,True
2026-08-29T11:20:30,260.5,CAM-04,Sony FX3,Dennis,Location B - Public Market (Exterior),exterior,45.0,-65.6,99.1,0.88,30.6,DEGRADED,28.7,50,84,True,True
2026-08-29T11:20:30,260.5,CAM-05,Blackmagic,Jorge,Location B - Public Market (Exterior),exterior,95.0,-68.7,100.0,0.79,32.0,DEGRADED,19.2,36,332,True,True
2026-08-29T11:21:00,261.0,CAM-01,Sony FX6,Ariel,Location B - Public Market (Exterior),exterior,18.0,-59.1,99.0,0.95,30.0,OK,50.8,0,35,True,True
2026-08-29T11:21:00,261.0,CAM-02,Sony FX6,Marlon,Location B - Public Market (Exterior),exterior,32.0,-62.8,100.0,0.92,30.9,OK,36.1,14,199,True,True
2026-08-29T11:21:00,261.0,CAM-03,Sony FX3,Kiko,Location B - Public Market (Exterior),exterior,68.0,-65.3,98.9,0.61,29.8,DEGRADED,32.7,43,350,True,True
2026-08-29T11:21:00,261.0,CAM-04,Sony FX3,Dennis,Location B - Public Market (Exterior),exterior,45.0,-66.0,99.6,0.88,30.5,DEGRADED,28.3,30,375,True,True
2026-08-29T11:21:00,261.0,CAM-05,Blackmagic,Jorge,Location B - Public Market (Exterior),exterior,95.0,-68.9,99.1,0.79,31.2,DEGRADED,17.8,27,487,True,True
2026-08-29T11:21:30,261.5,CAM-01,Sony FX6,Ariel,Location B - Public Market (Exterior),exterior,18.0,-60.7,100.0,0.95,29.5,OK,45.4,1,51,True,True
2026-08-29T11:21:30,261.5,CAM-02,Sony FX6,Marlon,Location B - Public Market (Exterior),exterior,32.0,-64.2,100.0,0.92,31.9,OK,35.9,17,248,True,True
2026-08-29T11:21:30,261.5,CAM-03,Sony FX3,Kiko,Location B - Public Market (Exterior),exterior,68.0,-65.2,99.3,0.61,32.4,OK,31.4,24,87,True,True
2026-08-29T11:21:30,261.5,CAM-04,Sony FX3,Dennis,Location B - Public Market (Exterior),exterior,45.0,-63.0,99.7,0.88,31.6,OK,38.1,11,185,True,True
2026-08-29T11:21:30,261.5,CAM-05,Blackmagic,Jorge,Location B - Public Market (Exterior),exterior,95.0,-69.6,99.5,0.79,31.1,DEGRADED,17.0,2,138,True,True
2026-08-29T11:22:00,262.0,CAM-01,Sony FX6,Ariel,Location B - Public Market (Exterior),exterior,18.0,-55.6,100.0,0.95,31.6,OK,48.5,0,35,True,True
2026-08-29T11:22:00,262.0,CAM-02,Sony FX6,Marlon,Location B - Public Market (Exterior),exterior,32.0,-62.5,99.8,0.92,30.8,OK,38.8,9,74,True,True
2026-08-29T11:22:00,262.0,CAM-03,Sony FX3,Kiko,Location B - Public Market (Exterior),exterior,68.0,-69.0,99.5,0.61,29.9,DEGRADED,19.5,3,318,True,True
2026-08-29T11:22:00,262.0,CAM-04,Sony FX3,Dennis,Location B - Public Market (Exterior),exterior,45.0,-61.6,99.6,0.88,32.2,OK,43.3,12,75,True,True
2026-08-29T11:22:00,262.0,CAM-05,Blackmagic,Jorge,Location B - Public Market (Exterior),exterior,95.0,-69.6,99.4,0.79,30.6,DEGRADED,15.3,31,595,True,True
2026-08-29T11:22:30,262.5,CAM-01,Sony FX6,Ariel,Location B - Public Market (Exterior),exterior,18.0,-57.6,99.4,0.95,31.9,OK,48.4,0,35,True,True
2026-08-29T11:22:30,262.5,CAM-02,Sony FX6,Marlon,Location B - Public Market (Exterior),exterior,32.0,-62.0,99.4,0.92,30.8,OK,39.3,17,93,True,True
2026-08-29T11:22:30,262.5,CAM-03,Sony FX3,Kiko,Location B - Public Market (Exterior),exterior,68.0,-66.4,98.8,0.61,31.2,DEGRADED,27.5,18,339,True,True
2026-08-29T11:22:30,262.5,CAM-04,Sony FX3,Dennis,Location B - Public Market (Exterior),exterior,45.0,-62.5,99.2,0.88,30.9,OK,40.1,2,165,True,True
2026-08-29T11:22:30,262.5,CAM-05,Blackmagic,Jorge,Location B - Public Market (Exterior),exterior,95.0,-67.7,98.4,0.79,30.1,DEGRADED,24.0,33,366,True,True
2026-08-29T11:23:00,263.0,CAM-01,Sony FX6,Ariel,Location B - Public Market (Exterior),exterior,18.0,-60.9,99.9,0.95,30.9,OK,44.7,4,73,True,True
2026-08-29T11:23:00,263.0,CAM-02,Sony FX6,Marlon,Location B - Public Market (Exterior),exterior,32.0,-65.9,99.3,0.92,30.9,DEGRADED,30.0,15,168,True,True
2026-08-29T11:23:00,263.0,CAM-03,Sony FX3,Kiko,Location B - Public Market (Exterior),exterior,68.0,-65.4,99.1,0.61,31.3,DEGRADED,29.9,24,58,True,True
2026-08-29T11:23:00,263.0,CAM-04,Sony FX3,Dennis,Location B - Public Market (Exterior),exterior,45.0,-62.8,98.5,0.88,32.1,OK,37.6,1,74,True,True
2026-08-29T11:23:00,263.0,CAM-05,Blackmagic,Jorge,Location B - Public Market (Exterior),exterior,95.0,-70.5,99.7,0.79,31.3,DEGRADED,13.5,43,489,True,True
2026-08-29T11:23:30,263.5,CAM-01,Sony FX6,Ariel,Location B - Public Market (Exterior),exterior,18.0,-56.3,99.1,0.95,31.8,OK,49.9,0,35,True,True
2026-08-29T11:23:30,263.5,CAM-02,Sony FX6,Marlon,Location B - Public Market (Exterior),exterior,32.0,-63.1,99.3,0.92,30.9,OK,37.8,15,167,True,True
2026-08-29T11:23:30,263.5,CAM-03,Sony FX3,Kiko,Location B - Public Market (Exterior),exterior,68.0,-67.0,98.6,0.61,30.4,DEGRADED,25.8,36,228,True,True
2026-08-29T11:23:30,263.5,CAM-04,Sony FX3,Dennis,Location B - Public Market (Exterior),exterior,45.0,-61.9,99.2,0.88,31.7,OK,41.5,7,140,True,True
2026-08-29T11:23:30,263.5,CAM-05,Blackmagic,Jorge,Location B - Public Market (Exterior),exterior,95.0,-64.9,98.6,0.79,31.3,OK,32.9,26,236,True,True
2026-08-29T11:24:00,264.0,CAM-01,Sony FX6,Ariel,Location B - Public Market (Exterior),exterior,18.0,-64.1,99.5,0.95,30.6,OK,35.7,2,232,True,True
2026-08-29T11:24:00,264.0,CAM-02,Sony FX6,Marlon,Location B - Public Market (Exterior),exterior,32.0,-60.2,99.4,0.92,30.5,OK,47.0,0,37,True,True
2026-08-29T11:24:00,264.0,CAM-03,Sony FX3,Kiko,Location B - Public Market (Exterior),exterior,68.0,-66.5,98.5,0.61,32.3,DEGRADED,28.2,6,303,True,True
2026-08-29T11:24:00,264.0,CAM-04,Sony FX3,Dennis,Location B - Public Market (Exterior),exterior,45.0,-63.7,99.0,0.88,31.3,OK,35.6,31,228,True,True
2026-08-29T11:24:00,264.0,CAM-05,Blackmagic,Jorge,Location B - Public Market (Exterior),exterior,95.0,-68.2,98.6,0.79,30.1,DEGRADED,22.0,7,245,True,True
2026-08-29T11:24:30,264.5,CAM-01,Sony FX6,Ariel,Location B - Public Market (Exterior),exterior,18.0,-59.0,98.6,0.95,31.1,OK,47.2,0,35,True,True
2026-08-29T11:24:30,264.5,CAM-02,Sony FX6,Marlon,Location B - Public Market (Exterior),exterior,32.0,-60.6,98.8,0.92,28.6,OK,45.7,3,45,True,True
2026-08-29T11:24:30,264.5,CAM-03,Sony FX3,Kiko,Location B - Public Market (Exterior),exterior,68.0,-66.3,97.6,0.61,30.6,DEGRADED,28.7,15,81,True,True
2026-08-29T11:24:30,264.5,CAM-04,Sony FX3,Dennis,Location B - Public Market (Exterior),exterior,45.0,-67.5,99.2,0.88,31.0,DEGRADED,23.7,47,455,True,True
2026-08-29T11:24:30,264.5,CAM-05,Blackmagic,Jorge,Location B - Public Market (Exterior),exterior,95.0,-71.0,99.1,0.79,31.9,DEGRADED,11.0,13,457,True,True
2026-08-29T11:25:00,265.0,CAM-01,Sony FX6,Ariel,Location B - Public Market (Exterior),exterior,18.0,-56.0,98.0,0.95,30.2,OK,46.0,0,35,True,True
2026-08-29T11:25:00,265.0,CAM-02,Sony FX6,Marlon,Location B - Public Market (Exterior),exterior,32.0,-62.0,99.5,0.92,30.8,OK,41.8,1,52,True,True
2026-08-29T11:25:00,265.0,CAM-03,Sony FX3,Kiko,Location B - Public Market (Exterior),exterior,68.0,-65.4,98.1,0.61,30.5,DEGRADED,29.6,19,197,True,True
2026-08-29T11:25:00,265.0,CAM-04,Sony FX3,Dennis,Location B - Public Market (Exterior),exterior,45.0,-61.8,97.9,0.88,30.7,OK,44.0,5,73,True,True
2026-08-29T11:25:00,265.0,CAM-05,Blackmagic,Jorge,Location B - Public Market (Exterior),exterior,95.0,-66.2,98.5,0.79,29.8,DEGRADED,30.2,39,301,True,True
2026-08-29T11:25:30,265.5,CAM-01,Sony FX6,Ariel,Location B - Public Market (Exterior),exterior,18.0,-54.5,98.5,0.95,30.4,OK,46.3,0,35,True,True
2026-08-29T11:25:30,265.5,CAM-02,Sony FX6,Marlon,Location B - Public Market (Exterior),exterior,32.0,-63.1,98.7,0.92,29.9,OK,37.9,7,93,True,True
2026-08-29T11:25:30,265.5,CAM-03,Sony FX3,Kiko,Location B - Public Market (Exterior),exterior,68.0,-66.6,98.3,0.61,30.3,DEGRADED,26.8,55,396,True,True
2026-08-29T11:25:30,265.5,CAM-04,Sony FX3,Dennis,Location B - Public Market (Exterior),exterior,45.0,-65.4,98.5,0.88,30.5,DEGRADED,33.4,26,181,True,True
2026-08-29T11:25:30,265.5,CAM-05,Blackmagic,Jorge,Location B - Public Market (Exterior),exterior,95.0,-68.9,98.9,0.79,30.3,DEGRADED,17.4,73,140,True,True
2026-08-29T11:26:00,266.0,CAM-01,Sony FX6,Ariel,Location B - Public Market (Exterior),exterior,18.0,-56.9,98.3,0.95,30.7,OK,46.7,0,35,True,True
2026-08-29T11:26:00,266.0,CAM-02,Sony FX6,Marlon,Location B - Public Market (Exterior),exterior,32.0,-60.3,98.1,0.92,31.6,OK,49.2,2,46,True,True
2026-08-29T11:26:00,266.0,CAM-03,Sony FX3,Kiko,Location B - Public Market (Exterior),exterior,68.0,-65.3,98.5,0.61,31.2,DEGRADED,30.2,32,203,True,True
2026-08-29T11:26:00,266.0,CAM-04,Sony FX3,Dennis,Location B - Public Market (Exterior),exterior,45.0,-63.4,99.0,0.88,30.9,OK,39.0,17,76,True,True
2026-08-29T11:26:00,266.0,CAM-05,Blackmagic,Jorge,Location B - Public Market (Exterior),exterior,95.0,-70.0,98.1,0.79,32.4,DEGRADED,15.4,91,76,True,True
2026-08-29T11:26:30,266.5,CAM-01,Sony FX6,Ariel,Location B - Public Market (Exterior),exterior,18.0,-55.2,99.4,0.95,31.8,OK,47.3,0,35,True,True
2026-08-29T11:26:30,266.5,CAM-02,Sony FX6,Marlon,Location B - Public Market (Exterior),exterior,32.0,-61.6,99.0,0.92,31.1,OK,43.3,6,129,True,True
2026-08-29T11:26:30,266.5,CAM-03,Sony FX3,Kiko,Location B - Public Market (Exterior),exterior,68.0,-68.4,97.4,0.61,30.7,DEGRADED,21.6,14,238,True,True
2026-08-29T11:26:30,266.5,CAM-04,Sony FX3,Dennis,Location B - Public Market (Exterior),exterior,45.0,-63.3,98.2,0.88,31.4,OK,36.4,16,97,True,True
2026-08-29T11:26:30,266.5,CAM-05,Blackmagic,Jorge,Location B - Public Market (Exterior),exterior,95.0,-67.6,97.3,0.79,30.8,DEGRADED,22.7,63,306,True,True
2026-08-29T11:27:00,267.0,CAM-01,Sony FX6,Ariel,Location B - Public Market (Exterior),exterior,18.0,-55.1,98.4,0.95,30.5,OK,47.1,0,35,True,True
2026-08-29T11:27:00,267.0,CAM-02,Sony FX6,Marlon,Location B - Public Market (Exterior),exterior,32.0,-63.2,98.0,0.92,30.9,OK,39.7,25,74,True,True
2026-08-29T11:27:00,267.0,CAM-03,Sony FX3,Kiko,Location B - Public Market (Exterior),exterior,68.0,-68.2,97.4,0.61,31.3,DEGRADED,24.4,63,161,True,True
2026-08-29T11:27:00,267.0,CAM-04,Sony FX3,Dennis,Location B - Public Market (Exterior),exterior,45.0,-67.6,97.6,0.88,32.1,DEGRADED,25.0,69,180,True,True
2026-08-29T11:27:00,267.0,CAM-05,Blackmagic,Jorge,Location B - Public Market (Exterior),exterior,95.0,-69.7,98.1,0.79,31.3,DEGRADED,16.1,41,163,True,True
2026-08-29T11:27:30,267.5,CAM-01,Sony FX6,Ariel,Location B - Public Market (Exterior),exterior,18.0,-56.4,98.5,0.95,31.5,OK,48.7,0,35,True,True
2026-08-29T11:27:30,267.5,CAM-02,Sony FX6,Marlon,Location B - Public Market (Exterior),exterior,32.0,-62.9,98.0,0.92,31.1,OK,39.4,2,162,True,True
2026-08-29T11:27:30,267.5,CAM-03,Sony FX3,Kiko,Location B - Public Market (Exterior),exterior,68.0,-69.7,97.5,0.61,30.2,DEGRADED,18.3,34,367,True,True
2026-08-29T11:27:30,267.5,CAM-04,Sony FX3,Dennis,Location B - Public Market (Exterior),exterior,45.0,-64.1,98.9,0.88,29.6,OK,35.0,20,125,True,True
2026-08-29T11:27:30,267.5,CAM-05,Blackmagic,Jorge,Location B - Public Market (Exterior),exterior,95.0,-71.7,97.9,0.79,31.6,DEGRADED,8.8,40,542,True,True
2026-08-29T11:28:00,268.0,CAM-01,Sony FX6,Ariel,Location B - Public Market (Exterior),exterior,18.0,-59.9,97.8,0.95,30.0,OK,49.8,0,35,True,True
2026-08-29T11:28:00,268.0,CAM-02,Sony FX6,Marlon,Location B - Public Market (Exterior),exterior,32.0,-62.5,98.3,0.92,30.9,OK,41.1,14,110,True,True
2026-08-29T11:28:00,268.0,CAM-03,Sony FX3,Kiko,Location B - Public Market (Exterior),exterior,68.0,-61.3,97.3,0.61,31.0,OK,46.2,5,98,True,True
2026-08-29T11:28:00,268.0,CAM-04,Sony FX3,Dennis,Location B - Public Market (Exterior),exterior,45.0,-65.0,98.2,0.88,30.3,OK,33.2,33,309,True,True
2026-08-29T11:28:00,268.0,CAM-05,Blackmagic,Jorge,Location B - Public Market (Exterior),exterior,95.0,-67.3,97.9,0.79,31.1,DEGRADED,26.1,67,259,True,True
2026-08-29T11:28:30,268.5,CAM-01,Sony FX6,Ariel,Location B - Public Market (Exterior),exterior,18.0,-55.0,98.7,0.95,30.3,OK,46.4,0,35,True,True
2026-08-29T11:28:30,268.5,CAM-02,Sony FX6,Marlon,Location B - Public Market (Exterior),exterior,32.0,-59.0,97.9,0.92,31.0,OK,47.4,0,35,True,True
2026-08-29T11:28:30,268.5,CAM-03,Sony FX3,Kiko,Location B - Public Market (Exterior),exterior,68.0,-66.6,96.8,0.61,32.6,DEGRADED,28.5,27,169,True,True
2026-08-29T11:28:30,268.5,CAM-04,Sony FX3,Dennis,Location B - Public Market (Exterior),exterior,45.0,-62.4,97.6,0.88,31.5,OK,39.8,6,114,True,True
2026-08-29T11:28:30,268.5,CAM-05,Blackmagic,Jorge,Location B - Public Market (Exterior),exterior,95.0,-68.6,97.8,0.79,32.1,DEGRADED,21.2,62,528,True,True
2026-08-29T11:29:00,269.0,CAM-01,Sony FX6,Ariel,Location B - Public Market (Exterior),exterior,18.0,-55.8,97.8,0.95,29.2,OK,46.9,0,35,True,True
2026-08-29T11:29:00,269.0,CAM-02,Sony FX6,Marlon,Location B - Public Market (Exterior),exterior,32.0,-60.6,97.6,0.92,30.9,OK,45.5,0,64,True,True
2026-08-29T11:29:00,269.0,CAM-03,Sony FX3,Kiko,Location B - Public Market (Exterior),exterior,68.0,-65.9,96.9,0.61,29.7,DEGRADED,29.7,39,109,True,True
2026-08-29T11:29:00,269.0,CAM-04,Sony FX3,Dennis,Location B - Public Market (Exterior),exterior,45.0,-62.0,97.6,0.88,32.6,OK,41.8,14,100,True,True
2026-08-29T11:29:00,269.0,CAM-05,Blackmagic,Jorge,Location B - Public Market (Exterior),exterior,95.0,-66.1,97.6,0.79,31.4,DEGRADED,28.8,2,112,True,True
2026-08-29T11:29:30,269.5,CAM-01,Sony FX6,Ariel,Location B - Public Market (Exterior),exterior,18.0,-54.2,98.4,0.95,31.5,OK,46.3,0,35,True,True
2026-08-29T11:29:30,269.5,CAM-02,Sony FX6,Marlon,Location B - Public Market (Exterior),exterior,32.0,-60.6,97.9,0.92,31.0,OK,48.2,4,39,True,True
2026-08-29T11:29:30,269.5,CAM-03,Sony FX3,Kiko,Location B - Public Market (Exterior),exterior,68.0,-66.4,96.6,0.61,29.6,DEGRADED,28.2,40,202,True,True
2026-08-29T11:29:30,269.5,CAM-04,Sony FX3,Dennis,Location B - Public Market (Exterior),exterior,45.0,-65.6,97.5,0.88,29.0,DEGRADED,29.5,49,168,True,True
2026-08-29T11:29:30,269.5,CAM-05,Blackmagic,Jorge,Location B - Public Market (Exterior),exterior,95.0,-71.4,97.0,0.79,31.0,DEGRADED,9.0,55,340,True,True
2026-08-29T11:30:00,270.0,CAM-01,Sony FX6,Ariel,Location B - Public Market (Exterior),exterior,18.0,-59.7,97.7,0.95,31.2,OK,47.0,0,35,True,True
2026-08-29T11:30:00,270.0,CAM-02,Sony FX6,Marlon,Location B - Public Market (Exterior),exterior,32.0,-62.0,98.1,0.92,30.3,OK,42.4,6,78,True,True
2026-08-29T11:30:00,270.0,CAM-03,Sony FX3,Kiko,Location B - Public Market (Exterior),exterior,68.0,-66.2,96.5,0.61,30.0,DEGRADED,29.0,8,360,True,True
2026-08-29T11:30:00,270.0,CAM-04,Sony FX3,Dennis,Location B - Public Market (Exterior),exterior,45.0,-62.6,96.9,0.88,30.6,OK,38.7,5,47,True,True
2026-08-29T11:30:00,270.0,CAM-05,Blackmagic,Jorge,Location B - Public Market (Exterior),exterior,95.0,-68.3,97.6,0.79,30.1,DEGRADED,21.6,36,478,True,True
2026-08-29T11:30:30,270.5,CAM-01,Sony FX6,Ariel,Location B - Public Market (Exterior),exterior,18.0,-59.3,97.7,0.95,32.8,OK,49.2,0,35,True,True
2026-08-29T11:30:30,270.5,CAM-02,Sony FX6,Marlon,Location B - Public Market (Exterior),exterior,32.0,-61.3,97.6,0.92,30.2,OK,44.2,7,71,True,True
2026-08-29T11:30:30,270.5,CAM-03,Sony FX3,Kiko,Location B - Public Market (Exterior),exterior,68.0,-68.0,96.0,0.61,30.1,DEGRADED,22.3,69,456,True,True
2026-08-29T11:30:30,270.5,CAM-04,Sony FX3,Dennis,Location B - Public Market (Exterior),exterior,45.0,-65.5,97.4,0.88,31.6,DEGRADED,33.6,8,362,True,True
2026-08-29T11:30:30,270.5,CAM-05,Blackmagic,Jorge,Location B - Public Market (Exterior),exterior,95.0,-66.6,97.6,0.79,31.0,DEGRADED,27.2,13,253,True,True
2026-08-29T11:31:00,271.0,CAM-01,Sony FX6,Ariel,Location B - Public Market (Exterior),exterior,18.0,-54.9,97.5,0.95,31.3,OK,46.4,0,35,True,True
2026-08-29T11:31:00,271.0,CAM-02,Sony FX6,Marlon,Location B - Public Market (Exterior),exterior,32.0,-58.6,97.5,0.92,31.6,OK,49.1,0,35,True,True
2026-08-29T11:31:00,271.0,CAM-03,Sony FX3,Kiko,Location B - Public Market (Exterior),exterior,68.0,-62.6,96.2,0.61,30.9,OK,37.8,1,186,True,True
2026-08-29T11:31:00,271.0,CAM-04,Sony FX3,Dennis,Location B - Public Market (Exterior),exterior,45.0,-61.5,97.1,0.88,30.5,OK,41.8,10,63,True,True
2026-08-29T11:31:00,271.0,CAM-05,Blackmagic,Jorge,Location B - Public Market (Exterior),exterior,95.0,-65.6,97.6,0.79,31.7,DEGRADED,30.9,20,70,True,True
2026-08-29T11:31:30,271.5,CAM-01,Sony FX6,Ariel,Location B - Public Market (Exterior),exterior,18.0,-58.9,98.3,0.95,31.4,OK,49.8,0,35,True,True
2026-08-29T11:31:30,271.5,CAM-02,Sony FX6,Marlon,Location B - Public Market (Exterior),exterior,32.0,-59.5,97.7,0.92,30.9,OK,51.3,0,35,True,True
2026-08-29T11:31:30,271.5,CAM-03,Sony FX3,Kiko,Location B - Public Market (Exterior),exterior,68.0,-65.3,95.6,0.61,30.7,DEGRADED,31.1,23,347,True,True
2026-08-29T11:31:30,271.5,CAM-04,Sony FX3,Dennis,Location B - Public Market (Exterior),exterior,45.0,-61.2,96.9,0.88,31.8,OK,45.0,10,81,True,True
2026-08-29T11:31:30,271.5,CAM-05,Blackmagic,Jorge,Location B - Public Market (Exterior),exterior,95.0,-64.4,96.7,0.79,31.6,OK,33.6,22,271,True,True
2026-08-29T11:32:00,272.0,CAM-01,Sony FX6,Ariel,Location B - Public Market (Exterior),exterior,18.0,-56.3,96.9,0.95,30.5,OK,46.4,0,35,True,True
2026-08-29T11:32:00,272.0,CAM-02,Sony FX6,Marlon,Location B - Public Market (Exterior),exterior,32.0,-63.9,96.8,0.92,31.5,OK,33.1,8,228,True,True
2026-08-29T11:32:00,272.0,CAM-03,Sony FX3,Kiko,Location B - Public Market (Exterior),exterior,68.0,-68.0,95.8,0.61,31.6,DEGRADED,21.9,72,511,True,True
2026-08-29T11:32:00,272.0,CAM-04,Sony FX3,Dennis,Location B - Public Market (Exterior),exterior,45.0,-60.7,97.2,0.88,31.2,OK,44.7,5,59,True,True
2026-08-29T11:32:00,272.0,CAM-05,Blackmagic,Jorge,Location B - Public Market (Exterior),exterior,95.0,-67.8,96.4,0.79,31.9,DEGRADED,22.6,11,109,True,True
2026-08-29T11:32:30,272.5,CAM-01,Sony FX6,Ariel,Location B - Public Market (Exterior),exterior,18.0,-59.1,97.0,0.95,31.0,OK,46.4,0,35,True,True
2026-08-29T11:32:30,272.5,CAM-02,Sony FX6,Marlon,Location B - Public Market (Exterior),exterior,32.0,-59.8,97.4,0.92,31.3,OK,47.8,0,35,True,True
2026-08-29T11:32:30,272.5,CAM-03,Sony FX3,Kiko,Location B - Public Market (Exterior),exterior,68.0,-70.1,95.8,0.61,31.5,DEGRADED,17.1,2,605,True,True
2026-08-29T11:32:30,272.5,CAM-04,Sony FX3,Dennis,Location B - Public Market (Exterior),exterior,45.0,-62.3,97.1,0.88,31.7,OK,39.4,20,119,True,True
2026-08-29T11:32:30,272.5,CAM-05,Blackmagic,Jorge,Location B - Public Market (Exterior),exterior,95.0,-72.2,97.0,0.79,30.8,CRITICAL,11.0,18,192,True,True
2026-08-29T11:33:00,273.0,CAM-01,Sony FX6,Ariel,Location B - Public Market (Exterior),exterior,18.0,-58.1,97.3,0.95,31.3,OK,48.3,0,35,True,True
2026-08-29T11:33:00,273.0,CAM-02,Sony FX6,Marlon,Location B - Public Market (Exterior),exterior,32.0,-63.6,96.8,0.92,32.8,OK,38.7,27,180,True,True
2026-08-29T11:33:00,273.0,CAM-03,Sony FX3,Kiko,Location B - Public Market (Exterior),exterior,68.0,-66.2,95.3,0.61,31.2,DEGRADED,28.9,56,187,True,True
2026-08-29T11:33:00,273.0,CAM-04,Sony FX3,Dennis,Location B - Public Market (Exterior),exterior,45.0,-65.1,96.1,0.88,30.3,OK,33.2,1,310,True,True
2026-08-29T11:33:00,273.0,CAM-05,Blackmagic,Jorge,Location B - Public Market (Exterior),exterior,95.0,-69.0,96.5,0.79,28.9,DEGRADED,17.0,51,485,True,True
2026-08-29T11:33:30,273.5,CAM-01,Sony FX6,Ariel,Location B - Public Market (Exterior),exterior,18.0,-56.6,97.1,0.95,29.0,OK,51.0,0,35,True,True
2026-08-29T11:33:30,273.5,CAM-02,Sony FX6,Marlon,Location B - Public Market (Exterior),exterior,32.0,-63.1,96.4,0.92,31.3,OK,37.0,1,152,True,True
2026-08-29T11:33:30,273.5,CAM-03,Sony FX3,Kiko,Location B - Public Market (Exterior),exterior,68.0,-66.6,95.7,0.61,30.9,DEGRADED,26.2,37,316,True,True
2026-08-29T11:33:30,273.5,CAM-04,Sony FX3,Dennis,Location B - Public Market (Exterior),exterior,45.0,-59.3,96.8,0.88,30.4,OK,46.0,0,35,True,True
2026-08-29T11:33:30,273.5,CAM-05,Blackmagic,Jorge,Location B - Public Market (Exterior),exterior,95.0,-70.5,96.2,0.79,30.8,DEGRADED,12.9,79,215,True,True
2026-08-29T11:34:00,274.0,CAM-01,Sony FX6,Ariel,Location B - Public Market (Exterior),exterior,18.0,-55.2,96.7,0.95,30.7,OK,49.0,0,35,True,True
2026-08-29T11:34:00,274.0,CAM-02,Sony FX6,Marlon,Location B - Public Market (Exterior),exterior,32.0,-58.5,96.9,0.92,31.3,OK,48.5,0,35,True,True
2026-08-29T11:34:00,274.0,CAM-03,Sony FX3,Kiko,Location B - Public Market (Exterior),exterior,68.0,-63.0,95.3,0.61,30.6,OK,36.6,20,120,True,True
2026-08-29T11:34:00,274.0,CAM-04,Sony FX3,Dennis,Location B - Public Market (Exterior),exterior,45.0,-61.2,96.9,0.88,31.9,OK,43.5,6,102,True,True
2026-08-29T11:34:00,274.0,CAM-05,Blackmagic,Jorge,Location B - Public Market (Exterior),exterior,95.0,-68.1,96.5,0.79,31.5,DEGRADED,22.3,14,97,True,True
2026-08-29T11:34:30,274.5,CAM-01,Sony FX6,Ariel,Location B - Public Market (Exterior),exterior,18.0,-52.9,96.8,0.95,31.0,OK,49.0,0,35,True,True
2026-08-29T11:34:30,274.5,CAM-02,Sony FX6,Marlon,Location B - Public Market (Exterior),exterior,32.0,-63.9,96.9,0.92,30.8,OK,36.2,11,261,True,True
2026-08-29T11:34:30,274.5,CAM-03,Sony FX3,Kiko,Location B - Public Market (Exterior),exterior,68.0,-68.0,94.9,0.61,31.9,DEGRADED,21.4,52,70,True,True
2026-08-29T11:34:30,274.5,CAM-04,Sony FX3,Dennis,Location B - Public Market (Exterior),exterior,45.0,-62.4,95.4,0.88,30.2,OK,41.2,22,64,True,True
2026-08-29T11:34:30,274.5,CAM-05,Blackmagic,Jorge,Location B - Public Market (Exterior),exterior,95.0,-67.5,95.8,0.79,29.4,DEGRADED,21.7,63,367,True,True
2026-08-29T11:35:00,275.0,CAM-01,Sony FX6,Ariel,Location B - Public Market (Exterior),exterior,18.0,-60.4,96.9,0.95,30.1,OK,45.0,2,44,True,True
2026-08-29T11:35:00,275.0,CAM-02,Sony FX6,Marlon,Location B - Public Market (Exterior),exterior,32.0,-58.6,96.4,0.92,31.4,OK,46.4,0,35,True,True
2026-08-29T11:35:00,275.0,CAM-03,Sony FX3,Kiko,Location B - Public Market (Exterior),exterior,68.0,-68.3,94.0,0.61,30.0,DEGRADED,21.4,68,530,True,True
2026-08-29T11:35:00,275.0,CAM-04,Sony FX3,Dennis,Location B - Public Market (Exterior),exterior,45.0,-65.8,95.9,0.88,29.2,DEGRADED,30.9,43,205,True,True
2026-08-29T11:35:00,275.0,CAM-05,Blackmagic,Jorge,Location B - Public Market (Exterior),exterior,95.0,-69.2,95.3,0.79,29.7,DEGRADED,18.0,3,243,True,True
2026-08-29T11:35:30,275.5,CAM-01,Sony FX6,Ariel,Location B - Public Market (Exterior),exterior,18.0,-59.7,96.7,0.95,31.2,OK,46.4,0,35,True,True
2026-08-29T11:35:30,275.5,CAM-02,Sony FX6,Marlon,Location B - Public Market (Exterior),exterior,32.0,-58.5,96.0,0.92,31.1,OK,49.3,0,35,True,True
2026-08-29T11:35:30,275.5,CAM-03,Sony FX3,Kiko,Location B - Public Market (Exterior),exterior,68.0,-67.3,95.0,0.61,31.6,DEGRADED,24.9,61,168,True,True
2026-08-29T11:35:30,275.5,CAM-04,Sony FX3,Dennis,Location B - Public Market (Exterior),exterior,45.0,-63.7,96.6,0.88,32.9,OK,37.1,15,132,True,True
2026-08-29T11:35:30,275.5,CAM-05,Blackmagic,Jorge,Location B - Public Market (Exterior),exterior,95.0,-73.7,96.1,0.79,31.2,CRITICAL,3.0,104,509,True,True
2026-08-29T11:36:00,276.0,CAM-01,Sony FX6,Ariel,Location B - Public Market (Exterior),exterior,18.0,-59.4,96.5,0.95,32.4,OK,47.2,0,35,True,True
2026-08-29T11:36:00,276.0,CAM-02,Sony FX6,Marlon,Location B - Public Market (Exterior),exterior,32.0,-61.7,96.1,0.92,31.6,OK,42.5,10,69,True,True
2026-08-29T11:36:00,276.0,CAM-03,Sony FX3,Kiko,Location B - Public Market (Exterior),exterior,68.0,-65.2,94.4,0.61,32.0,OK,31.2,15,214,True,True
2026-08-29T11:36:00,276.0,CAM-04,Sony FX3,Dennis,Location B - Public Market (Exterior),exterior,45.0,-62.5,96.6,0.88,32.0,OK,41.0,22,47,True,True
2026-08-29T11:36:00,276.0,CAM-05,Blackmagic,Jorge,Location B - Public Market (Exterior),exterior,95.0,-66.2,96.0,0.79,30.9,DEGRADED,30.4,38,204,True,True
2026-08-29T11:36:30,276.5,CAM-01,Sony FX6,Ariel,Location B - Public Market (Exterior),exterior,18.0,-55.9,96.0,0.95,31.2,OK,48.6,0,35,True,True
2026-08-29T11:36:30,276.5,CAM-02,Sony FX6,Marlon,Location B - Public Market (Exterior),exterior,32.0,-63.8,95.9,0.92,33.1,OK,37.6,30,231,True,True
2026-08-29T11:36:30,276.5,CAM-03,Sony FX3,Kiko,Location B - Public Market (Exterior),exterior,68.0,-64.7,94.1,0.61,31.3,OK,30.3,41,307,True,True
2026-08-29T11:36:30,276.5,CAM-04,Sony FX3,Dennis,Location B - Public Market (Exterior),exterior,45.0,-61.7,96.2,0.88,32.0,OK,44.3,12,86,True,True
2026-08-29T11:36:30,276.5,CAM-05,Blackmagic,Jorge,Location B - Public Market (Exterior),exterior,95.0,-66.3,95.8,0.79,30.9,DEGRADED,28.5,46,184,True,True
2026-08-29T11:37:00,277.0,CAM-01,Sony FX6,Ariel,Location B - Public Market (Exterior),exterior,18.0,-58.2,96.2,0.95,32.2,OK,47.2,0,35,True,True
2026-08-29T11:37:00,277.0,CAM-02,Sony FX6,Marlon,Location B - Public Market (Exterior),exterior,32.0,-57.4,95.8,0.92,31.5,OK,48.0,0,35,True,True
2026-08-29T11:37:00,277.0,CAM-03,Sony FX3,Kiko,Location B - Public Market (Exterior),exterior,68.0,-66.9,93.6,0.61,32.3,DEGRADED,25.8,22,194,True,True
2026-08-29T11:37:00,277.0,CAM-04,Sony FX3,Dennis,Location B - Public Market (Exterior),exterior,45.0,-66.3,96.2,0.88,31.8,DEGRADED,28.9,47,135,True,True
2026-08-29T11:37:00,277.0,CAM-05,Blackmagic,Jorge,Location B - Public Market (Exterior),exterior,95.0,-67.5,95.8,0.79,31.2,DEGRADED,21.5,4,482,True,True
2026-08-29T11:37:30,277.5,CAM-01,Sony FX6,Ariel,Location B - Public Market (Exterior),exterior,18.0,-56.7,96.5,0.95,31.8,OK,47.1,0,35,True,True
2026-08-29T11:37:30,277.5,CAM-02,Sony FX6,Marlon,Location B - Public Market (Exterior),exterior,32.0,-62.0,95.6,0.92,31.8,OK,42.0,0,82,True,True
2026-08-29T11:37:30,277.5,CAM-03,Sony FX3,Kiko,Location B - Public Market (Exterior),exterior,68.0,-61.2,93.6,0.61,30.5,OK,42.9,9,104,True,True
2026-08-29T11:37:30,277.5,CAM-04,Sony FX3,Dennis,Location B - Public Market (Exterior),exterior,45.0,-62.9,95.5,0.88,31.6,OK,37.0,15,65,True,True
2026-08-29T11:37:30,277.5,CAM-05,Blackmagic,Jorge,Location B - Public Market (Exterior),exterior,95.0,-67.0,95.5,0.79,32.3,DEGRADED,25.5,22,307,True,True
2026-08-29T11:38:00,278.0,CAM-01,Sony FX6,Ariel,Location B - Public Market (Exterior),exterior,18.0,-53.0,96.0,0.95,30.7,OK,49.2,0,35,True,True
2026-08-29T11:38:00,278.0,CAM-02,Sony FX6,Marlon,Location B - Public Market (Exterior),exterior,32.0,-60.7,95.6,0.92,30.4,OK,49.4,0,47,True,True
2026-08-29T11:38:00,278.0,CAM-03,Sony FX3,Kiko,Location B - Public Market (Exterior),exterior,68.0,-67.3,93.7,0.61,30.6,DEGRADED,25.9,5,281,True,True
2026-08-29T11:38:00,278.0,CAM-04,Sony FX3,Dennis,Location B - Public Market (Exterior),exterior,45.0,-61.8,95.7,0.88,30.9,OK,42.5,16,75,True,True
2026-08-29T11:38:00,278.0,CAM-05,Blackmagic,Jorge,Location B - Public Market (Exterior),exterior,95.0,-69.7,94.2,0.79,32.0,DEGRADED,16.1,77,270,True,True
2026-08-29T11:38:30,278.5,CAM-01,Sony FX6,Ariel,Location B - Public Market (Exterior),exterior,18.0,-55.7,95.9,0.95,30.2,OK,50.7,0,35,True,True
2026-08-29T11:38:30,278.5,CAM-02,Sony FX6,Marlon,Location B - Public Market (Exterior),exterior,32.0,-60.6,95.3,0.92,30.7,OK,48.9,3,55,True,True
2026-08-29T11:38:30,278.5,CAM-03,Sony FX3,Kiko,Location B - Public Market (Exterior),exterior,68.0,-63.8,92.8,0.61,30.0,OK,35.2,24,113,True,True
2026-08-29T11:38:30,278.5,CAM-04,Sony FX3,Dennis,Location B - Public Market (Exterior),exterior,45.0,-65.2,95.3,0.88,32.1,OK,29.8,1,323,True,True
2026-08-29T11:38:30,278.5,CAM-05,Blackmagic,Jorge,Location B - Public Market (Exterior),exterior,95.0,-71.5,95.1,0.79,31.0,DEGRADED,11.7,7,692,True,True
2026-08-29T11:39:00,279.0,CAM-01,Sony FX6,Ariel,Location B - Public Market (Exterior),exterior,18.0,-58.0,95.5,0.95,30.1,OK,48.2,0,35,True,True
2026-08-29T11:39:00,279.0,CAM-02,Sony FX6,Marlon,Location B - Public Market (Exterior),exterior,32.0,-61.4,96.0,0.92,29.7,OK,42.5,1,53,True,True
2026-08-29T11:39:00,279.0,CAM-03,Sony FX3,Kiko,Location B - Public Market (Exterior),exterior,68.0,-68.1,92.7,0.61,31.8,DEGRADED,20.5,1,166,True,True
2026-08-29T11:39:00,279.0,CAM-04,Sony FX3,Dennis,Location B - Public Market (Exterior),exterior,45.0,-63.8,95.0,0.88,32.5,OK,35.0,18,260,True,True
2026-08-29T11:39:00,279.0,CAM-05,Blackmagic,Jorge,Location B - Public Market (Exterior),exterior,95.0,-66.0,94.7,0.79,30.8,DEGRADED,31.4,43,122,True,True
2026-08-29T11:39:30,279.5,CAM-01,Sony FX6,Ariel,Location B - Public Market (Exterior),exterior,18.0,-57.9,95.4,0.95,31.3,OK,50.2,0,35,True,True
2026-08-29T11:39:30,279.5,CAM-02,Sony FX6,Marlon,Location B - Public Market (Exterior),exterior,32.0,-62.4,95.7,0.92,29.5,OK,38.5,6,78,True,True
2026-08-29T11:39:30,279.5,CAM-03,Sony FX3,Kiko,Location B - Public Market (Exterior),exterior,68.0,-65.7,92.8,0.61,30.0,DEGRADED,30.8,26,369,True,True
2026-08-29T11:39:30,279.5,CAM-04,Sony FX3,Dennis,Location B - Public Market (Exterior),exterior,45.0,-64.7,95.3,0.88,31.0,OK,33.7,8,222,True,True
2026-08-29T11:39:30,279.5,CAM-05,Blackmagic,Jorge,Location B - Public Market (Exterior),exterior,95.0,-66.3,95.0,0.79,31.2,DEGRADED,28.2,58,322,True,True
2026-08-29T11:40:00,280.0,CAM-01,Sony FX6,Ariel,Location B - Public Market (Exterior),exterior,18.0,-57.5,94.8,0.95,31.4,OK,48.8,0,35,True,True
2026-08-29T11:40:00,280.0,CAM-02,Sony FX6,Marlon,Location B - Public Market (Exterior),exterior,32.0,-63.1,94.7,0.92,31.1,OK,37.9,3,83,True,True
2026-08-29T11:40:00,280.0,CAM-03,Sony FX3,Kiko,Location B - Public Market (Exterior),exterior,68.0,-64.2,93.3,0.61,31.4,OK,31.6,12,148,True,True
2026-08-29T11:40:00,280.0,CAM-04,Sony FX3,Dennis,Location B - Public Market (Exterior),exterior,45.0,-65.3,94.5,0.88,30.5,DEGRADED,31.4,31,117,True,True
2026-08-29T11:40:00,280.0,CAM-05,Blackmagic,Jorge,Location B - Public Market (Exterior),exterior,95.0,-71.4,95.1,0.79,31.7,DEGRADED,9.8,52,686,True,True
2026-08-29T11:40:30,280.5,CAM-01,Sony FX6,Ariel,Location B - Public Market (Exterior),exterior,18.0,-58.7,95.4,0.95,30.6,OK,48.4,0,35,True,True
2026-08-29T11:40:30,280.5,CAM-02,Sony FX6,Marlon,Location B - Public Market (Exterior),exterior,32.0,-61.1,94.6,0.92,31.1,OK,45.2,2,56,True,True
2026-08-29T11:40:30,280.5,CAM-03,Sony FX3,Kiko,Location B - Public Market (Exterior),exterior,68.0,-64.7,93.2,0.61,29.7,OK,33.4,2,173,True,True
2026-08-29T11:40:30,280.5,CAM-04,Sony FX3,Dennis,Location B - Public Market (Exterior),exterior,45.0,-64.0,95.1,0.88,31.5,OK,38.1,31,266,True,True
2026-08-29T11:40:30,280.5,CAM-05,Blackmagic,Jorge,Location B - Public Market (Exterior),exterior,95.0,-69.0,94.7,0.79,30.6,DEGRADED,19.5,65,396,True,True
2026-08-29T11:41:00,281.0,CAM-01,Sony FX6,Ariel,Location B - Public Market (Exterior),exterior,18.0,-62.0,95.9,0.95,29.9,OK,40.9,2,72,True,True
2026-08-29T11:41:00,281.0,CAM-02,Sony FX6,Marlon,Location B - Public Market (Exterior),exterior,32.0,-62.3,95.2,0.92,32.3,OK,42.4,11,84,True,True
2026-08-29T11:41:00,281.0,CAM-03,Sony FX3,Kiko,Location B - Public Market (Exterior),exterior,68.0,-67.0,92.5,0.61,31.4,DEGRADED,25.4,58,161,True,True
2026-08-29T11:41:00,281.0,CAM-04,Sony FX3,Dennis,Location B - Public Market (Exterior),exterior,45.0,-63.3,95.8,0.88,32.4,OK,36.2,17,219,True,True
2026-08-29T11:41:00,281.0,CAM-05,Blackmagic,Jorge,Location B - Public Market (Exterior),exterior,95.0,-66.0,93.9,0.79,31.1,DEGRADED,28.8,53,168,True,True
2026-08-29T11:41:30,281.5,CAM-01,Sony FX6,Ariel,Location B - Public Market (Exterior),exterior,18.0,-58.2,94.5,0.95,31.0,OK,48.0,0,35,True,True
2026-08-29T11:41:30,281.5,CAM-02,Sony FX6,Marlon,Location B - Public Market (Exterior),exterior,32.0,-62.4,95.5,0.92,31.0,OK,43.0,13,129,True,True
2026-08-29T11:41:30,281.5,CAM-03,Sony FX3,Kiko,Location B - Public Market (Exterior),exterior,68.0,-69.1,91.4,0.61,30.3,DEGRADED,18.3,32,389,True,True
2026-08-29T11:41:30,281.5,CAM-04,Sony FX3,Dennis,Location B - Public Market (Exterior),exterior,45.0,-62.0,94.4,0.88,31.5,OK,40.5,14,102,True,True
2026-08-29T11:41:30,281.5,CAM-05,Blackmagic,Jorge,Location B - Public Market (Exterior),exterior,95.0,-71.0,94.0,0.79,29.9,DEGRADED,11.9,10,630,True,True
2026-08-29T11:42:00,282.0,CAM-01,Sony FX6,Ariel,Location B - Public Market (Exterior),exterior,18.0,-56.6,95.7,0.95,31.2,OK,49.5,0,35,True,True
2026-08-29T11:42:00,282.0,CAM-02,Sony FX6,Marlon,Location B - Public Market (Exterior),exterior,32.0,-63.6,93.7,0.92,30.6,OK,36.8,24,93,True,True
2026-08-29T11:42:00,282.0,CAM-03,Sony FX3,Kiko,Location B - Public Market (Exterior),exterior,68.0,-65.0,92.2,0.61,31.7,OK,31.2,46,235,True,True
2026-08-29T11:42:00,282.0,CAM-04,Sony FX3,Dennis,Location B - Public Market (Exterior),exterior,45.0,-59.9,94.0,0.88,32.5,OK,49.9,0,35,True,True
2026-08-29T11:42:00,282.0,CAM-05,Blackmagic,Jorge,Location B - Public Market (Exterior),exterior,95.0,-68.7,94.4,0.79,31.0,DEGRADED,16.6,19,301,True,True
2026-08-29T11:42:30,282.5,CAM-01,Sony FX6,Ariel,Location B - Public Market (Exterior),exterior,18.0,-57.3,95.0,0.95,31.1,OK,45.6,0,35,True,True
2026-08-29T11:42:30,282.5,CAM-02,Sony FX6,Marlon,Location B - Public Market (Exterior),exterior,32.0,-57.2,94.6,0.92,31.3,OK,47.6,0,35,True,True
2026-08-29T11:42:30,282.5,CAM-03,Sony FX3,Kiko,Location B - Public Market (Exterior),exterior,68.0,-66.4,91.9,0.61,30.4,DEGRADED,24.2,44,259,True,True
2026-08-29T11:42:30,282.5,CAM-04,Sony FX3,Dennis,Location B - Public Market (Exterior),exterior,45.0,-61.6,94.9,0.88,32.0,OK,42.6,9,58,True,True
2026-08-29T11:42:30,282.5,CAM-05,Blackmagic,Jorge,Location B - Public Market (Exterior),exterior,95.0,-68.0,93.5,0.79,31.5,DEGRADED,22.7,61,155,True,True
2026-08-29T11:43:00,283.0,CAM-01,Sony FX6,Ariel,Location B - Public Market (Exterior),exterior,18.0,-57.3,94.8,0.95,29.9,OK,48.7,0,35,True,True
2026-08-29T11:43:00,283.0,CAM-02,Sony FX6,Marlon,Location B - Public Market (Exterior),exterior,32.0,-61.5,94.1,0.92,31.1,OK,40.7,11,77,True,True
2026-08-29T11:43:00,283.0,CAM-03,Sony FX3,Kiko,Location B - Public Market (Exterior),exterior,68.0,-67.9,91.0,0.61,31.4,DEGRADED,23.9,12,82,True,True
2026-08-29T11:43:00,283.0,CAM-04,Sony FX3,Dennis,Location B - Public Market (Exterior),exterior,45.0,-61.6,94.9,0.88,30.7,OK,43.2,2,47,True,True
2026-08-29T11:43:00,283.0,CAM-05,Blackmagic,Jorge,Location B - Public Market (Exterior),exterior,95.0,-70.7,93.8,0.79,30.9,DEGRADED,12.9,71,505,True,True
2026-08-29T11:43:30,283.5,CAM-01,Sony FX6,Ariel,Location B - Public Market (Exterior),exterior,18.0,-55.1,94.2,0.95,31.9,OK,46.8,0,35,True,True
2026-08-29T11:43:30,283.5,CAM-02,Sony FX6,Marlon,Location B - Public Market (Exterior),exterior,32.0,-62.3,94.8,0.92,31.5,OK,38.9,14,71,True,True
2026-08-29T11:43:30,283.5,CAM-03,Sony FX3,Kiko,Location B - Public Market (Exterior),exterior,68.0,-67.6,91.6,0.61,31.4,DEGRADED,22.3,22,323,True,True
2026-08-29T11:43:30,283.5,CAM-04,Sony FX3,Dennis,Location B - Public Market (Exterior),exterior,45.0,-60.0,93.8,0.88,31.3,OK,47.1,0,35,True,True
2026-08-29T11:43:30,283.5,CAM-05,Blackmagic,Jorge,Location B - Public Market (Exterior),exterior,95.0,-69.6,93.5,0.79,29.8,DEGRADED,16.0,11,102,True,True
2026-08-29T11:44:00,284.0,CAM-01,Sony FX6,Ariel,Location B - Public Market (Exterior),exterior,18.0,-57.3,93.9,0.95,31.6,OK,46.5,0,35,True,True
2026-08-29T11:44:00,284.0,CAM-02,Sony FX6,Marlon,Location B - Public Market (Exterior),exterior,32.0,-62.1,93.5,0.92,31.5,OK,41.6,17,137,True,True
2026-08-29T11:44:00,284.0,CAM-03,Sony FX3,Kiko,Location B - Public Market (Exterior),exterior,68.0,-66.3,91.5,0.61,31.6,DEGRADED,26.4,4,250,True,True
2026-08-29T11:44:00,284.0,CAM-04,Sony FX3,Dennis,Location B - Public Market (Exterior),exterior,45.0,-61.2,94.2,0.88,31.5,OK,44.8,6,95,True,True
2026-08-29T11:44:00,284.0,CAM-05,Blackmagic,Jorge,Location B - Public Market (Exterior),exterior,95.0,-66.2,93.4,0.79,31.2,DEGRADED,27.5,45,302,True,True
2026-08-29T11:44:30,284.5,CAM-01,Sony FX6,Ariel,Location B - Public Market (Exterior),exterior,18.0,-56.1,94.4,0.95,30.2,OK,48.6,0,35,True,True
2026-08-29T11:44:30,284.5,CAM-02,Sony FX6,Marlon,Location B - Public Market (Exterior),exterior,32.0,-61.0,93.7,0.92,29.9,OK,40.5,3,40,True,True
2026-08-29T11:44:30,284.5,CAM-03,Sony FX3,Kiko,Location B - Public Market (Exterior),exterior,68.0,-65.8,91.2,0.61,30.9,DEGRADED,29.2,43,68,True,True
2026-08-29T11:44:30,284.5,CAM-04,Sony FX3,Dennis,Location B - Public Market (Exterior),exterior,45.0,-65.1,94.5,0.88,31.4,OK,29.8,3,109,True,True
2026-08-29T11:44:30,284.5,CAM-05,Blackmagic,Jorge,Location B - Public Market (Exterior),exterior,95.0,-67.7,93.1,0.79,31.2,DEGRADED,21.5,26,405,True,True
2026-08-29T11:45:00,285.0,CAM-01,Sony FX6,Ariel,Location B - Public Market (Exterior),exterior,18.0,-57.1,93.7,0.95,30.5,OK,43.6,0,35,True,True
2026-08-29T11:45:00,285.0,CAM-02,Sony FX6,Marlon,Location B - Public Market (Exterior),exterior,32.0,-60.4,93.6,0.92,30.8,OK,47.9,0,48,True,True
2026-08-29T11:45:00,285.0,CAM-03,Sony FX3,Kiko,Location B - Public Market (Exterior),exterior,68.0,-64.4,91.5,0.61,30.4,OK,33.6,21,241,True,True
2026-08-29T11:45:00,285.0,CAM-04,Sony FX3,Dennis,Location B - Public Market (Exterior),exterior,45.0,-61.1,94.4,0.88,30.7,OK,46.5,0,62,True,True
2026-08-29T11:45:00,285.0,CAM-05,Blackmagic,Jorge,Location B - Public Market (Exterior),exterior,95.0,-66.4,93.1,0.79,32.1,DEGRADED,27.9,0,154,True,True
2026-08-29T11:45:30,285.5,CAM-01,Sony FX6,Ariel,Location B - Public Market (Exterior),exterior,18.0,-57.1,94.5,0.95,30.6,OK,49.2,0,35,True,True
2026-08-29T11:45:30,285.5,CAM-02,Sony FX6,Marlon,Location B - Public Market (Exterior),exterior,32.0,-63.5,94.2,0.92,31.0,OK,37.6,8,93,True,True
2026-08-29T11:45:30,285.5,CAM-03,Sony FX3,Kiko,Location B - Public Market (Exterior),exterior,68.0,-67.8,91.3,0.61,30.0,DEGRADED,25.1,57,230,True,True
2026-08-29T11:45:30,285.5,CAM-04,Sony FX3,Dennis,Location B - Public Market (Exterior),exterior,45.0,-60.1,93.8,0.88,30.8,OK,47.3,0,37,True,True
2026-08-29T11:45:30,285.5,CAM-05,Blackmagic,Jorge,Location B - Public Market (Exterior),exterior,95.0,-66.9,92.5,0.79,30.0,DEGRADED,24.1,1,303,True,True
2026-08-29T11:46:00,286.0,CAM-01,Sony FX6,Ariel,Location B - Public Market (Exterior),exterior,18.0,-60.5,93.3,0.95,31.5,OK,46.0,0,44,True,True
2026-08-29T11:46:00,286.0,CAM-02,Sony FX6,Marlon,Location B - Public Market (Exterior),exterior,32.0,-60.0,93.8,0.92,29.8,OK,49.8,0,35,True,True
2026-08-29T11:46:00,286.0,CAM-03,Sony FX3,Kiko,Location B - Public Market (Exterior),exterior,68.0,-66.6,90.6,0.61,30.6,DEGRADED,26.1,52,126,True,True
2026-08-29T11:46:00,286.0,CAM-04,Sony FX3,Dennis,Location B - Public Market (Exterior),exterior,45.0,-61.0,93.4,0.88,31.9,OK,44.0,3,81,True,True
2026-08-29T11:46:00,286.0,CAM-05,Blackmagic,Jorge,Location B - Public Market (Exterior),exterior,95.0,-69.5,92.7,0.79,30.9,DEGRADED,18.5,5,443,True,True
2026-08-29T11:46:30,286.5,CAM-01,Sony FX6,Ariel,Location B - Public Market (Exterior),exterior,18.0,-58.5,93.6,0.95,31.5,OK,49.7,0,35,True,True
2026-08-29T11:46:30,286.5,CAM-02,Sony FX6,Marlon,Location B - Public Market (Exterior),exterior,32.0,-62.2,93.8,0.92,31.0,OK,42.5,14,89,True,True
2026-08-29T11:46:30,286.5,CAM-03,Sony FX3,Kiko,Location B - Public Market (Exterior),exterior,68.0,-66.8,90.0,0.61,31.2,DEGRADED,27.5,49,93,True,True
2026-08-29T11:46:30,286.5,CAM-04,Sony FX3,Dennis,Location B - Public Market (Exterior),exterior,45.0,-60.6,92.8,0.88,30.4,OK,50.2,2,49,True,True
2026-08-29T11:46:30,286.5,CAM-05,Blackmagic,Jorge,Location B - Public Market (Exterior),exterior,95.0,-68.7,91.9,0.79,31.2,DEGRADED,19.8,32,181,True,True
2026-08-29T11:47:00,287.0,CAM-01,Sony FX6,Ariel,Location B - Public Market (Exterior),exterior,18.0,-58.0,93.4,0.95,30.7,OK,46.9,0,35,True,True
2026-08-29T11:47:00,287.0,CAM-02,Sony FX6,Marlon,Location B - Public Market (Exterior),exterior,32.0,-60.2,93.6,0.92,30.4,OK,48.4,0,39,True,True
2026-08-29T11:47:00,287.0,CAM-03,Sony FX3,Kiko,Location B - Public Market (Exterior),exterior,68.0,-69.9,89.9,0.61,29.2,DEGRADED,16.2,71,479,True,True
2026-08-29T11:47:00,287.0,CAM-04,Sony FX3,Dennis,Location B - Public Market (Exterior),exterior,45.0,-65.4,93.6,0.88,30.5,DEGRADED,30.7,49,156,True,True
2026-08-29T11:47:00,287.0,CAM-05,Blackmagic,Jorge,Location B - Public Market (Exterior),exterior,95.0,-66.3,92.4,0.79,31.1,DEGRADED,27.4,40,73,True,True
2026-08-29T11:47:30,287.5,CAM-01,Sony FX6,Ariel,Location B - Public Market (Exterior),exterior,18.0,-57.4,93.5,0.95,31.4,OK,47.1,0,35,True,True
2026-08-29T11:47:30,287.5,CAM-02,Sony FX6,Marlon,Location B - Public Market (Exterior),exterior,32.0,-60.9,93.1,0.92,31.3,OK,44.1,2,74,True,True
2026-08-29T11:47:30,287.5,CAM-03,Sony FX3,Kiko,Location B - Public Market (Exterior),exterior,68.0,-67.6,90.3,0.61,31.2,DEGRADED,24.2,6,320,True,True
2026-08-29T11:47:30,287.5,CAM-04,Sony FX3,Dennis,Location B - Public Market (Exterior),exterior,45.0,-67.0,93.0,0.88,31.2,DEGRADED,23.8,39,140,True,True
2026-08-29T11:47:30,287.5,CAM-05,Blackmagic,Jorge,Location B - Public Market (Exterior),exterior,95.0,-71.3,92.0,0.79,31.2,DEGRADED,12.8,42,284,True,True
2026-08-29T11:48:00,288.0,CAM-01,Sony FX6,Ariel,Location B - Public Market (Exterior),exterior,18.0,-56.4,94.3,0.95,31.8,OK,46.1,0,35,True,True
2026-08-29T11:48:00,288.0,CAM-02,Sony FX6,Marlon,Location B - Public Market (Exterior),exterior,32.0,-63.1,93.0,0.92,31.0,OK,36.7,11,127,True,True
2026-08-29T11:48:00,288.0,CAM-03,Sony FX3,Kiko,Location B - Public Market (Exterior),exterior,68.0,-68.6,89.9,0.61,29.5,DEGRADED,19.5,71,74,True,True
2026-08-29T11:48:00,288.0,CAM-04,Sony FX3,Dennis,Location B - Public Market (Exterior),exterior,45.0,-61.9,93.7,0.88,31.2,OK,41.9,1,125,True,True
2026-08-29T11:48:00,288.0,CAM-05,Blackmagic,Jorge,Location B - Public Market (Exterior),exterior,95.0,-67.8,92.3,0.79,29.5,DEGRADED,21.1,17,231,True,True
2026-08-29T11:48:30,288.5,CAM-01,Sony FX6,Ariel,Location B - Public Market (Exterior),exterior,18.0,-60.5,93.5,0.95,30.9,OK,47.6,4,40,True,True
2026-08-29T11:48:30,288.5,CAM-02,Sony FX6,Marlon,Location B - Public Market (Exterior),exterior,32.0,-61.5,92.8,0.92,32.1,OK,43.2,2,71,True,True
2026-08-29T11:48:30,288.5,CAM-03,Sony FX3,Kiko,Location B - Public Market (Exterior),exterior,68.0,-66.0,89.5,0.61,31.6,DEGRADED,29.3,3,100,True,True
2026-08-29T11:48:30,288.5,CAM-04,Sony FX3,Dennis,Location B - Public Market (Exterior),exterior,45.0,-67.2,92.8,0.88,30.8,DEGRADED,26.8,15,223,True,True
2026-08-29T11:48:30,288.5,CAM-05,Blackmagic,Jorge,Location B - Public Market (Exterior),exterior,95.0,-72.8,92.2,0.79,29.8,CRITICAL,5.7,48,208,True,True
2026-08-29T11:49:00,289.0,CAM-01,Sony FX6,Ariel,Location B - Public Market (Exterior),exterior,18.0,-58.0,92.3,0.95,30.3,OK,46.9,0,35,True,True
2026-08-29T11:49:00,289.0,CAM-02,Sony FX6,Marlon,Location B - Public Market (Exterior),exterior,32.0,-62.3,93.4,0.92,32.6,OK,42.6,14,154,True,True
2026-08-29T11:49:00,289.0,CAM-03,Sony FX3,Kiko,Location B - Public Market (Exterior),exterior,68.0,-67.1,90.0,0.61,29.9,DEGRADED,26.6,54,314,True,True
2026-08-29T11:49:00,289.0,CAM-04,Sony FX3,Dennis,Location B - Public Market (Exterior),exterior,45.0,-63.1,92.4,0.88,30.2,OK,38.2,12,184,True,True
2026-08-29T11:49:00,289.0,CAM-05,Blackmagic,Jorge,Location B - Public Market (Exterior),exterior,95.0,-65.4,92.1,0.79,31.3,DEGRADED,31.2,39,62,True,True
2026-08-29T11:49:30,289.5,CAM-01,Sony FX6,Ariel,Location B - Public Market (Exterior),exterior,18.0,-55.7,93.2,0.95,32.0,OK,47.9,0,35,True,True
2026-08-29T11:49:30,289.5,CAM-02,Sony FX6,Marlon,Location B - Public Market (Exterior),exterior,32.0,-60.4,92.8,0.92,31.1,OK,46.5,0,46,True,True
2026-08-29T11:49:30,289.5,CAM-03,Sony FX3,Kiko,Location B - Public Market (Exterior),exterior,68.0,-67.9,90.0,0.61,31.4,DEGRADED,23.3,16,463,True,True
2026-08-29T11:49:30,289.5,CAM-04,Sony FX3,Dennis,Location B - Public Market (Exterior),exterior,45.0,-66.0,93.2,0.88,30.5,DEGRADED,28.7,32,222,True,True
2026-08-29T11:49:30,289.5,CAM-05,Blackmagic,Jorge,Location B - Public Market (Exterior),exterior,95.0,-67.3,91.4,0.79,29.4,DEGRADED,23.4,42,466,True,True
2026-08-29T11:50:00,290.0,CAM-01,Sony FX6,Ariel,Location B - Public Market (Exterior),exterior,18.0,-56.2,92.8,0.95,31.4,OK,47.8,0,35,True,True
2026-08-29T11:50:00,290.0,CAM-02,Sony FX6,Marlon,Location B - Public Market (Exterior),exterior,32.0,-59.4,91.7,0.92,31.1,OK,46.7,0,35,True,True
2026-08-29T11:50:00,290.0,CAM-03,Sony FX3,Kiko,Location B - Public Market (Exterior),exterior,68.0,-63.3,88.8,0.61,30.2,OK,37.2,6,167,True,True
2026-08-29T11:50:00,290.0,CAM-04,Sony FX3,Dennis,Location B - Public Market (Exterior),exterior,45.0,-64.3,92.4,0.88,31.6,OK,35.1,27,56,True,True
2026-08-29T11:50:00,290.0,CAM-05,Blackmagic,Jorge,Location B - Public Market (Exterior),exterior,95.0,-67.5,91.2,0.79,32.1,DEGRADED,23.9,4,186,True,True
2026-08-29T11:50:30,290.5,CAM-01,Sony FX6,Ariel,Location B - Public Market (Exterior),exterior,18.0,-61.7,92.5,0.95,30.8,OK,41.0,4,118,True,True
2026-08-29T11:50:30,290.5,CAM-02,Sony FX6,Marlon,Location B - Public Market (Exterior),exterior,32.0,-63.6,93.0,0.92,29.3,OK,34.9,14,175,True,True
2026-08-29T11:50:30,290.5,CAM-03,Sony FX3,Kiko,Location B - Public Market (Exterior),exterior,68.0,-64.8,88.2,0.61,30.2,OK,30.3,28,258,True,True
2026-08-29T11:50:30,290.5,CAM-04,Sony FX3,Dennis,Location B - Public Market (Exterior),exterior,45.0,-63.6,91.8,0.88,31.1,OK,33.5,3,154,True,True
2026-08-29T11:50:30,290.5,CAM-05,Blackmagic,Jorge,Location B - Public Market (Exterior),exterior,95.0,-66.3,92.1,0.79,30.0,DEGRADED,26.8,33,112,True,True
2026-08-29T11:51:00,291.0,CAM-01,Sony FX6,Ariel,Location B - Public Market (Exterior),exterior,18.0,-58.8,92.7,0.95,31.2,OK,44.9,0,35,True,True
2026-08-29T11:51:00,291.0,CAM-02,Sony FX6,Marlon,Location B - Public Market (Exterior),exterior,32.0,-57.7,91.8,0.92,31.3,OK,47.5,0,35,True,True
2026-08-29T11:51:00,291.0,CAM-03,Sony FX3,Kiko,Location B - Public Market (Exterior),exterior,68.0,-65.7,89.5,0.61,31.1,DEGRADED,28.2,30,364,True,True
2026-08-29T11:51:00,291.0,CAM-04,Sony FX3,Dennis,Location B - Public Market (Exterior),exterior,45.0,-60.6,92.4,0.88,32.0,OK,46.4,0,58,True,True
2026-08-29T11:51:00,291.0,CAM-05,Blackmagic,Jorge,Location B - Public Market (Exterior),exterior,95.0,-70.9,91.5,0.79,31.9,DEGRADED,11.8,17,210,True,True
2026-08-29T11:51:30,291.5,CAM-01,Sony FX6,Ariel,Location B - Public Market (Exterior),exterior,18.0,-63.7,92.2,0.95,31.1,OK,38.2,11,187,True,True
2026-08-29T11:51:30,291.5,CAM-02,Sony FX6,Marlon,Location B - Public Market (Exterior),exterior,32.0,-58.4,92.2,0.92,31.8,OK,46.9,0,35,True,True
2026-08-29T11:51:30,291.5,CAM-03,Sony FX3,Kiko,Location B - Public Market (Exterior),exterior,68.0,-62.3,88.7,0.61,31.0,OK,40.8,7,96,True,True
2026-08-29T11:51:30,291.5,CAM-04,Sony FX3,Dennis,Location B - Public Market (Exterior),exterior,45.0,-66.7,91.2,0.88,31.8,DEGRADED,25.4,27,73,True,True
2026-08-29T11:51:30,291.5,CAM-05,Blackmagic,Jorge,Location B - Public Market (Exterior),exterior,95.0,-67.4,90.6,0.79,29.9,DEGRADED,25.7,37,125,True,True
2026-08-29T11:52:00,292.0,CAM-01,Sony FX6,Ariel,Location B - Public Market (Exterior),exterior,18.0,-57.6,92.4,0.95,30.0,OK,47.4,0,35,True,True
2026-08-29T11:52:00,292.0,CAM-02,Sony FX6,Marlon,Location B - Public Market (Exterior),exterior,32.0,-59.8,92.2,0.92,29.7,OK,47.0,0,35,True,True
2026-08-29T11:52:00,292.0,CAM-03,Sony FX3,Kiko,Location B - Public Market (Exterior),exterior,68.0,-63.6,88.0,0.61,31.2,OK,35.3,11,235,True,True
2026-08-29T11:52:00,292.0,CAM-04,Sony FX3,Dennis,Location B - Public Market (Exterior),exterior,45.0,-60.4,92.5,0.88,31.1,OK,45.2,0,49,True,True
2026-08-29T11:52:00,292.0,CAM-05,Blackmagic,Jorge,Location B - Public Market (Exterior),exterior,95.0,-68.1,90.3,0.79,30.8,DEGRADED,25.3,64,445,True,True
2026-08-29T11:52:30,292.5,CAM-01,Sony FX6,Ariel,Location B - Public Market (Exterior),exterior,18.0,-55.2,93.0,0.95,32.2,OK,48.0,0,35,True,True
2026-08-29T11:52:30,292.5,CAM-02,Sony FX6,Marlon,Location B - Public Market (Exterior),exterior,32.0,-59.3,92.0,0.92,31.4,OK,48.0,0,35,True,True
2026-08-29T11:52:30,292.5,CAM-03,Sony FX3,Kiko,Location B - Public Market (Exterior),exterior,68.0,-66.1,88.4,0.61,31.4,DEGRADED,30.4,46,340,True,True
2026-08-29T11:52:30,292.5,CAM-04,Sony FX3,Dennis,Location B - Public Market (Exterior),exterior,45.0,-58.3,92.0,0.88,30.8,OK,48.4,0,35,True,True
2026-08-29T11:52:30,292.5,CAM-05,Blackmagic,Jorge,Location B - Public Market (Exterior),exterior,95.0,-69.3,90.8,0.79,31.0,DEGRADED,17.7,35,164,True,True
2026-08-29T11:53:00,293.0,CAM-01,Sony FX6,Ariel,Location B - Public Market (Exterior),exterior,18.0,-58.1,92.2,0.95,30.2,OK,47.2,0,35,True,True
2026-08-29T11:53:00,293.0,CAM-02,Sony FX6,Marlon,Location B - Public Market (Exterior),exterior,32.0,-61.3,91.8,0.92,31.0,OK,44.1,6,72,True,True
2026-08-29T11:53:00,293.0,CAM-03,Sony FX3,Kiko,Location B - Public Market (Exterior),exterior,68.0,-66.6,88.3,0.61,30.8,DEGRADED,25.3,8,210,True,True
2026-08-29T11:53:00,293.0,CAM-04,Sony FX3,Dennis,Location B - Public Market (Exterior),exterior,45.0,-61.3,91.3,0.88,30.4,OK,43.1,6,46,True,True
2026-08-29T11:53:00,293.0,CAM-05,Blackmagic,Jorge,Location B - Public Market (Exterior),exterior,95.0,-66.2,90.3,0.79,31.8,DEGRADED,25.1,53,400,True,True
2026-08-29T11:53:30,293.5,CAM-01,Sony FX6,Ariel,Location B - Public Market (Exterior),exterior,18.0,-61.8,91.9,0.95,32.3,OK,43.3,0,136,True,True
2026-08-29T11:53:30,293.5,CAM-02,Sony FX6,Marlon,Location B - Public Market (Exterior),exterior,32.0,-61.9,91.7,0.92,31.5,OK,41.7,8,52,True,True
2026-08-29T11:53:30,293.5,CAM-03,Sony FX3,Kiko,Location B - Public Market (Exterior),exterior,68.0,-62.9,88.6,0.61,29.8,OK,41.4,5,195,True,True
2026-08-29T11:53:30,293.5,CAM-04,Sony FX3,Dennis,Location B - Public Market (Exterior),exterior,45.0,-65.5,91.9,0.88,31.8,DEGRADED,29.7,10,363,True,True
2026-08-29T11:53:30,293.5,CAM-05,Blackmagic,Jorge,Location B - Public Market (Exterior),exterior,95.0,-65.9,90.3,0.79,31.4,DEGRADED,29.5,20,130,True,True
2026-08-29T11:54:00,294.0,CAM-01,Sony FX6,Ariel,Location B - Public Market (Exterior),exterior,18.0,-60.7,92.5,0.95,31.7,OK,45.6,3,59,True,True
2026-08-29T11:54:00,294.0,CAM-02,Sony FX6,Marlon,Location B - Public Market (Exterior),exterior,32.0,-59.0,91.8,0.92,31.3,OK,49.5,0,35,True,True
2026-08-29T11:54:00,294.0,CAM-03,Sony FX3,Kiko,Location B - Public Market (Exterior),exterior,68.0,-67.4,88.2,0.61,30.9,DEGRADED,23.4,39,84,True,True
2026-08-29T11:54:00,294.0,CAM-04,Sony FX3,Dennis,Location B - Public Market (Exterior),exterior,45.0,-62.3,91.2,0.88,32.4,OK,41.4,9,80,True,True
2026-08-29T11:54:00,294.0,CAM-05,Blackmagic,Jorge,Location B - Public Market (Exterior),exterior,95.0,-66.4,90.7,0.79,30.4,DEGRADED,24.9,23,252,True,True
2026-08-29T11:54:30,294.5,CAM-01,Sony FX6,Ariel,Location B - Public Market (Exterior),exterior,18.0,-52.8,91.6,0.95,30.9,OK,46.2,0,35,True,True
2026-08-29T11:54:30,294.5,CAM-02,Sony FX6,Marlon,Location B - Public Market (Exterior),exterior,32.0,-57.4,92.1,0.92,29.9,OK,45.6,0,35,True,True
2026-08-29T11:54:30,294.5,CAM-03,Sony FX3,Kiko,Location B - Public Market (Exterior),exterior,68.0,-65.9,87.4,0.61,31.3,DEGRADED,30.8,53,115,True,True
2026-08-29T11:54:30,294.5,CAM-04,Sony FX3,Dennis,Location B - Public Market (Exterior),exterior,45.0,-66.9,91.2,0.88,29.7,DEGRADED,26.1,39,152,True,True
2026-08-29T11:54:30,294.5,CAM-05,Blackmagic,Jorge,Location B - Public Market (Exterior),exterior,95.0,-72.4,90.7,0.79,31.7,CRITICAL,7.0,101,673,True,True
2026-08-29T11:55:00,295.0,CAM-01,Sony FX6,Ariel,Location B - Public Market (Exterior),exterior,18.0,-55.7,92.4,0.95,30.9,OK,48.3,0,35,True,True
2026-08-29T11:55:00,295.0,CAM-02,Sony FX6,Marlon,Location B - Public Market (Exterior),exterior,32.0,-60.7,91.6,0.92,31.2,OK,43.8,4,54,True,True
2026-08-29T11:55:00,295.0,CAM-03,Sony FX3,Kiko,Location B - Public Market (Exterior),exterior,68.0,-69.3,86.2,0.61,29.8,DEGRADED,18.9,34,560,True,True
2026-08-29T11:55:00,295.0,CAM-04,Sony FX3,Dennis,Location B - Public Market (Exterior),exterior,45.0,-63.3,91.7,0.88,31.1,OK,36.6,24,115,True,True
2026-08-29T11:55:00,295.0,CAM-05,Blackmagic,Jorge,Location B - Public Market (Exterior),exterior,95.0,-65.9,90.3,0.79,32.3,DEGRADED,30.6,9,266,True,True
2026-08-29T11:55:30,295.5,CAM-01,Sony FX6,Ariel,Location B - Public Market (Exterior),exterior,18.0,-57.7,92.0,0.95,32.2,OK,47.9,0,35,True,True
2026-08-29T11:55:30,295.5,CAM-02,Sony FX6,Marlon,Location B - Public Market (Exterior),exterior,32.0,-64.5,92.5,0.92,32.1,OK,32.7,17,90,True,True
2026-08-29T11:55:30,295.5,CAM-03,Sony FX3,Kiko,Location B - Public Market (Exterior),exterior,68.0,-63.5,87.5,0.61,31.3,OK,36.6,18,113,True,True
2026-08-29T11:55:30,295.5,CAM-04,Sony FX3,Dennis,Location B - Public Market (Exterior),exterior,45.0,-65.4,91.4,0.88,30.8,DEGRADED,30.5,29,290,True,True
2026-08-29T11:55:30,295.5,CAM-05,Blackmagic,Jorge,Location B - Public Market (Exterior),exterior,95.0,-68.9,90.5,0.79,30.5,DEGRADED,18.7,45,78,True,True
2026-08-29T11:56:00,296.0,CAM-01,Sony FX6,Ariel,Location B - Public Market (Exterior),exterior,18.0,-54.6,92.4,0.95,31.7,OK,48.3,0,35,True,True
2026-08-29T11:56:00,296.0,CAM-02,Sony FX6,Marlon,Location B - Public Market (Exterior),exterior,32.0,-61.5,90.8,0.92,28.9,OK,42.1,8,99,True,True
2026-08-29T11:56:00,296.0,CAM-03,Sony FX3,Kiko,Location B - Public Market (Exterior),exterior,68.0,-68.2,87.0,0.61,32.1,DEGRADED,24.0,25,405,True,True
2026-08-29T11:56:00,296.0,CAM-04,Sony FX3,Dennis,Location B - Public Market (Exterior),exterior,45.0,-66.6,91.0,0.88,30.6,DEGRADED,25.9,27,263,True,True
2026-08-29T11:56:00,296.0,CAM-05,Blackmagic,Jorge,Location B - Public Market (Exterior),exterior,95.0,-72.6,90.2,0.79,32.1,CRITICAL,6.5,51,337,True,True
2026-08-29T11:56:30,296.5,CAM-01,Sony FX6,Ariel,Location B - Public Market (Exterior),exterior,18.0,-55.1,92.3,0.95,30.4,OK,48.9,0,35,True,True
2026-08-29T11:56:30,296.5,CAM-02,Sony FX6,Marlon,Location B - Public Market (Exterior),exterior,32.0,-61.4,91.2,0.92,30.5,OK,42.7,10,116,True,True
2026-08-29T11:56:30,296.5,CAM-03,Sony FX3,Kiko,Location B - Public Market (Exterior),exterior,68.0,-63.5,87.1,0.61,31.9,OK,36.5,17,124,True,True
2026-08-29T11:56:30,296.5,CAM-04,Sony FX3,Dennis,Location B - Public Market (Exterior),exterior,45.0,-61.7,91.3,0.88,31.8,OK,41.7,11,56,True,True
2026-08-29T11:56:30,296.5,CAM-05,Blackmagic,Jorge,Location B - Public Market (Exterior),exterior,95.0,-67.7,89.5,0.79,30.2,DEGRADED,22.5,53,406,True,True
2026-08-29T11:57:00,297.0,CAM-01,Sony FX6,Ariel,Location B - Public Market (Exterior),exterior,18.0,-60.4,91.3,0.95,32.1,OK,46.7,2,54,True,True
2026-08-29T11:57:00,297.0,CAM-02,Sony FX6,Marlon,Location B - Public Market (Exterior),exterior,32.0,-63.4,91.6,0.92,31.9,OK,35.6,27,192,True,True
2026-08-29T11:57:00,297.0,CAM-03,Sony FX3,Kiko,Location B - Public Market (Exterior),exterior,68.0,-69.1,87.1,0.61,30.6,DEGRADED,20.3,3,414,True,True
2026-08-29T11:57:00,297.0,CAM-04,Sony FX3,Dennis,Location B - Public Market (Exterior),exterior,45.0,-61.2,91.5,0.88,31.6,OK,46.4,9,57,True,True
2026-08-29T11:57:00,297.0,CAM-05,Blackmagic,Jorge,Location B - Public Market (Exterior),exterior,95.0,-67.6,90.1,0.79,30.2,DEGRADED,24.0,9,417,True,True
2026-08-29T11:57:30,297.5,CAM-01,Sony FX6,Ariel,Location B - Public Market (Exterior),exterior,18.0,-58.2,91.2,0.95,31.0,OK,51.7,0,35,True,True
2026-08-29T11:57:30,297.5,CAM-02,Sony FX6,Marlon,Location B - Public Market (Exterior),exterior,32.0,-58.9,90.5,0.92,31.3,OK,47.1,0,35,True,True
2026-08-29T11:57:30,297.5,CAM-03,Sony FX3,Kiko,Location B - Public Market (Exterior),exterior,68.0,-64.0,86.2,0.61,31.6,OK,36.1,9,204,True,True
2026-08-29T11:57:30,297.5,CAM-04,Sony FX3,Dennis,Location B - Public Market (Exterior),exterior,45.0,-62.3,90.5,0.88,31.1,OK,38.2,20,67,True,True
2026-08-29T11:57:30,297.5,CAM-05,Blackmagic,Jorge,Location B - Public Market (Exterior),exterior,95.0,-66.6,89.4,0.79,31.5,DEGRADED,26.7,58,143,True,True
2026-08-29T11:58:00,298.0,CAM-01,Sony FX6,Ariel,Location B - Public Market (Exterior),exterior,18.0,-57.8,90.9,0.95,30.1,OK,46.6,0,35,True,True
2026-08-29T11:58:00,298.0,CAM-02,Sony FX6,Marlon,Location B - Public Market (Exterior),exterior,32.0,-60.1,90.8,0.92,30.8,OK,46.3,0,39,True,True
2026-08-29T11:58:00,298.0,CAM-03,Sony FX3,Kiko,Location B - Public Market (Exterior),exterior,68.0,-71.8,86.2,0.61,32.0,DEGRADED,9.6,1,293,True,True
2026-08-29T11:58:00,298.0,CAM-04,Sony FX3,Dennis,Location B - Public Market (Exterior),exterior,45.0,-66.8,90.5,0.88,31.3,DEGRADED,25.3,12,301,True,True
2026-08-29T11:58:00,298.0,CAM-05,Blackmagic,Jorge,Location B - Public Market (Exterior),exterior,95.0,-66.3,89.8,0.79,30.0,DEGRADED,27.7,54,100,True,True
2026-08-29T11:58:30,298.5,CAM-01,Sony FX6,Ariel,Location B - Public Market (Exterior),exterior,18.0,-59.6,91.1,0.95,31.9,OK,48.5,0,35,True,True
2026-08-29T11:58:30,298.5,CAM-02,Sony FX6,Marlon,Location B - Public Market (Exterior),exterior,32.0,-61.2,90.9,0.92,31.3,OK,43.3,3,61,True,True
2026-08-29T11:58:30,298.5,CAM-03,Sony FX3,Kiko,Location B - Public Market (Exterior),exterior,68.0,-68.2,86.2,0.61,30.8,DEGRADED,22.4,55,235,True,True
2026-08-29T11:58:30,298.5,CAM-04,Sony FX3,Dennis,Location B - Public Market (Exterior),exterior,45.0,-60.4,89.9,0.88,29.5,OK,47.2,1,41,True,True
2026-08-29T11:58:30,298.5,CAM-05,Blackmagic,Jorge,Location B - Public Market (Exterior),exterior,95.0,-72.5,89.6,0.79,32.9,CRITICAL,9.1,31,677,True,True
2026-08-29T11:59:00,299.0,CAM-01,Sony FX6,Ariel,Location B - Public Market (Exterior),exterior,18.0,-58.1,90.4,0.95,32.5,OK,50.3,0,35,True,True
2026-08-29T11:59:00,299.0,CAM-02,Sony FX6,Marlon,Location B - Public Market (Exterior),exterior,32.0,-62.6,91.0,0.92,29.5,OK,37.3,2,131,True,True
2026-08-29T11:59:00,299.0,CAM-03,Sony FX3,Kiko,Location B - Public Market (Exterior),exterior,68.0,-67.1,86.0,0.61,31.0,DEGRADED,24.5,31,171,True,True
2026-08-29T11:59:00,299.0,CAM-04,Sony FX3,Dennis,Location B - Public Market (Exterior),exterior,45.0,-60.6,90.8,0.88,29.4,OK,45.6,1,42,True,True
2026-08-29T11:59:00,299.0,CAM-05,Blackmagic,Jorge,Location B - Public Market (Exterior),exterior,95.0,-67.4,89.4,0.79,31.5,DEGRADED,21.8,29,88,True,True
2026-08-29T11:59:30,299.5,CAM-01,Sony FX6,Ariel,Location B - Public Market (Exterior),exterior,18.0,-58.8,91.5,0.95,29.6,OK,47.9,0,35,True,True
2026-08-29T11:59:30,299.5,CAM-02,Sony FX6,Marlon,Location B - Public Market (Exterior),exterior,32.0,-61.5,90.8,0.92,30.3,OK,43.3,4,103,True,True
2026-08-29T11:59:30,299.5,CAM-03,Sony FX3,Kiko,Location B - Public Market (Exterior),exterior,68.0,-67.7,85.3,0.61,30.4,DEGRADED,25.1,69,409,True,True
2026-08-29T11:59:30,299.5,CAM-04,Sony FX3,Dennis,Location B - Public Market (Exterior),exterior,45.0,-64.9,90.7,0.88,30.6,OK,31.7,5,317,True,True
2026-08-29T11:59:30,299.5,CAM-05,Blackmagic,Jorge,Location B - Public Market (Exterior),exterior,95.0,-63.8,88.4,0.79,31.3,OK,34.4,11,79,True,True
2026-08-29T12:00:00,300.0,CAM-01,Sony FX6,Ariel,Location B - Public Market (Exterior),exterior,18.0,-54.4,90.1,0.95,32.4,OK,48.7,0,35,True,True
2026-08-29T12:00:00,300.0,CAM-02,Sony FX6,Marlon,Location B - Public Market (Exterior),exterior,32.0,-62.1,90.2,0.92,31.4,OK,41.1,17,147,True,True
2026-08-29T12:00:00,300.0,CAM-03,Sony FX3,Kiko,Location B - Public Market (Exterior),exterior,68.0,-64.5,84.9,0.61,31.2,OK,33.2,0,138,True,True
2026-08-29T12:00:00,300.0,CAM-04,Sony FX3,Dennis,Location B - Public Market (Exterior),exterior,45.0,-62.0,90.1,0.88,30.3,OK,40.2,3,54,True,True
2026-08-29T12:00:00,300.0,CAM-05,Blackmagic,Jorge,Location B - Public Market (Exterior),exterior,95.0,-74.3,89.6,0.79,30.2,CRITICAL,2.0,78,889,True,True
2026-08-29T12:00:30,300.5,CAM-01,Sony FX6,Ariel,Location B - Public Market (Exterior),exterior,18.0,-59.7,90.6,0.95,32.4,OK,44.3,0,35,True,True
2026-08-29T12:00:30,300.5,CAM-02,Sony FX6,Marlon,Location B - Public Market (Exterior),exterior,32.0,-62.7,90.0,0.92,32.1,OK,38.7,3,46,True,True
2026-08-29T12:00:30,300.5,CAM-03,Sony FX3,Kiko,Location B - Public Market (Exterior),exterior,68.0,-68.1,85.8,0.61,31.0,DEGRADED,21.2,27,162,True,True
2026-08-29T12:00:30,300.5,CAM-04,Sony FX3,Dennis,Location B - Public Market (Exterior),exterior,45.0,-60.9,89.7,0.88,31.2,OK,44.3,4,79,True,True
2026-08-29T12:00:30,300.5,CAM-05,Blackmagic,Jorge,Location B - Public Market (Exterior),exterior,95.0,-73.7,88.5,0.79,31.5,CRITICAL,4.5,18,735,True,True
2026-08-29T12:01:00,301.0,CAM-01,Sony FX6,Ariel,Location B - Public Market (Exterior),exterior,18.0,-55.2,90.5,0.95,31.7,OK,48.8,0,35,True,True
2026-08-29T12:01:00,301.0,CAM-02,Sony FX6,Marlon,Location B - Public Market (Exterior),exterior,32.0,-61.1,90.5,0.92,31.7,OK,46.5,4,40,True,True
2026-08-29T12:01:00,301.0,CAM-03,Sony FX3,Kiko,Location B - Public Market (Exterior),exterior,68.0,-65.1,85.6,0.61,30.7,OK,31.6,21,280,True,True
2026-08-29T12:01:00,301.0,CAM-04,Sony FX3,Dennis,Location B - Public Market (Exterior),exterior,45.0,-61.5,89.5,0.88,30.4,OK,45.4,5,93,True,True
2026-08-29T12:01:00,301.0,CAM-05,Blackmagic,Jorge,Location B - Public Market (Exterior),exterior,95.0,-76.3,88.6,0.79,32.2,DEGRADED,12.4,31,432,True,True
2026-08-29T12:01:30,301.5,CAM-01,Sony FX6,Ariel,Location B - Public Market (Exterior),exterior,18.0,-60.9,90.3,0.95,30.6,OK,43.7,7,66,True,True
2026-08-29T12:01:30,301.5,CAM-02,Sony FX6,Marlon,Location B - Public Market (Exterior),exterior,32.0,-61.4,89.7,0.92,30.5,OK,43.2,5,50,True,True
2026-08-29T12:01:30,301.5,CAM-03,Sony FX3,Kiko,Location B - Public Market (Exterior),exterior,68.0,-67.1,85.1,0.61,30.8,DEGRADED,24.4,52,352,True,True
2026-08-29T12:01:30,301.5,CAM-04,Sony FX3,Dennis,Location B - Public Market (Exterior),exterior,45.0,-60.6,89.4,0.88,33.0,OK,45.3,5,48,True,True
2026-08-29T12:01:30,301.5,CAM-05,Blackmagic,Jorge,Location B - Public Market (Exterior),exterior,95.0,-73.4,88.9,0.79,30.0,CRITICAL,4.3,92,750,True,True
2026-08-29T12:02:00,302.0,CAM-01,Sony FX6,Ariel,Location B - Public Market (Exterior),exterior,18.0,-53.7,90.1,0.95,31.4,OK,45.9,0,35,True,True
2026-08-29T12:02:00,302.0,CAM-02,Sony FX6,Marlon,Location B - Public Market (Exterior),exterior,32.0,-60.9,90.5,0.92,31.0,OK,46.0,5,74,True,True
2026-08-29T12:02:00,302.0,CAM-03,Sony FX3,Kiko,Location B - Public Market (Exterior),exterior,68.0,-66.3,85.4,0.61,31.4,DEGRADED,27.2,32,168,True,True
2026-08-29T12:02:00,302.0,CAM-04,Sony FX3,Dennis,Location B - Public Market (Exterior),exterior,45.0,-65.7,89.7,0.88,30.2,DEGRADED,27.8,46,127,True,True
2026-08-29T12:02:00,302.0,CAM-05,Blackmagic,Jorge,Location B - Public Market (Exterior),exterior,95.0,-74.7,88.0,0.79,32.0,CRITICAL,0.3,35,302,True,True
2026-08-29T12:02:30,302.5,CAM-01,Sony FX6,Ariel,Location B - Public Market (Exterior),exterior,18.0,-55.7,89.5,0.95,30.0,OK,46.4,0,35,True,True
2026-08-29T12:02:30,302.5,CAM-02,Sony FX6,Marlon,Location B - Public Market (Exterior),exterior,32.0,-59.1,89.1,0.92,30.5,OK,48.4,0,35,True,True
2026-08-29T12:02:30,302.5,CAM-03,Sony FX3,Kiko,Location B - Public Market (Exterior),exterior,68.0,-64.8,84.8,0.61,31.7,OK,31.7,23,187,True,True
2026-08-29T12:02:30,302.5,CAM-04,Sony FX3,Dennis,Location B - Public Market (Exterior),exterior,45.0,-61.5,89.7,0.88,31.6,OK,42.4,8,87,True,True
2026-08-29T12:02:30,302.5,CAM-05,Blackmagic,Jorge,Location B - Public Market (Exterior),exterior,95.0,-74.4,88.0,0.79,31.9,CRITICAL,4.1,101,172,True,True
2026-08-29T12:03:00,303.0,CAM-01,Sony FX6,Ariel,Location B - Public Market (Exterior),exterior,18.0,-56.5,89.7,0.95,31.4,OK,45.1,0,35,True,True
2026-08-29T12:03:00,303.0,CAM-02,Sony FX6,Marlon,Location B - Public Market (Exterior),exterior,32.0,-59.8,89.5,0.92,30.0,OK,47.3,0,35,True,True
2026-08-29T12:03:00,303.0,CAM-03,Sony FX3,Kiko,Location B - Public Market (Exterior),exterior,68.0,-69.0,84.4,0.61,30.3,DEGRADED,18.6,17,443,True,True
2026-08-29T12:03:00,303.0,CAM-04,Sony FX3,Dennis,Location B - Public Market (Exterior),exterior,45.0,-64.1,88.9,0.88,30.5,OK,34.8,24,141,True,True
2026-08-29T12:03:00,303.0,CAM-05,Blackmagic,Jorge,Location B - Public Market (Exterior),exterior,95.0,-72.4,88.3,0.79,31.0,CRITICAL,3.1,88,224,True,True
2026-08-29T12:03:30,303.5,CAM-01,Sony FX6,Ariel,Location B - Public Market (Exterior),exterior,18.0,-57.4,90.3,0.95,32.0,OK,47.0,0,35,True,True
2026-08-29T12:03:30,303.5,CAM-02,Sony FX6,Marlon,Location B - Public Market (Exterior),exterior,32.0,-62.1,89.5,0.92,32.4,OK,42.4,3,68,True,True
2026-08-29T12:03:30,303.5,CAM-03,Sony FX3,Kiko,Location B - Public Market (Exterior),exterior,68.0,-67.0,83.5,0.61,31.1,DEGRADED,25.4,9,289,True,True
2026-08-29T12:03:30,303.5,CAM-04,Sony FX3,Dennis,Location B - Public Market (Exterior),exterior,45.0,-62.8,88.5,0.88,30.4,OK,38.3,0,93,True,True
2026-08-29T12:03:30,303.5,CAM-05,Blackmagic,Jorge,Location B - Public Market (Exterior),exterior,95.0,-79.8,88.0,0.79,31.0,DEGRADED,9.6,66,210,True,True
2026-08-29T12:04:00,304.0,CAM-01,Sony FX6,Ariel,Location B - Public Market (Exterior),exterior,18.0,-54.8,89.8,0.95,30.5,OK,48.2,0,35,True,True
2026-08-29T12:04:00,304.0,CAM-02,Sony FX6,Marlon,Location B - Public Market (Exterior),exterior,32.0,-59.9,89.4,0.92,31.4,OK,48.3,0,35,True,True
2026-08-29T12:04:00,304.0,CAM-03,Sony FX3,Kiko,Location B - Public Market (Exterior),exterior,68.0,-63.9,84.5,0.61,30.7,OK,33.9,16,194,True,True
2026-08-29T12:04:00,304.0,CAM-04,Sony FX3,Dennis,Location B - Public Market (Exterior),exterior,45.0,-60.7,89.2,0.88,31.0,OK,45.1,0,53,True,True
2026-08-29T12:04:00,304.0,CAM-05,Blackmagic,Jorge,Location B - Public Market (Exterior),exterior,95.0,-75.9,87.9,0.79,31.9,DEGRADED,17.3,42,484,True,True
2026-08-29T12:04:30,304.5,CAM-01,Sony FX6,Ariel,Location B - Public Market (Exterior),exterior,18.0,-59.8,88.9,0.95,31.1,OK,44.5,0,35,True,True
2026-08-29T12:04:30,304.5,CAM-02,Sony FX6,Marlon,Location B - Public Market (Exterior),exterior,32.0,-61.2,89.2,0.92,30.2,OK,43.5,3,75,True,True
2026-08-29T12:04:30,304.5,CAM-03,Sony FX3,Kiko,Location B - Public Market (Exterior),exterior,68.0,-67.7,83.6,0.61,32.0,DEGRADED,21.4,55,110,True,True
2026-08-29T12:04:30,304.5,CAM-04,Sony FX3,Dennis,Location B - Public Market (Exterior),exterior,45.0,-63.3,88.6,0.88,31.5,OK,38.2,24,174,True,True
2026-08-29T12:04:30,304.5,CAM-05,Blackmagic,Jorge,Location B - Public Market (Exterior),exterior,95.0,-77.9,87.5,0.79,30.9,DEGRADED,13.2,67,679,True,True
2026-08-29T12:05:00,305.0,CAM-01,Sony FX6,Ariel,Location B - Public Market (Exterior),exterior,18.0,-56.1,89.8,0.95,32.1,OK,50.1,0,35,True,True
2026-08-29T12:05:00,305.0,CAM-02,Sony FX6,Marlon,Location B - Public Market (Exterior),exterior,32.0,-65.0,90.0,0.92,30.7,OK,29.2,3,262,True,True
2026-08-29T12:05:00,305.0,CAM-03,Sony FX3,Kiko,Location B - Public Market (Exterior),exterior,68.0,-68.6,83.2,0.61,31.3,DEGRADED,22.6,47,131,True,True
2026-08-29T12:05:00,305.0,CAM-04,Sony FX3,Dennis,Location B - Public Market (Exterior),exterior,45.0,-64.4,88.3,0.88,31.4,OK,34.0,39,81,True,True
2026-08-29T12:05:00,305.0,CAM-05,Blackmagic,Jorge,Location B - Public Market (Exterior),exterior,95.0,-77.4,87.9,0.79,30.5,DEGRADED,14.7,36,262,True,True
2026-08-29T12:05:30,305.5,CAM-01,Sony FX6,Ariel,Location B - Public Market (Exterior),exterior,18.0,-55.8,89.3,0.95,32.9,OK,48.6,0,35,True,True
2026-08-29T12:05:30,305.5,CAM-02,Sony FX6,Marlon,Location B - Public Market (Exterior),exterior,32.0,-54.5,89.3,0.92,31.8,OK,47.3,0,35,True,True
2026-08-29T12:05:30,305.5,CAM-03,Sony FX3,Kiko,Location B - Public Market (Exterior),exterior,68.0,-66.0,84.1,0.61,32.0,DEGRADED,29.6,3,300,True,True
2026-08-29T12:05:30,305.5,CAM-04,Sony FX3,Dennis,Location B - Public Market (Exterior),exterior,45.0,-61.2,88.5,0.88,31.1,OK,43.9,2,48,True,True
2026-08-29T12:05:30,305.5,CAM-05,Blackmagic,Jorge,Location B - Public Market (Exterior),exterior,95.0,-77.7,87.9,0.79,31.6,DEGRADED,12.5,26,602,True,True
2026-08-29T12:06:00,306.0,CAM-01,Sony FX6,Ariel,Location B - Public Market (Exterior),exterior,18.0,-55.6,88.8,0.95,30.6,OK,47.2,0,35,True,True
2026-08-29T12:06:00,306.0,CAM-02,Sony FX6,Marlon,Location B - Public Market (Exterior),exterior,32.0,-61.1,89.2,0.92,29.7,OK,42.3,4,69,True,True
2026-08-29T12:06:00,306.0,CAM-03,Sony FX3,Kiko,Location B - Public Market (Exterior),exterior,68.0,-63.7,83.1,0.61,29.9,OK,38.5,10,63,True,True
2026-08-29T12:06:00,306.0,CAM-04,Sony FX3,Dennis,Location B - Public Market (Exterior),exterior,45.0,-66.6,88.7,0.88,31.8,DEGRADED,26.9,26,125,True,True
2026-08-29T12:06:00,306.0,CAM-05,Blackmagic,Jorge,Location B - Public Market (Exterior),exterior,95.0,-76.8,87.6,0.79,32.2,DEGRADED,16.2,24,331,True,True
2026-08-29T12:06:30,306.5,CAM-01,Sony FX6,Ariel,Location B - Public Market (Exterior),exterior,18.0,-55.0,89.6,0.95,31.2,OK,45.3,0,35,True,True
2026-08-29T12:06:30,306.5,CAM-02,Sony FX6,Marlon,Location B - Public Market (Exterior),exterior,32.0,-56.3,89.0,0.92,31.3,OK,46.2,0,35,True,True
2026-08-29T12:06:30,306.5,CAM-03,Sony FX3,Kiko,Location B - Public Market (Exterior),exterior,68.0,-66.3,83.1,0.61,31.5,DEGRADED,29.4,32,242,True,True
2026-08-29T12:06:30,306.5,CAM-04,Sony FX3,Dennis,Location B - Public Market (Exterior),exterior,45.0,-62.2,87.8,0.88,30.6,OK,41.2,0,132,True,True
2026-08-29T12:06:30,306.5,CAM-05,Blackmagic,Jorge,Location B - Public Market (Exterior),exterior,95.0,-73.2,86.9,0.79,30.5,CRITICAL,6.0,5,422,True,True
2026-08-29T12:07:00,307.0,CAM-01,Sony FX6,Ariel,Location B - Public Market (Exterior),exterior,18.0,-57.1,89.6,0.95,31.0,OK,48.6,0,35,True,True
2026-08-29T12:07:00,307.0,CAM-02,Sony FX6,Marlon,Location B - Public Market (Exterior),exterior,32.0,-62.9,89.1,0.92,30.9,OK,40.0,21,75,True,True
2026-08-29T12:07:00,307.0,CAM-03,Sony FX3,Kiko,Location B - Public Market (Exterior),exterior,68.0,-66.5,83.0,0.61,30.5,DEGRADED,26.8,32,253,True,True
2026-08-29T12:07:00,307.0,CAM-04,Sony FX3,Dennis,Location B - Public Market (Exterior),exterior,45.0,-64.9,88.6,0.88,30.4,OK,32.8,1,87,True,True
2026-08-29T12:07:00,307.0,CAM-05,Blackmagic,Jorge,Location B - Public Market (Exterior),exterior,95.0,-74.8,86.9,0.79,30.2,CRITICAL,0.0,27,427,True,True
2026-08-29T12:07:30,307.5,CAM-01,Sony FX6,Ariel,Location B - Public Market (Exterior),exterior,18.0,-54.9,88.2,0.95,30.4,OK,48.4,0,35,True,True
2026-08-29T12:07:30,307.5,CAM-02,Sony FX6,Marlon,Location B - Public Market (Exterior),exterior,32.0,-60.7,88.5,0.92,30.2,OK,44.8,5,65,True,True
2026-08-29T12:07:30,307.5,CAM-03,Sony FX3,Kiko,Location B - Public Market (Exterior),exterior,68.0,-66.9,82.9,0.61,31.8,DEGRADED,25.7,27,182,True,True
2026-08-29T12:07:30,307.5,CAM-04,Sony FX3,Dennis,Location B - Public Market (Exterior),exterior,45.0,-64.9,88.6,0.88,31.0,OK,29.7,2,216,True,True
2026-08-29T12:07:30,307.5,CAM-05,Blackmagic,Jorge,Location B - Public Market (Exterior),exterior,95.0,-76.4,86.6,0.79,31.0,DEGRADED,15.3,63,414,True,True
2026-08-29T12:08:00,308.0,CAM-01,Sony FX6,Ariel,Location B - Public Market (Exterior),exterior,18.0,-62.2,88.6,0.95,32.2,OK,41.9,15,149,True,True
2026-08-29T12:08:00,308.0,CAM-02,Sony FX6,Marlon,Location B - Public Market (Exterior),exterior,32.0,-62.3,88.3,0.92,31.6,OK,40.7,21,52,True,True
2026-08-29T12:08:00,308.0,CAM-03,Sony FX3,Kiko,Location B - Public Market (Exterior),exterior,68.0,-66.2,82.6,0.61,30.3,DEGRADED,27.0,46,163,True,True
2026-08-29T12:08:00,308.0,CAM-04,Sony FX3,Dennis,Location B - Public Market (Exterior),exterior,45.0,-61.5,87.3,0.88,31.7,OK,42.6,8,124,True,True
2026-08-29T12:08:00,308.0,CAM-05,Blackmagic,Jorge,Location B - Public Market (Exterior),exterior,95.0,-77.4,86.2,0.79,31.3,DEGRADED,15.6,68,566,True,True
2026-08-29T12:08:30,308.5,CAM-01,Sony FX6,Ariel,Location B - Public Market (Exterior),exterior,18.0,-59.2,89.1,0.95,30.8,OK,49.5,0,35,True,True
2026-08-29T12:08:30,308.5,CAM-02,Sony FX6,Marlon,Location B - Public Market (Exterior),exterior,32.0,-60.7,88.7,0.92,31.9,OK,46.3,1,46,True,True
2026-08-29T12:08:30,308.5,CAM-03,Sony FX3,Kiko,Location B - Public Market (Exterior),exterior,68.0,-65.5,82.8,0.61,31.5,DEGRADED,32.6,49,263,True,True
2026-08-29T12:08:30,308.5,CAM-04,Sony FX3,Dennis,Location B - Public Market (Exterior),exterior,45.0,-65.9,87.6,0.88,33.2,DEGRADED,26.5,24,63,True,True
2026-08-29T12:08:30,308.5,CAM-05,Blackmagic,Jorge,Location B - Public Market (Exterior),exterior,95.0,-75.9,85.6,0.79,31.4,DEGRADED,17.0,93,449,True,True
2026-08-29T12:09:00,309.0,CAM-01,Sony FX6,Ariel,Location B - Public Market (Exterior),exterior,18.0,-54.7,88.7,0.95,29.5,OK,47.7,0,35,True,True
2026-08-29T12:09:00,309.0,CAM-02,Sony FX6,Marlon,Location B - Public Market (Exterior),exterior,32.0,-60.5,88.4,0.92,31.6,OK,48.3,0,59,True,True
2026-08-29T12:09:00,309.0,CAM-03,Sony FX3,Kiko,Location B - Public Market (Exterior),exterior,68.0,-67.0,82.2,0.61,32.7,DEGRADED,24.1,61,376,True,True
2026-08-29T12:09:00,309.0,CAM-04,Sony FX3,Dennis,Location B - Public Market (Exterior),exterior,45.0,-63.2,88.4,0.88,31.0,OK,35.8,17,206,True,True
2026-08-29T12:09:00,309.0,CAM-05,Blackmagic,Jorge,Location B - Public Market (Exterior),exterior,95.0,-73.7,85.9,0.79,31.2,CRITICAL,4.7,124,828,True,True
2026-08-29T12:09:30,309.5,CAM-01,Sony FX6,Ariel,Location B - Public Market (Exterior),exterior,18.0,-57.4,88.0,0.95,29.5,OK,45.2,0,35,True,True
2026-08-29T12:09:30,309.5,CAM-02,Sony FX6,Marlon,Location B - Public Market (Exterior),exterior,32.0,-59.4,87.4,0.92,32.8,OK,47.4,0,35,True,True
2026-08-29T12:09:30,309.5,CAM-03,Sony FX3,Kiko,Location B - Public Market (Exterior),exterior,68.0,-64.0,82.7,0.61,29.4,OK,36.1,13,165,True,True
2026-08-29T12:09:30,309.5,CAM-04,Sony FX3,Dennis,Location B - Public Market (Exterior),exterior,45.0,-60.9,87.4,0.88,30.1,OK,45.8,3,39,True,True
2026-08-29T12:09:30,309.5,CAM-05,Blackmagic,Jorge,Location B - Public Market (Exterior),exterior,95.0,-71.7,86.9,0.79,31.0,DEGRADED,11.0,51,391,True,True
2026-08-29T12:10:00,310.0,CAM-01,Sony FX6,Ariel,Location B - Public Market (Exterior),exterior,18.0,-53.6,88.8,0.95,31.4,OK,46.8,0,35,True,True
2026-08-29T12:10:00,310.0,CAM-02,Sony FX6,Marlon,Location B - Public Market (Exterior),exterior,32.0,-58.4,88.4,0.92,31.4,OK,48.4,0,35,True,True
2026-08-29T12:10:00,310.0,CAM-03,Sony FX3,Kiko,Location B - Public Market (Exterior),exterior,68.0,-69.6,81.6,0.61,30.3,DEGRADED,16.4,80,154,True,True
2026-08-29T12:10:00,310.0,CAM-04,Sony FX3,Dennis,Location B - Public Market (Exterior),exterior,45.0,-63.8,87.1,0.88,32.1,OK,35.1,30,191,True,True
2026-08-29T12:10:00,310.0,CAM-05,Blackmagic,Jorge,Location B - Public Market (Exterior),exterior,95.0,-72.3,86.1,0.79,30.2,CRITICAL,10.5,29,628,True,True
2026-08-29T12:10:30,310.5,CAM-01,Sony FX6,Ariel,Location B - Public Market (Exterior),exterior,18.0,-56.5,87.9,0.95,30.9,OK,48.4,0,35,True,True
2026-08-29T12:10:30,310.5,CAM-02,Sony FX6,Marlon,Location B - Public Market (Exterior),exterior,32.0,-60.3,88.2,0.92,32.0,OK,45.6,1,41,True,True
2026-08-29T12:10:30,310.5,CAM-03,Sony FX3,Kiko,Location B - Public Market (Exterior),exterior,68.0,-67.1,81.9,0.61,32.0,DEGRADED,24.4,56,325,True,True
2026-08-29T12:10:30,310.5,CAM-04,Sony FX3,Dennis,Location B - Public Market (Exterior),exterior,45.0,-64.4,87.2,0.88,29.9,OK,31.5,38,225,True,True
2026-08-29T12:10:30,310.5,CAM-05,Blackmagic,Jorge,Location B - Public Market (Exterior),exterior,95.0,-72.8,86.5,0.79,30.5,CRITICAL,7.8,31,524,True,True
2026-08-29T12:11:00,311.0,CAM-01,Sony FX6,Ariel,Location B - Public Market (Exterior),exterior,18.0,-54.7,88.3,0.95,30.9,OK,48.5,0,35,True,True
2026-08-29T12:11:00,311.0,CAM-02,Sony FX6,Marlon,Location B - Public Market (Exterior),exterior,32.0,-60.1,87.9,0.92,31.7,OK,47.5,0,40,True,True
2026-08-29T12:11:00,311.0,CAM-03,Sony FX3,Kiko,Location B - Public Market (Exterior),exterior,68.0,-68.6,81.9,0.61,31.7,DEGRADED,21.7,46,449,True,True
2026-08-29T12:11:00,311.0,CAM-04,Sony FX3,Dennis,Location B - Public Market (Exterior),exterior,45.0,-63.0,87.7,0.88,30.1,OK,38.0,17,194,True,True
2026-08-29T12:11:00,311.0,CAM-05,Blackmagic,Jorge,Location B - Public Market (Exterior),exterior,95.0,-70.5,86.0,0.79,28.6,DEGRADED,15.0,73,338,True,True
2026-08-29T12:11:30,311.5,CAM-01,Sony FX6,Ariel,Location B - Public Market (Exterior),exterior,18.0,-59.2,87.9,0.95,30.8,OK,47.6,0,35,True,True
2026-08-29T12:11:30,311.5,CAM-02,Sony FX6,Marlon,Location B - Public Market (Exterior),exterior,32.0,-59.7,87.2,0.92,31.1,OK,45.6,0,35,True,True
2026-08-29T12:11:30,311.5,CAM-03,Sony FX3,Kiko,Location B - Public Market (Exterior),exterior,68.0,-69.6,81.0,0.61,32.6,DEGRADED,17.3,64,131,True,True
2026-08-29T12:11:30,311.5,CAM-04,Sony FX3,Dennis,Location B - Public Market (Exterior),exterior,45.0,-62.7,87.7,0.88,31.6,OK,38.5,24,52,True,True
2026-08-29T12:11:30,311.5,CAM-05,Blackmagic,Jorge,Location B - Public Market (Exterior),exterior,95.0,-71.1,86.2,0.79,31.6,DEGRADED,13.2,85,93,True,True
2026-08-29T12:12:00,312.0,CAM-01,Sony FX6,Ariel,Location B - Public Market (Exterior),exterior,18.0,-54.7,88.7,0.95,30.9,OK,49.3,0,35,True,True
2026-08-29T12:12:00,312.0,CAM-02,Sony FX6,Marlon,Location B - Public Market (Exterior),exterior,32.0,-59.5,87.8,0.92,31.5,OK,48.2,0,35,True,True
2026-08-29T12:12:00,312.0,CAM-03,Sony FX3,Kiko,Location B - Public Market (Exterior),exterior,68.0,-68.4,81.1,0.61,32.2,DEGRADED,22.1,37,497,True,True
2026-08-29T12:12:00,312.0,CAM-04,Sony FX3,Dennis,Location B - Public Market (Exterior),exterior,45.0,-63.5,86.3,0.88,31.4,OK,37.6,17,196,True,True
2026-08-29T12:12:00,312.0,CAM-05,Blackmagic,Jorge,Location B - Public Market (Exterior),exterior,95.0,-72.3,85.2,0.79,32.2,CRITICAL,8.0,99,402,True,True
2026-08-29T12:12:30,312.5,CAM-01,Sony FX6,Ariel,Location B - Public Market (Exterior),exterior,18.0,-58.1,87.8,0.95,31.6,OK,48.6,0,35,True,True
2026-08-29T12:12:30,312.5,CAM-02,Sony FX6,Marlon,Location B - Public Market (Exterior),exterior,32.0,-60.1,86.7,0.92,29.7,OK,45.3,0,40,True,True
2026-08-29T12:12:30,312.5,CAM-03,Sony FX3,Kiko,Location B - Public Market (Exterior),exterior,68.0,-69.3,80.9,0.61,29.6,DEGRADED,17.6,21,580,True,True
2026-08-29T12:12:30,312.5,CAM-04,Sony FX3,Dennis,Location B - Public Market (Exterior),exterior,45.0,-65.9,87.2,0.88,29.3,DEGRADED,30.4,20,161,True,True
2026-08-29T12:12:30,312.5,CAM-05,Blackmagic,Jorge,Location B - Public Market (Exterior),exterior,95.0,-69.2,85.3,0.79,30.7,DEGRADED,19.5,26,411,True,True
2026-08-29T12:13:00,313.0,CAM-01,Sony FX6,Ariel,Location B - Public Market (Exterior),exterior,18.0,-54.8,88.1,0.95,30.8,OK,45.8,0,35,True,True
2026-08-29T12:13:00,313.0,CAM-02,Sony FX6,Marlon,Location B - Public Market (Exterior),exterior,32.0,-63.2,87.4,0.92,30.7,OK,36.4,20,110,True,True
2026-08-29T12:13:00,313.0,CAM-03,Sony FX3,Kiko,Location B - Public Market (Exterior),exterior,68.0,-65.6,81.0,0.61,30.9,DEGRADED,29.6,43,226,True,True
2026-08-29T12:13:00,313.0,CAM-04,Sony FX3,Dennis,Location B - Public Market (Exterior),exterior,45.0,-63.0,86.0,0.88,31.2,OK,39.7,11,166,True,True
2026-08-29T12:13:00,313.0,CAM-05,Blackmagic,Jorge,Location B - Public Market (Exterior),exterior,95.0,-67.6,85.6,0.79,31.0,DEGRADED,25.1,3,272,True,True
2026-08-29T12:13:30,313.5,CAM-01,Sony FX6,Ariel,Location B - Public Market (Exterior),exterior,18.0,-54.3,87.8,0.95,30.6,OK,47.0,0,35,True,True
2026-08-29T12:13:30,313.5,CAM-02,Sony FX6,Marlon,Location B - Public Market (Exterior),exterior,32.0,-62.3,87.1,0.92,30.8,OK,42.0,8,155,True,True
2026-08-29T12:13:30,313.5,CAM-03,Sony FX3,Kiko,Location B - Public Market (Exterior),exterior,68.0,-65.6,80.1,0.61,30.2,DEGRADED,29.5,26,73,True,True
2026-08-29T12:13:30,313.5,CAM-04,Sony FX3,Dennis,Location B - Public Market (Exterior),exterior,45.0,-63.1,86.3,0.88,32.4,OK,38.3,8,120,True,True
2026-08-29T12:13:30,313.5,CAM-05,Blackmagic,Jorge,Location B - Public Market (Exterior),exterior,95.0,-71.6,85.6,0.79,30.1,DEGRADED,13.6,61,589,True,True
2026-08-29T12:14:00,314.0,CAM-01,Sony FX6,Ariel,Location B - Public Market (Exterior),exterior,18.0,-57.8,87.8,0.95,31.3,OK,50.6,0,35,True,True
2026-08-29T12:14:00,314.0,CAM-02,Sony FX6,Marlon,Location B - Public Market (Exterior),exterior,32.0,-58.2,87.7,0.92,30.0,OK,50.0,0,35,True,True
2026-08-29T12:14:00,314.0,CAM-03,Sony FX3,Kiko,Location B - Public Market (Exterior),exterior,68.0,-65.5,80.3,0.61,29.9,DEGRADED,31.5,2,179,True,True
2026-08-29T12:14:00,314.0,CAM-04,Sony FX3,Dennis,Location B - Public Market (Exterior),exterior,45.0,-65.0,87.0,0.88,31.0,OK,32.5,32,244,True,True
2026-08-29T12:14:00,314.0,CAM-05,Blackmagic,Jorge,Location B - Public Market (Exterior),exterior,95.0,-68.1,85.2,0.79,31.3,DEGRADED,23.2,72,429,True,True
2026-08-29T12:14:30,314.5,CAM-01,Sony FX6,Ariel,Location B - Public Market (Exterior),exterior,18.0,-61.2,87.7,0.95,30.7,OK,42.6,4,91,True,True
2026-08-29T12:14:30,314.5,CAM-02,Sony FX6,Marlon,Location B - Public Market (Exterior),exterior,32.0,-62.8,86.7,0.92,31.4,OK,39.6,18,61,True,True
2026-08-29T12:14:30,314.5,CAM-03,Sony FX3,Kiko,Location B - Public Market (Exterior),exterior,68.0,-70.5,81.1,0.61,29.0,DEGRADED,14.3,52,381,True,True
2026-08-29T12:14:30,314.5,CAM-04,Sony FX3,Dennis,Location B - Public Market (Exterior),exterior,45.0,-64.1,86.5,0.88,31.1,OK,30.7,0,160,True,True
2026-08-29T12:14:30,314.5,CAM-05,Blackmagic,Jorge,Location B - Public Market (Exterior),exterior,95.0,-70.9,84.8,0.79,30.4,DEGRADED,8.6,13,612,True,True
2026-08-29T12:15:00,315.0,CAM-01,Sony FX6,Ariel,Location B - Public Market (Exterior),exterior,18.0,-55.7,87.7,0.95,31.8,OK,47.4,0,35,True,True
2026-08-29T12:15:00,315.0,CAM-02,Sony FX6,Marlon,Location B - Public Market (Exterior),exterior,32.0,-60.4,86.4,0.92,31.8,OK,46.7,0,40,True,True
2026-08-29T12:15:00,315.0,CAM-03,Sony FX3,Kiko,Location B - Public Market (Exterior),exterior,68.0,-66.0,80.0,0.61,30.8,DEGRADED,25.5,2,236,True,True
2026-08-29T12:15:00,315.0,CAM-04,Sony FX3,Dennis,Location B - Public Market (Exterior),exterior,45.0,-63.0,86.9,0.88,30.4,OK,38.5,9,145,True,True
2026-08-29T12:15:00,315.0,CAM-05,Blackmagic,Jorge,Location B - Public Market (Exterior),exterior,95.0,-71.5,85.1,0.79,32.0,DEGRADED,11.8,104,490,True,True
2026-08-29T12:15:30,315.5,CAM-01,Sony FX6,Ariel,Location B - Public Market (Exterior),exterior,18.0,-58.3,87.4,0.95,30.3,OK,47.9,0,35,True,True
2026-08-29T12:15:30,315.5,CAM-02,Sony FX6,Marlon,Location B - Public Market (Exterior),exterior,32.0,-61.1,86.3,0.92,31.5,OK,43.5,7,97,True,True
2026-08-29T12:15:30,315.5,CAM-03,Sony FX3,Kiko,Location B - Public Market (Exterior),exterior,68.0,-63.2,80.2,0.61,30.4,OK,38.3,10,164,True,True
2026-08-29T12:15:30,315.5,CAM-04,Sony FX3,Dennis,Location B - Public Market (Exterior),exterior,45.0,-64.1,86.3,0.88,31.5,OK,37.8,4,268,True,True
2026-08-29T12:15:30,315.5,CAM-05,Blackmagic,Jorge,Location B - Public Market (Exterior),exterior,95.0,-66.8,85.1,0.79,29.7,DEGRADED,27.1,39,342,True,True
2026-08-29T12:16:00,316.0,CAM-01,Sony FX6,Ariel,Location B - Public Market (Exterior),exterior,18.0,-53.8,86.9,0.95,29.9,OK,46.1,0,35,True,True
2026-08-29T12:16:00,316.0,CAM-02,Sony FX6,Marlon,Location B - Public Market (Exterior),exterior,32.0,-60.6,85.9,0.92,31.0,OK,47.3,3,62,True,True
2026-08-29T12:16:00,316.0,CAM-03,Sony FX3,Kiko,Location B - Public Market (Exterior),exterior,68.0,-66.9,79.8,0.61,31.7,DEGRADED,24.5,24,128,True,True
2026-08-29T12:16:00,316.0,CAM-04,Sony FX3,Dennis,Location B - Public Market (Exterior),exterior,45.0,-61.2,86.2,0.88,30.7,OK,42.0,0,96,True,True
2026-08-29T12:16:00,316.0,CAM-05,Blackmagic,Jorge,Location B - Public Market (Exterior),exterior,95.0,-70.6,84.2,0.79,31.0,DEGRADED,14.5,32,454,True,True
2026-08-29T12:16:30,316.5,CAM-01,Sony FX6,Ariel,Location B - Public Market (Exterior),exterior,18.0,-54.2,87.0,0.95,31.2,OK,47.0,0,35,True,True
2026-08-29T12:16:30,316.5,CAM-02,Sony FX6,Marlon,Location B - Public Market (Exterior),exterior,32.0,-59.2,86.9,0.92,31.2,OK,50.9,0,35,True,True
2026-08-29T12:16:30,316.5,CAM-03,Sony FX3,Kiko,Location B - Public Market (Exterior),exterior,68.0,-63.6,79.0,0.61,31.3,OK,34.1,17,193,True,True
2026-08-29T12:16:30,316.5,CAM-04,Sony FX3,Dennis,Location B - Public Market (Exterior),exterior,45.0,-65.5,86.1,0.88,30.6,DEGRADED,33.6,43,163,True,True
2026-08-29T12:16:30,316.5,CAM-05,Blackmagic,Jorge,Location B - Public Market (Exterior),exterior,95.0,-68.3,84.5,0.79,32.7,DEGRADED,19.6,20,266,True,True
2026-08-29T12:17:00,317.0,CAM-01,Sony FX6,Ariel,Location B - Public Market (Exterior),exterior,18.0,-56.4,86.6,0.95,30.3,OK,47.7,0,35,True,True
2026-08-29T12:17:00,317.0,CAM-02,Sony FX6,Marlon,Location B - Public Market (Exterior),exterior,32.0,-60.4,87.0,0.92,30.9,OK,46.6,2,53,True,True
2026-08-29T12:17:00,317.0,CAM-03,Sony FX3,Kiko,Location B - Public Market (Exterior),exterior,68.0,-65.3,78.9,0.61,31.1,DEGRADED,33.1,7,191,True,True
2026-08-29T12:17:00,317.0,CAM-04,Sony FX3,Dennis,Location B - Public Market (Exterior),exterior,45.0,-66.7,85.7,0.88,31.9,DEGRADED,24.8,50,274,True,True
2026-08-29T12:17:00,317.0,CAM-05,Blackmagic,Jorge,Location B - Public Market (Exterior),exterior,95.0,-72.1,84.4,0.79,30.5,CRITICAL,9.2,100,551,True,True
2026-08-29T12:17:30,317.5,CAM-01,Sony FX6,Ariel,Location B - Public Market (Exterior),exterior,18.0,-50.7,87.2,0.95,30.6,OK,49.8,0,35,True,True
2026-08-29T12:17:30,317.5,CAM-02,Sony FX6,Marlon,Location B - Public Market (Exterior),exterior,32.0,-61.5,86.7,0.92,31.5,OK,44.3,0,48,True,True
2026-08-29T12:17:30,317.5,CAM-03,Sony FX3,Kiko,Location B - Public Market (Exterior),exterior,68.0,-66.7,78.7,0.61,31.0,DEGRADED,25.1,15,162,True,True
2026-08-29T12:17:30,317.5,CAM-04,Sony FX3,Dennis,Location B - Public Market (Exterior),exterior,45.0,-60.1,85.2,0.88,30.4,OK,46.1,0,36,True,True
2026-08-29T12:17:30,317.5,CAM-05,Blackmagic,Jorge,Location B - Public Market (Exterior),exterior,95.0,-70.8,83.9,0.79,33.3,DEGRADED,12.8,66,380,True,True
2026-08-29T12:18:00,318.0,CAM-01,Sony FX6,Ariel,Location B - Public Market (Exterior),exterior,18.0,-60.3,87.0,0.95,32.0,OK,46.4,2,44,True,True
2026-08-29T12:18:00,318.0,CAM-02,Sony FX6,Marlon,Location B - Public Market (Exterior),exterior,32.0,-61.8,86.1,0.92,29.4,OK,40.6,2,54,True,True
2026-08-29T12:18:00,318.0,CAM-03,Sony FX3,Kiko,Location B - Public Market (Exterior),exterior,68.0,-66.2,79.0,0.61,31.2,DEGRADED,31.3,0,299,True,True
2026-08-29T12:18:00,318.0,CAM-04,Sony FX3,Dennis,Location B - Public Market (Exterior),exterior,45.0,-65.3,85.8,0.88,32.3,DEGRADED,33.2,25,243,True,True
2026-08-29T12:18:00,318.0,CAM-05,Blackmagic,Jorge,Location B - Public Market (Exterior),exterior,95.0,-71.7,83.4,0.79,31.3,DEGRADED,8.9,42,89,True,True
2026-08-29T12:18:30,318.5,CAM-01,Sony FX6,Ariel,Location B - Public Market (Exterior),exterior,18.0,-55.5,86.6,0.95,30.0,OK,49.9,0,35,True,True
2026-08-29T12:18:30,318.5,CAM-02,Sony FX6,Marlon,Location B - Public Market (Exterior),exterior,32.0,-60.9,86.5,0.92,32.0,OK,44.2,5,42,True,True
2026-08-29T12:18:30,318.5,CAM-03,Sony FX3,Kiko,Location B - Public Market (Exterior),exterior,68.0,-67.0,78.9,0.61,30.2,DEGRADED,25.8,49,398,True,True
2026-08-29T12:18:30,318.5,CAM-04,Sony FX3,Dennis,Location B - Public Market (Exterior),exterior,45.0,-64.4,85.2,0.88,30.4,OK,36.7,24,257,True,True
2026-08-29T12:18:30,318.5,CAM-05,Blackmagic,Jorge,Location B - Public Market (Exterior),exterior,95.0,-70.8,83.6,0.79,31.4,DEGRADED,15.9,1,583,True,True
2026-08-29T12:19:00,319.0,CAM-01,Sony FX6,Ariel,Location B - Public Market (Exterior),exterior,18.0,-58.3,86.5,0.95,30.0,OK,50.0,0,35,True,True
2026-08-29T12:19:00,319.0,CAM-02,Sony FX6,Marlon,Location B - Public Market (Exterior),exterior,32.0,-63.1,85.7,0.92,31.1,OK,38.2,19,123,True,True
2026-08-29T12:19:00,319.0,CAM-03,Sony FX3,Kiko,Location B - Public Market (Exterior),exterior,68.0,-63.1,78.6,0.61,30.7,OK,38.4,0,159,True,True
2026-08-29T12:19:00,319.0,CAM-04,Sony FX3,Dennis,Location B - Public Market (Exterior),exterior,45.0,-61.9,85.1,0.88,31.3,OK,42.3,14,148,True,True
2026-08-29T12:19:00,319.0,CAM-05,Blackmagic,Jorge,Location B - Public Market (Exterior),exterior,95.0,-71.3,83.9,0.79,31.4,DEGRADED,10.1,10,468,True,True
2026-08-29T12:19:30,319.5,CAM-01,Sony FX6,Ariel,Location B - Public Market (Exterior),exterior,18.0,-54.5,86.0,0.95,31.1,OK,46.3,0,35,True,True
2026-08-29T12:19:30,319.5,CAM-02,Sony FX6,Marlon,Location B - Public Market (Exterior),exterior,32.0,-60.6,85.1,0.92,30.1,OK,46.9,1,42,True,True
2026-08-29T12:19:30,319.5,CAM-03,Sony FX3,Kiko,Location B - Public Market (Exterior),exterior,68.0,-69.1,78.4,0.61,30.7,DEGRADED,18.3,51,471,True,True
2026-08-29T12:19:30,319.5,CAM-04,Sony FX3,Dennis,Location B - Public Market (Exterior),exterior,45.0,-66.2,85.0,0.88,30.1,DEGRADED,27.5,36,100,True,True
2026-08-29T12:19:30,319.5,CAM-05,Blackmagic,Jorge,Location B - Public Market (Exterior),exterior,95.0,-75.5,83.3,0.79,30.1,DEGRADED,14.1,6,91,True,True
2026-08-29T12:20:00,320.0,CAM-01,Sony FX6,Ariel,Location B - Public Market (Exterior),exterior,18.0,-56.4,85.7,0.95,30.0,OK,50.2,0,35,True,True
2026-08-29T12:20:00,320.0,CAM-02,Sony FX6,Marlon,Location B - Public Market (Exterior),exterior,32.0,-58.2,85.7,0.92,32.3,OK,50.6,0,35,True,True
2026-08-29T12:20:00,320.0,CAM-03,Sony FX3,Kiko,Location B - Public Market (Exterior),exterior,68.0,-66.2,78.0,0.61,31.7,DEGRADED,26.4,33,348,True,True
2026-08-29T12:20:00,320.0,CAM-04,Sony FX3,Dennis,Location B - Public Market (Exterior),exterior,45.0,-63.3,85.1,0.88,32.0,OK,37.2,0,222,True,True
2026-08-29T12:20:00,320.0,CAM-05,Blackmagic,Jorge,Location B - Public Market (Exterior),exterior,95.0,-71.2,83.1,0.79,31.2,DEGRADED,12.6,48,290,True,True
2026-08-29T12:20:30,320.5,CAM-01,Sony FX6,Ariel,Location B - Public Market (Exterior),exterior,18.0,-59.3,86.9,0.95,30.1,OK,48.4,0,35,True,True
2026-08-29T12:20:30,320.5,CAM-02,Sony FX6,Marlon,Location B - Public Market (Exterior),exterior,32.0,-59.9,85.8,0.92,29.9,OK,46.4,0,35,True,True
2026-08-29T12:20:30,320.5,CAM-03,Sony FX3,Kiko,Location B - Public Market (Exterior),exterior,68.0,-64.9,77.7,0.61,30.8,OK,34.3,27,312,True,True
2026-08-29T12:20:30,320.5,CAM-04,Sony FX3,Dennis,Location B - Public Market (Exterior),exterior,45.0,-64.7,85.0,0.88,32.2,OK,35.7,14,208,True,True
2026-08-29T12:20:30,320.5,CAM-05,Blackmagic,Jorge,Location B - Public Market (Exterior),exterior,95.0,-77.4,83.4,0.79,32.3,DEGRADED,11.5,26,516,True,True
2026-08-29T12:21:00,321.0,CAM-01,Sony FX6,Ariel,Location B - Public Market (Exterior),exterior,18.0,-57.2,86.1,0.95,31.3,OK,46.8,0,35,True,True
2026-08-29T12:21:00,321.0,CAM-02,Sony FX6,Marlon,Location B - Public Market (Exterior),exterior,32.0,-60.1,85.1,0.92,31.1,OK,46.9,0,36,True,True
2026-08-29T12:21:00,321.0,CAM-03,Sony FX3,Kiko,Location B - Public Market (Exterior),exterior,68.0,-65.2,77.7,0.61,31.6,OK,29.3,0,269,True,True
2026-08-29T12:21:00,321.0,CAM-04,Sony FX3,Dennis,Location B - Public Market (Exterior),exterior,45.0,-61.4,84.9,0.88,32.5,OK,42.1,5,115,True,True
2026-08-29T12:21:00,321.0,CAM-05,Blackmagic,Jorge,Location B - Public Market (Exterior),exterior,95.0,-75.6,83.1,0.79,32.0,DEGRADED,18.2,43,174,True,True
2026-08-29T12:21:30,321.5,CAM-01,Sony FX6,Ariel,Location B - Public Market (Exterior),exterior,18.0,-55.7,86.2,0.95,30.4,OK,50.1,0,35,True,True
2026-08-29T12:21:30,321.5,CAM-02,Sony FX6,Marlon,Location B - Public Market (Exterior),exterior,32.0,-58.9,85.6,0.92,32.4,OK,47.1,0,35,True,True
2026-08-29T12:21:30,321.5,CAM-03,Sony FX3,Kiko,Location B - Public Market (Exterior),exterior,68.0,-66.7,77.5,0.61,31.5,DEGRADED,27.7,24,412,True,True
2026-08-29T12:21:30,321.5,CAM-04,Sony FX3,Dennis,Location B - Public Market (Exterior),exterior,45.0,-60.0,84.3,0.88,30.4,OK,49.2,0,35,True,True
2026-08-29T12:21:30,321.5,CAM-05,Blackmagic,Jorge,Location B - Public Market (Exterior),exterior,95.0,-77.9,82.6,0.79,31.3,DEGRADED,12.8,58,674,True,True
2026-08-29T12:22:00,322.0,CAM-01,Sony FX6,Ariel,Location B - Public Market (Exterior),exterior,18.0,-60.4,85.1,0.95,31.3,OK,46.2,3,38,True,True
2026-08-29T12:22:00,322.0,CAM-02,Sony FX6,Marlon,Location B - Public Market (Exterior),exterior,32.0,-60.8,85.3,0.92,32.0,OK,43.7,1,74,True,True
2026-08-29T12:22:00,322.0,CAM-03,Sony FX3,Kiko,Location B - Public Market (Exterior),exterior,68.0,-66.2,77.5,0.61,30.5,DEGRADED,27.7,1,84,True,True
2026-08-29T12:22:00,322.0,CAM-04,Sony FX3,Dennis,Location B - Public Market (Exterior),exterior,45.0,-65.2,84.6,0.88,33.0,OK,31.7,12,259,True,True
2026-08-29T12:22:00,322.0,CAM-05,Blackmagic,Jorge,Location B - Public Market (Exterior),exterior,95.0,-74.4,82.7,0.79,29.6,CRITICAL,1.9,75,356,True,True
2026-08-29T12:22:30,322.5,CAM-01,Sony FX6,Ariel,Location B - Public Market (Exterior),exterior,18.0,-58.2,86.2,0.95,31.7,OK,49.5,0,35,True,True
2026-08-29T12:22:30,322.5,CAM-02,Sony FX6,Marlon,Location B - Public Market (Exterior),exterior,32.0,-65.1,84.7,0.92,30.6,OK,32.1,12,328,True,True
2026-08-29T12:22:30,322.5,CAM-03,Sony FX3,Kiko,Location B - Public Market (Exterior),exterior,68.0,-66.1,77.0,0.61,30.8,DEGRADED,24.7,45,235,True,True
2026-08-29T12:22:30,322.5,CAM-04,Sony FX3,Dennis,Location B - Public Market (Exterior),exterior,45.0,-61.9,84.7,0.88,31.5,OK,39.3,1,138,True,True
2026-08-29T12:22:30,322.5,CAM-05,Blackmagic,Jorge,Location B - Public Market (Exterior),exterior,95.0,-76.0,82.4,0.79,31.0,DEGRADED,16.0,33,394,True,True
2026-08-29T12:23:00,323.0,CAM-01,Sony FX6,Ariel,Location B - Public Market (Exterior),exterior,18.0,-58.3,85.2,0.95,31.4,OK,49.5,0,35,True,True
2026-08-29T12:23:00,323.0,CAM-02,Sony FX6,Marlon,Location B - Public Market (Exterior),exterior,32.0,-60.4,84.3,0.92,30.1,OK,47.4,3,42,True,True
2026-08-29T12:23:00,323.0,CAM-03,Sony FX3,Kiko,Location B - Public Market (Exterior),exterior,68.0,-65.5,77.1,0.61,30.2,DEGRADED,30.1,14,225,True,True
2026-08-29T12:23:00,323.0,CAM-04,Sony FX3,Dennis,Location B - Public Market (Exterior),exterior,45.0,-61.2,84.4,0.88,31.3,OK,45.9,11,106,True,True
2026-08-29T12:23:00,323.0,CAM-05,Blackmagic,Jorge,Location B - Public Market (Exterior),exterior,95.0,-72.3,81.9,0.79,30.0,CRITICAL,8.6,111,303,True,True
2026-08-29T12:23:30,323.5,CAM-01,Sony FX6,Ariel,Location B - Public Market (Exterior),exterior,18.0,-56.4,86.2,0.95,31.3,OK,46.0,0,35,True,True
2026-08-29T12:23:30,323.5,CAM-02,Sony FX6,Marlon,Location B - Public Market (Exterior),exterior,32.0,-60.7,84.9,0.92,30.6,OK,47.2,2,48,True,True
2026-08-29T12:23:30,323.5,CAM-03,Sony FX3,Kiko,Location B - Public Market (Exterior),exterior,68.0,-64.4,77.2,0.61,30.5,OK,33.0,14,150,True,True
2026-08-29T12:23:30,323.5,CAM-04,Sony FX3,Dennis,Location B - Public Market (Exterior),exterior,45.0,-63.1,84.4,0.88,31.5,OK,36.3,15,105,True,True
2026-08-29T12:23:30,323.5,CAM-05,Blackmagic,Jorge,Location B - Public Market (Exterior),exterior,95.0,-76.5,82.1,0.79,29.8,DEGRADED,15.0,70,462,True,True
2026-08-29T12:24:00,324.0,CAM-01,Sony FX6,Ariel,Location B - Public Market (Exterior),exterior,18.0,-60.9,84.7,0.95,31.3,OK,45.5,0,77,True,True
2026-08-29T12:24:00,324.0,CAM-02,Sony FX6,Marlon,Location B - Public Market (Exterior),exterior,32.0,-60.2,84.6,0.92,31.2,OK,47.3,0,39,True,True
2026-08-29T12:24:00,324.0,CAM-03,Sony FX3,Kiko,Location B - Public Market (Exterior),exterior,68.0,-63.2,76.7,0.61,32.2,OK,38.5,5,52,True,True
2026-08-29T12:24:00,324.0,CAM-04,Sony FX3,Dennis,Location B - Public Market (Exterior),exterior,45.0,-63.9,83.6,0.88,31.1,OK,38.3,33,203,True,True
2026-08-29T12:24:00,324.0,CAM-05,Blackmagic,Jorge,Location B - Public Market (Exterior),exterior,95.0,-75.7,82.3,0.79,31.3,DEGRADED,15.9,12,321,True,True
2026-08-29T12:24:30,324.5,CAM-01,Sony FX6,Ariel,Location B - Public Market (Exterior),exterior,18.0,-58.6,85.7,0.95,29.5,OK,46.8,0,35,True,True
2026-08-29T12:24:30,324.5,CAM-02,Sony FX6,Marlon,Location B - Public Market (Exterior),exterior,32.0,-64.6,84.9,0.92,31.3,OK,33.0,4,108,True,True
2026-08-29T12:24:30,324.5,CAM-03,Sony FX3,Kiko,Location B - Public Market (Exterior),exterior,68.0,-66.6,76.5,0.61,32.5,DEGRADED,24.2,40,315,True,True
2026-08-29T12:24:30,324.5,CAM-04,Sony FX3,Dennis,Location B - Public Market (Exterior),exterior,45.0,-63.7,84.4,0.88,30.8,OK,35.9,9,247,True,True
2026-08-29T12:24:30,324.5,CAM-05,Blackmagic,Jorge,Location B - Public Market (Exterior),exterior,95.0,-80.8,82.1,0.79,30.6,CRITICAL,6.5,52,456,True,True
2026-08-29T12:25:00,325.0,CAM-01,Sony FX6,Ariel,Location B - Public Market (Exterior),exterior,18.0,-54.0,84.7,0.95,30.4,OK,47.2,0,35,True,True
2026-08-29T12:25:00,325.0,CAM-02,Sony FX6,Marlon,Location B - Public Market (Exterior),exterior,32.0,-61.1,84.3,0.92,31.8,OK,44.6,9,77,True,True
2026-08-29T12:25:00,325.0,CAM-03,Sony FX3,Kiko,Location B - Public Market (Exterior),exterior,68.0,-62.6,76.4,0.61,32.2,OK,39.9,14,45,True,True
2026-08-29T12:25:00,325.0,CAM-04,Sony FX3,Dennis,Location B - Public Market (Exterior),exterior,45.0,-66.5,84.5,0.88,31.6,DEGRADED,26.1,30,315,True,True
2026-08-29T12:25:00,325.0,CAM-05,Blackmagic,Jorge,Location B - Public Market (Exterior),exterior,95.0,-77.0,81.8,0.79,29.9,DEGRADED,13.7,89,642,True,True
2026-08-29T12:25:30,325.5,CAM-01,Sony FX6,Ariel,Location B - Public Market (Exterior),exterior,18.0,-55.1,84.8,0.95,29.7,OK,45.9,0,35,True,True
2026-08-29T12:25:30,325.5,CAM-02,Sony FX6,Marlon,Location B - Public Market (Exterior),exterior,32.0,-61.0,84.0,0.92,30.3,OK,46.2,1,59,True,True
2026-08-29T12:25:30,325.5,CAM-03,Sony FX3,Kiko,Location B - Public Market (Exterior),exterior,68.0,-65.7,76.4,0.61,32.0,DEGRADED,29.3,30,263,True,True
2026-08-29T12:25:30,325.5,CAM-04,Sony FX3,Dennis,Location B - Public Market (Exterior),exterior,45.0,-65.4,83.9,0.88,32.3,DEGRADED,29.3,2,221,True,True
2026-08-29T12:25:30,325.5,CAM-05,Blackmagic,Jorge,Location B - Public Market (Exterior),exterior,95.0,-77.5,81.3,0.79,32.2,DEGRADED,14.2,24,366,True,True
2026-08-29T12:26:00,326.0,CAM-01,Sony FX6,Ariel,Location B - Public Market (Exterior),exterior,18.0,-57.5,85.3,0.95,30.6,OK,44.3,0,35,True,True
2026-08-29T12:26:00,326.0,CAM-02,Sony FX6,Marlon,Location B - Public Market (Exterior),exterior,32.0,-61.8,84.7,0.92,31.8,OK,41.9,3,42,True,True
2026-08-29T12:26:00,326.0,CAM-03,Sony FX3,Kiko,Location B - Public Market (Exterior),exterior,68.0,-68.5,76.2,0.61,31.3,DEGRADED,20.1,26,172,True,True
2026-08-29T12:26:00,326.0,CAM-04,Sony FX3,Dennis,Location B - Public Market (Exterior),exterior,45.0,-66.3,82.9,0.88,31.5,DEGRADED,28.3,22,150,True,True
2026-08-29T12:26:00,326.0,CAM-05,Blackmagic,Jorge,Location B - Public Market (Exterior),exterior,95.0,-75.7,81.5,0.79,31.8,DEGRADED,17.0,17,109,True,True
2026-08-29T12:26:30,326.5,CAM-01,Sony FX6,Ariel,Location B - Public Market (Exterior),exterior,18.0,-55.1,85.5,0.95,30.9,OK,47.2,0,35,True,True
2026-08-29T12:26:30,326.5,CAM-02,Sony FX6,Marlon,Location B - Public Market (Exterior),exterior,32.0,-60.6,84.0,0.92,31.0,OK,45.7,0,67,True,True
2026-08-29T12:26:30,326.5,CAM-03,Sony FX3,Kiko,Location B - Public Market (Exterior),exterior,68.0,-69.3,76.3,0.61,30.9,DEGRADED,18.4,66,353,True,True
2026-08-29T12:26:30,326.5,CAM-04,Sony FX3,Dennis,Location B - Public Market (Exterior),exterior,45.0,-61.2,83.1,0.88,31.0,OK,45.0,10,45,True,True
2026-08-29T12:26:30,326.5,CAM-05,Blackmagic,Jorge,Location B - Public Market (Exterior),exterior,95.0,-77.8,81.7,0.79,32.2,DEGRADED,15.8,28,491,True,True
2026-08-29T12:27:00,327.0,CAM-01,Sony FX6,Ariel,Location B - Public Market (Exterior),exterior,18.0,-52.3,84.2,0.95,29.7,OK,48.7,0,35,True,True
2026-08-29T12:27:00,327.0,CAM-02,Sony FX6,Marlon,Location B - Public Market (Exterior),exterior,32.0,-58.7,83.9,0.92,32.0,OK,45.7,0,35,True,True
2026-08-29T12:27:00,327.0,CAM-03,Sony FX3,Kiko,Location B - Public Market (Exterior),exterior,68.0,-68.3,75.6,0.61,31.1,DEGRADED,21.8,73,179,True,True
2026-08-29T12:27:00,327.0,CAM-04,Sony FX3,Dennis,Location B - Public Market (Exterior),exterior,45.0,-65.7,82.5,0.88,31.5,DEGRADED,26.8,7,175,True,True
2026-08-29T12:27:00,327.0,CAM-05,Blackmagic,Jorge,Location B - Public Market (Exterior),exterior,95.0,-77.2,81.3,0.79,30.1,DEGRADED,14.4,2,432,True,True
2026-08-29T12:27:30,327.5,CAM-01,Sony FX6,Ariel,Location B - Public Market (Exterior),exterior,18.0,-54.7,84.4,0.95,31.6,OK,48.7,0,35,True,True
2026-08-29T12:27:30,327.5,CAM-02,Sony FX6,Marlon,Location B - Public Market (Exterior),exterior,32.0,-62.4,83.8,0.92,29.2,OK,41.9,2,151,True,True
2026-08-29T12:27:30,327.5,CAM-03,Sony FX3,Kiko,Location B - Public Market (Exterior),exterior,68.0,-66.6,75.4,0.61,29.9,DEGRADED,29.5,48,254,True,True
2026-08-29T12:27:30,327.5,CAM-04,Sony FX3,Dennis,Location B - Public Market (Exterior),exterior,45.0,-60.5,82.8,0.88,30.6,OK,44.6,2,58,True,True
2026-08-29T12:27:30,327.5,CAM-05,Blackmagic,Jorge,Location B - Public Market (Exterior),exterior,95.0,-77.4,81.2,0.79,30.3,DEGRADED,15.1,8,431,True,True
2026-08-29T12:28:00,328.0,CAM-01,Sony FX6,Ariel,Location B - Public Market (Exterior),exterior,18.0,-58.5,84.9,0.95,30.7,OK,46.4,0,35,True,True
2026-08-29T12:28:00,328.0,CAM-02,Sony FX6,Marlon,Location B - Public Market (Exterior),exterior,32.0,-61.7,83.7,0.92,33.4,OK,44.0,5,64,True,True
2026-08-29T12:28:00,328.0,CAM-03,Sony FX3,Kiko,Location B - Public Market (Exterior),exterior,68.0,-70.3,75.3,0.61,30.6,DEGRADED,14.4,52,292,True,True
2026-08-29T12:28:00,328.0,CAM-04,Sony FX3,Dennis,Location B - Public Market (Exterior),exterior,45.0,-61.0,82.8,0.88,29.5,OK,43.2,7,54,True,True
2026-08-29T12:28:00,328.0,CAM-05,Blackmagic,Jorge,Location B - Public Market (Exterior),exterior,95.0,-73.5,81.0,0.79,31.3,CRITICAL,5.0,64,216,True,True
2026-08-29T12:28:30,328.5,CAM-01,Sony FX6,Ariel,Location B - Public Market (Exterior),exterior,18.0,-57.1,83.9,0.95,32.0,OK,48.6,0,35,True,True
2026-08-29T12:28:30,328.5,CAM-02,Sony FX6,Marlon,Location B - Public Market (Exterior),exterior,32.0,-64.1,83.1,0.92,31.2,OK,37.1,5,109,True,True
2026-08-29T12:28:30,328.5,CAM-03,Sony FX3,Kiko,Location B - Public Market (Exterior),exterior,68.0,-66.8,75.8,0.61,30.9,DEGRADED,27.3,8,347,True,True
2026-08-29T12:28:30,328.5,CAM-04,Sony FX3,Dennis,Location B - Public Market (Exterior),exterior,45.0,-64.5,82.8,0.88,29.3,OK,35.4,15,204,True,True
2026-08-29T12:28:30,328.5,CAM-05,Blackmagic,Jorge,Location B - Public Market (Exterior),exterior,95.0,-74.7,81.0,0.79,31.8,CRITICAL,2.5,1,123,True,True
2026-08-29T12:29:00,329.0,CAM-01,Sony FX6,Ariel,Location B - Public Market (Exterior),exterior,18.0,-56.9,84.1,0.95,32.1,OK,47.1,0,35,True,True
2026-08-29T12:29:00,329.0,CAM-02,Sony FX6,Marlon,Location B - Public Market (Exterior),exterior,32.0,-61.7,83.0,0.92,31.2,OK,41.9,13,65,True,True
2026-08-29T12:29:00,329.0,CAM-03,Sony FX3,Kiko,Location B - Public Market (Exterior),exterior,68.0,-66.5,75.0,0.61,31.1,DEGRADED,26.4,5,183,True,True
2026-08-29T12:29:00,329.0,CAM-04,Sony FX3,Dennis,Location B - Public Market (Exterior),exterior,45.0,-61.9,82.8,0.88,31.4,OK,44.1,14,79,True,True
2026-08-29T12:29:00,329.0,CAM-05,Blackmagic,Jorge,Location B - Public Market (Exterior),exterior,95.0,-73.8,80.5,0.79,31.4,CRITICAL,2.4,45,788,True,True
2026-08-29T12:29:30,329.5,CAM-01,Sony FX6,Ariel,Location B - Public Market (Exterior),exterior,18.0,-54.9,84.2,0.95,31.2,OK,48.4,0,35,True,True
2026-08-29T12:29:30,329.5,CAM-02,Sony FX6,Marlon,Location B - Public Market (Exterior),exterior,32.0,-63.0,83.1,0.92,31.9,OK,36.9,20,125,True,True
2026-08-29T12:29:30,329.5,CAM-03,Sony FX3,Kiko,Location B - Public Market (Exterior),exterior,68.0,-68.5,75.3,0.61,31.3,DEGRADED,20.1,59,321,True,True
2026-08-29T12:29:30,329.5,CAM-04,Sony FX3,Dennis,Location B - Public Market (Exterior),exterior,45.0,-60.7,83.1,0.88,30.9,OK,48.6,4,69,True,True
2026-08-29T12:29:30,329.5,CAM-05,Blackmagic,Jorge,Location B - Public Market (Exterior),exterior,95.0,-71.5,80.8,0.79,31.5,DEGRADED,12.9,86,211,True,True
2026-08-29T12:30:00,330.0,CAM-01,Sony FX6,Ariel,Location B - Public Market (Exterior),exterior,18.0,-55.3,84.1,0.95,30.2,OK,48.0,0,35,True,True
2026-08-29T12:30:00,330.0,CAM-02,Sony FX6,Marlon,Location B - Public Market (Exterior),exterior,32.0,-58.8,82.6,0.92,31.7,OK,47.1,0,35,True,True
2026-08-29T12:30:00,330.0,CAM-03,Sony FX3,Kiko,Location B - Public Market (Exterior),exterior,68.0,-68.9,75.2,0.61,31.3,DEGRADED,19.3,42,266,True,True
2026-08-29T12:30:00,330.0,CAM-04,Sony FX3,Dennis,Location B - Public Market (Exterior),exterior,45.0,-64.7,82.8,0.88,30.7,OK,35.4,11,226,True,True
2026-08-29T12:30:00,330.0,CAM-05,Blackmagic,Jorge,Location B - Public Market (Exterior),exterior,95.0,-75.1,80.7,0.79,32.2,DEGRADED,16.4,55,177,True,True
2026-08-29T12:30:30,330.5,CAM-01,Sony FX6,Ariel,Location B - Public Market (Exterior),exterior,18.0,-56.8,84.1,0.95,32.2,OK,48.1,0,35,True,True
2026-08-29T12:30:30,330.5,CAM-02,Sony FX6,Marlon,Location B - Public Market (Exterior),exterior,32.0,-60.2,83.3,0.92,32.1,OK,49.7,0,39,True,True
2026-08-29T12:30:30,330.5,CAM-03,Sony FX3,Kiko,Location B - Public Market (Exterior),exterior,68.0,-65.4,74.8,0.61,30.6,DEGRADED,31.2,41,160,True,True
2026-08-29T12:30:30,330.5,CAM-04,Sony FX3,Dennis,Location B - Public Market (Exterior),exterior,45.0,-65.4,81.9,0.88,31.0,DEGRADED,31.6,34,313,True,True
2026-08-29T12:30:30,330.5,CAM-05,Blackmagic,Jorge,Location B - Public Market (Exterior),exterior,95.0,-75.8,79.6,0.79,30.1,DEGRADED,15.4,92,611,True,True
2026-08-29T12:31:00,331.0,CAM-01,Sony FX6,Ariel,Location B - Public Market (Exterior),exterior,18.0,-59.8,83.1,0.95,31.4,OK,47.6,0,35,True,True
2026-08-29T12:31:00,331.0,CAM-02,Sony FX6,Marlon,Location B - Public Market (Exterior),exterior,32.0,-60.7,82.9,0.92,30.0,OK,44.4,1,45,True,True
2026-08-29T12:31:00,331.0,CAM-03,Sony FX3,Kiko,Location B - Public Market (Exterior),exterior,68.0,-67.2,74.6,0.61,32.4,DEGRADED,27.9,66,445,True,True
2026-08-29T12:31:00,331.0,CAM-04,Sony FX3,Dennis,Location B - Public Market (Exterior),exterior,45.0,-62.1,82.2,0.88,30.8,OK,41.7,10,69,True,True
2026-08-29T12:31:00,331.0,CAM-05,Blackmagic,Jorge,Location B - Public Market (Exterior),exterior,95.0,-71.7,80.5,0.79,31.6,DEGRADED,8.1,26,133,True,True
2026-08-29T12:31:30,331.5,CAM-01,Sony FX6,Ariel,Location B - Public Market (Exterior),exterior,18.0,-55.0,82.8,0.95,30.2,OK,47.7,0,35,True,True
2026-08-29T12:31:30,331.5,CAM-02,Sony FX6,Marlon,Location B - Public Market (Exterior),exterior,32.0,-62.8,83.2,0.92,30.8,OK,35.7,14,88,True,True
2026-08-29T12:31:30,331.5,CAM-03,Sony FX3,Kiko,Location B - Public Market (Exterior),exterior,68.0,-67.5,74.6,0.61,29.5,DEGRADED,22.3,55,177,True,True
2026-08-29T12:31:30,331.5,CAM-04,Sony FX3,Dennis,Location B - Public Market (Exterior),exterior,45.0,-62.8,81.3,0.88,29.7,OK,36.3,9,83,True,True
2026-08-29T12:31:30,331.5,CAM-05,Blackmagic,Jorge,Location B - Public Market (Exterior),exterior,95.0,-72.7,80.4,0.79,31.5,CRITICAL,6.2,110,508,True,True
2026-08-29T12:32:00,332.0,CAM-01,Sony FX6,Ariel,Location B - Public Market (Exterior),exterior,18.0,-62.8,83.3,0.95,31.5,OK,39.4,7,58,True,True
2026-08-29T12:32:00,332.0,CAM-02,Sony FX6,Marlon,Location B - Public Market (Exterior),exterior,32.0,-62.3,83.1,0.92,29.3,OK,39.9,12,163,True,True
2026-08-29T12:32:00,332.0,CAM-03,Sony FX3,Kiko,Location B - Public Market (Exterior),exterior,68.0,-61.8,73.7,0.61,30.9,OK,42.8,5,118,True,True
2026-08-29T12:32:00,332.0,CAM-04,Sony FX3,Dennis,Location B - Public Market (Exterior),exterior,45.0,-65.1,81.8,0.88,32.0,OK,31.0,18,296,True,True
2026-08-29T12:32:00,332.0,CAM-05,Blackmagic,Jorge,Location B - Public Market (Exterior),exterior,95.0,-68.6,80.7,0.79,31.1,DEGRADED,22.1,78,135,True,True
2026-08-29T12:32:30,332.5,CAM-01,Sony FX6,Ariel,Location B - Public Market (Exterior),exterior,18.0,-59.5,83.7,0.95,31.6,OK,47.9,0,35,True,True
2026-08-29T12:32:30,332.5,CAM-02,Sony FX6,Marlon,Location B - Public Market (Exterior),exterior,32.0,-62.8,84.0,0.92,32.1,OK,38.4,15,85,True,True
2026-08-29T12:32:30,332.5,CAM-03,Sony FX3,Kiko,Location B - Public Market (Exterior),exterior,68.0,-62.2,73.3,0.61,31.3,OK,39.8,6,81,True,True
2026-08-29T12:32:30,332.5,CAM-04,Sony FX3,Dennis,Location B - Public Market (Exterior),exterior,45.0,-63.6,81.7,0.88,30.5,OK,36.1,25,94,True,True
2026-08-29T12:32:30,332.5,CAM-05,Blackmagic,Jorge,Location B - Public Market (Exterior),exterior,95.0,-66.7,79.7,0.79,32.0,DEGRADED,26.8,42,107,True,True
2026-08-29T12:33:00,333.0,CAM-01,Sony FX6,Ariel,Location B - Public Market (Exterior),exterior,18.0,-53.3,82.8,0.95,31.4,OK,47.6,0,35,True,True
2026-08-29T12:33:00,333.0,CAM-02,Sony FX6,Marlon,Location B - Public Market (Exterior),exterior,32.0,-62.0,82.5,0.92,31.6,OK,41.1,2,83,True,True
2026-08-29T12:33:00,333.0,CAM-03,Sony FX3,Kiko,Location B - Public Market (Exterior),exterior,68.0,-64.6,73.6,0.61,31.7,OK,32.3,38,258,True,True
2026-08-29T12:33:00,333.0,CAM-04,Sony FX3,Dennis,Location B - Public Market (Exterior),exterior,45.0,-63.7,82.5,0.88,30.3,OK,34.3,1,152,True,True
2026-08-29T12:33:00,333.0,CAM-05,Blackmagic,Jorge,Location B - Public Market (Exterior),exterior,95.0,-70.3,79.5,0.79,30.1,DEGRADED,12.8,2,381,True,True
2026-08-29T12:33:30,333.5,CAM-01,Sony FX6,Ariel,Location B - Public Market (Exterior),exterior,18.0,-55.8,82.2,0.95,31.2,OK,47.0,0,35,True,True
2026-08-29T12:33:30,333.5,CAM-02,Sony FX6,Marlon,Location B - Public Market (Exterior),exterior,32.0,-63.1,82.2,0.92,30.8,OK,38.9,13,66,True,True
2026-08-29T12:33:30,333.5,CAM-03,Sony FX3,Kiko,Location B - Public Market (Exterior),exterior,68.0,-63.7,73.2,0.61,32.3,OK,36.9,24,218,True,True
2026-08-29T12:33:30,333.5,CAM-04,Sony FX3,Dennis,Location B - Public Market (Exterior),exterior,45.0,-61.5,80.8,0.88,32.7,OK,44.5,5,95,True,True
2026-08-29T12:33:30,333.5,CAM-05,Blackmagic,Jorge,Location B - Public Market (Exterior),exterior,95.0,-69.5,79.4,0.79,31.5,DEGRADED,17.7,75,167,True,True
2026-08-29T12:34:00,334.0,CAM-01,Sony FX6,Ariel,Location B - Public Market (Exterior),exterior,18.0,-55.8,83.1,0.95,30.5,OK,50.0,0,35,True,True
2026-08-29T12:34:00,334.0,CAM-02,Sony FX6,Marlon,Location B - Public Market (Exterior),exterior,32.0,-59.3,82.4,0.92,32.2,OK,47.5,0,35,True,True
2026-08-29T12:34:00,334.0,CAM-03,Sony FX3,Kiko,Location B - Public Market (Exterior),exterior,68.0,-66.1,72.8,0.61,30.8,DEGRADED,28.0,56,369,True,True
2026-08-29T12:34:00,334.0,CAM-04,Sony FX3,Dennis,Location B - Public Market (Exterior),exterior,45.0,-63.0,81.8,0.88,30.5,OK,37.4,4,177,True,True
2026-08-29T12:34:00,334.0,CAM-05,Blackmagic,Jorge,Location B - Public Market (Exterior),exterior,95.0,-67.3,80.0,0.79,30.6,DEGRADED,24.1,49,414,True,True
2026-08-29T12:34:30,334.5,CAM-01,Sony FX6,Ariel,Location B - Public Market (Exterior),exterior,18.0,-56.7,82.4,0.95,30.6,OK,44.2,0,35,True,True
2026-08-29T12:34:30,334.5,CAM-02,Sony FX6,Marlon,Location B - Public Market (Exterior),exterior,32.0,-61.9,82.0,0.92,31.0,OK,42.8,11,124,True,True
2026-08-29T12:34:30,334.5,CAM-03,Sony FX3,Kiko,Location B - Public Market (Exterior),exterior,68.0,-69.5,73.3,0.61,31.4,DEGRADED,19.3,53,73,True,True
2026-08-29T12:34:30,334.5,CAM-04,Sony FX3,Dennis,Location B - Public Market (Exterior),exterior,45.0,-65.1,81.7,0.88,30.4,OK,28.7,39,278,True,True
2026-08-29T12:34:30,334.5,CAM-05,Blackmagic,Jorge,Location B - Public Market (Exterior),exterior,95.0,-68.5,79.5,0.79,30.1,DEGRADED,21.6,77,292,True,True
2026-08-29T12:35:00,335.0,CAM-01,Sony FX6,Ariel,Location B - Public Market (Exterior),exterior,18.0,-56.5,82.7,0.95,31.2,OK,47.9,0,35,True,True
2026-08-29T12:35:00,335.0,CAM-02,Sony FX6,Marlon,Location B - Public Market (Exterior),exterior,32.0,-60.9,81.9,0.92,30.5,OK,45.1,7,57,True,True
2026-08-29T12:35:00,335.0,CAM-03,Sony FX3,Kiko,Location B - Public Market (Exterior),exterior,68.0,-64.3,73.2,0.61,31.2,OK,34.8,25,281,True,True
2026-08-29T12:35:00,335.0,CAM-04,Sony FX3,Dennis,Location B - Public Market (Exterior),exterior,45.0,-61.9,81.2,0.88,32.2,OK,41.4,11,62,True,True
2026-08-29T12:35:00,335.0,CAM-05,Blackmagic,Jorge,Location B - Public Market (Exterior),exterior,95.0,-65.0,79.5,0.79,30.2,OK,29.5,20,253,True,True
2026-08-29T12:35:30,335.5,CAM-01,Sony FX6,Ariel,Location B - Public Market (Exterior),exterior,18.0,-57.5,83.3,0.95,31.2,OK,46.3,0,35,True,True
2026-08-29T12:35:30,335.5,CAM-02,Sony FX6,Marlon,Location B - Public Market (Exterior),exterior,32.0,-60.1,82.1,0.92,31.5,OK,47.5,0,36,True,True
2026-08-29T12:35:30,335.5,CAM-03,Sony FX3,Kiko,Location B - Public Market (Exterior),exterior,68.0,-61.6,72.5,0.61,29.9,OK,42.8,11,67,True,True
2026-08-29T12:35:30,335.5,CAM-04,Sony FX3,Dennis,Location B - Public Market (Exterior),exterior,45.0,-61.5,81.1,0.88,32.6,OK,43.0,7,101,True,True
2026-08-29T12:35:30,335.5,CAM-05,Blackmagic,Jorge,Location B - Public Market (Exterior),exterior,95.0,-70.4,78.5,0.79,31.3,DEGRADED,14.0,93,312,True,True
2026-08-29T12:36:00,336.0,CAM-01,Sony FX6,Ariel,Location B - Public Market (Exterior),exterior,18.0,-60.0,82.9,0.95,29.1,OK,44.8,0,35,True,True
2026-08-29T12:36:00,336.0,CAM-02,Sony FX6,Marlon,Location B - Public Market (Exterior),exterior,32.0,-59.8,81.7,0.92,32.1,OK,46.4,0,35,True,True
2026-08-29T12:36:00,336.0,CAM-03,Sony FX3,Kiko,Location B - Public Market (Exterior),exterior,68.0,-63.5,72.8,0.61,30.4,OK,36.6,22,145,True,True
2026-08-29T12:36:00,336.0,CAM-04,Sony FX3,Dennis,Location B - Public Market (Exterior),exterior,45.0,-62.2,81.2,0.88,30.3,OK,41.1,17,160,True,True
2026-08-29T12:36:00,336.0,CAM-05,Blackmagic,Jorge,Location B - Public Market (Exterior),exterior,95.0,-68.4,78.3,0.79,30.9,DEGRADED,21.3,51,171,True,True
2026-08-29T12:36:30,336.5,CAM-01,Sony FX6,Ariel,Location B - Public Market (Exterior),exterior,18.0,-58.8,82.6,0.95,32.3,OK,48.9,0,35,True,True
2026-08-29T12:36:30,336.5,CAM-02,Sony FX6,Marlon,Location B - Public Market (Exterior),exterior,32.0,-59.9,81.3,0.92,30.8,OK,48.4,0,35,True,True
2026-08-29T12:36:30,336.5,CAM-03,Sony FX3,Kiko,Location B - Public Market (Exterior),exterior,68.0,-64.5,72.5,0.61,29.7,OK,32.5,39,219,True,True
2026-08-29T12:36:30,336.5,CAM-04,Sony FX3,Dennis,Location B - Public Market (Exterior),exterior,45.0,-65.1,81.2,0.88,30.9,OK,31.1,26,317,True,True
2026-08-29T12:36:30,336.5,CAM-05,Blackmagic,Jorge,Location B - Public Market (Exterior),exterior,95.0,-70.4,79.1,0.79,32.9,DEGRADED,15.1,8,496,True,True
2026-08-29T12:37:00,337.0,CAM-01,Sony FX6,Ariel,Location B - Public Market (Exterior),exterior,18.0,-58.4,82.0,0.95,30.6,OK,49.7,0,35,True,True
2026-08-29T12:37:00,337.0,CAM-02,Sony FX6,Marlon,Location B - Public Market (Exterior),exterior,32.0,-61.2,81.6,0.92,31.4,OK,45.0,4,50,True,True
2026-08-29T12:37:00,337.0,CAM-03,Sony FX3,Kiko,Location B - Public Market (Exterior),exterior,68.0,-63.3,72.3,0.61,30.8,OK,36.9,22,64,True,True
2026-08-29T12:37:00,337.0,CAM-04,Sony FX3,Dennis,Location B - Public Market (Exterior),exterior,45.0,-65.3,81.6,0.88,29.8,DEGRADED,30.0,21,337,True,True
2026-08-29T12:37:00,337.0,CAM-05,Blackmagic,Jorge,Location B - Public Market (Exterior),exterior,95.0,-71.7,78.8,0.79,30.5,DEGRADED,9.3,61,424,True,True
2026-08-29T12:37:30,337.5,CAM-01,Sony FX6,Ariel,Location B - Public Market (Exterior),exterior,18.0,-56.8,82.3,0.95,30.1,OK,48.1,0,35,True,True
2026-08-29T12:37:30,337.5,CAM-02,Sony FX6,Marlon,Location B - Public Market (Exterior),exterior,32.0,-61.0,81.3,0.92,30.3,OK,43.0,0,92,True,True
2026-08-29T12:37:30,337.5,CAM-03,Sony FX3,Kiko,Location B - Public Market (Exterior),exterior,68.0,-68.3,71.1,0.61,30.1,DEGRADED,21.1,42,232,True,True
2026-08-29T12:37:30,337.5,CAM-04,Sony FX3,Dennis,Location B - Public Market (Exterior),exterior,45.0,-60.7,79.8,0.88,32.1,OK,44.9,5,65,True,True
2026-08-29T12:37:30,337.5,CAM-05,Blackmagic,Jorge,Location B - Public Market (Exterior),exterior,95.0,-70.3,78.6,0.79,32.2,DEGRADED,16.4,31,184,True,True
2026-08-29T12:38:00,338.0,CAM-01,Sony FX6,Ariel,Location B - Public Market (Exterior),exterior,18.0,-54.0,81.8,0.95,31.3,OK,45.9,0,35,True,True
2026-08-29T12:38:00,338.0,CAM-02,Sony FX6,Marlon,Location B - Public Market (Exterior),exterior,32.0,-60.0,81.4,0.92,32.4,OK,49.2,0,35,True,True
2026-08-29T12:38:00,338.0,CAM-03,Sony FX3,Kiko,Location B - Public Market (Exterior),exterior,68.0,-71.4,72.7,0.61,30.2,DEGRADED,10.9,98,386,True,True
2026-08-29T12:38:00,338.0,CAM-04,Sony FX3,Dennis,Location B - Public Market (Exterior),exterior,45.0,-63.5,80.5,0.88,30.1,OK,37.7,12,109,True,True
2026-08-29T12:38:00,338.0,CAM-05,Blackmagic,Jorge,Location B - Public Market (Exterior),exterior,95.0,-71.6,77.9,0.79,30.2,DEGRADED,12.0,64,681,True,True
2026-08-29T12:38:30,338.5,CAM-01,Sony FX6,Ariel,Location B - Public Market (Exterior),exterior,18.0,-56.4,81.7,0.95,31.3,OK,46.6,0,35,True,True
2026-08-29T12:38:30,338.5,CAM-02,Sony FX6,Marlon,Location B - Public Market (Exterior),exterior,32.0,-56.9,81.4,0.92,31.8,OK,48.3,0,35,True,True
2026-08-29T12:38:30,338.5,CAM-03,Sony FX3,Kiko,Location B - Public Market (Exterior),exterior,68.0,-67.0,71.7,0.61,30.9,DEGRADED,21.5,36,304,True,True
2026-08-29T12:38:30,338.5,CAM-04,Sony FX3,Dennis,Location B - Public Market (Exterior),exterior,45.0,-61.2,80.3,0.88,31.9,OK,45.5,7,49,True,True
2026-08-29T12:38:30,338.5,CAM-05,Blackmagic,Jorge,Location B - Public Market (Exterior),exterior,95.0,-71.5,77.9,0.79,31.3,DEGRADED,13.4,63,544,True,True
2026-08-29T12:39:00,339.0,CAM-01,Sony FX6,Ariel,Location B - Public Market (Exterior),exterior,18.0,-56.2,82.0,0.95,31.3,OK,48.8,0,35,True,True
2026-08-29T12:39:00,339.0,CAM-02,Sony FX6,Marlon,Location B - Public Market (Exterior),exterior,32.0,-63.1,82.2,0.92,31.7,OK,36.4,26,155,True,True
2026-08-29T12:39:00,339.0,CAM-03,Sony FX3,Kiko,Location B - Public Market (Exterior),exterior,68.0,-69.0,71.3,0.61,30.6,DEGRADED,20.5,77,279,True,True
2026-08-29T12:39:00,339.0,CAM-04,Sony FX3,Dennis,Location B - Public Market (Exterior),exterior,45.0,-65.2,80.4,0.88,30.7,OK,32.4,43,324,True,True
2026-08-29T12:39:00,339.0,CAM-05,Blackmagic,Jorge,Location B - Public Market (Exterior),exterior,95.0,-71.6,77.7,0.79,31.0,DEGRADED,11.5,97,478,True,True
2026-08-29T12:39:30,339.5,CAM-01,Sony FX6,Ariel,Location B - Public Market (Exterior),exterior,18.0,-61.1,82.1,0.95,29.9,OK,43.1,2,82,True,True
2026-08-29T12:39:30,339.5,CAM-02,Sony FX6,Marlon,Location B - Public Market (Exterior),exterior,32.0,-60.0,80.7,0.92,30.5,OK,48.3,0,35,True,True
2026-08-29T12:39:30,339.5,CAM-03,Sony FX3,Kiko,Location B - Public Market (Exterior),exterior,68.0,-66.6,71.8,0.61,30.5,DEGRADED,24.9,34,115,True,True
2026-08-29T12:39:30,339.5,CAM-04,Sony FX3,Dennis,Location B - Public Market (Exterior),exterior,45.0,-61.6,80.2,0.88,30.0,OK,43.9,7,125,True,True
2026-08-29T12:39:30,339.5,CAM-05,Blackmagic,Jorge,Location B - Public Market (Exterior),exterior,95.0,-69.0,77.8,0.79,29.7,DEGRADED,18.7,43,503,True,True
2026-08-29T12:40:00,340.0,CAM-01,Sony FX6,Ariel,Location B - Public Market (Exterior),exterior,18.0,-57.3,81.8,0.95,31.1,OK,48.1,0,35,True,True
2026-08-29T12:40:00,340.0,CAM-02,Sony FX6,Marlon,Location B - Public Market (Exterior),exterior,32.0,-58.8,81.3,0.92,31.7,OK,49.1,0,35,True,True
2026-08-29T12:40:00,340.0,CAM-03,Sony FX3,Kiko,Location B - Public Market (Exterior),exterior,68.0,-64.2,70.9,0.61,31.4,OK,36.5,30,138,True,True
2026-08-29T12:40:00,340.0,CAM-04,Sony FX3,Dennis,Location B - Public Market (Exterior),exterior,45.0,-66.4,80.1,0.88,31.3,DEGRADED,26.9,14,75,True,True
2026-08-29T12:40:00,340.0,CAM-05,Blackmagic,Jorge,Location B - Public Market (Exterior),exterior,95.0,-69.1,78.1,0.79,30.4,DEGRADED,22.1,12,382,True,True
2026-08-29T12:40:30,340.5,CAM-01,Sony FX6,Ariel,Location B - Public Market (Exterior),exterior,18.0,-60.9,81.1,0.95,31.8,OK,47.0,2,45,True,True
2026-08-29T12:40:30,340.5,CAM-02,Sony FX6,Marlon,Location B - Public Market (Exterior),exterior,32.0,-58.4,81.2,0.92,29.5,OK,48.7,0,35,True,True
2026-08-29T12:40:30,340.5,CAM-03,Sony FX3,Kiko,Location B - Public Market (Exterior),exterior,68.0,-67.5,70.8,0.61,30.0,DEGRADED,23.0,58,469,True,True
2026-08-29T12:40:30,340.5,CAM-04,Sony FX3,Dennis,Location B - Public Market (Exterior),exterior,45.0,-65.7,79.7,0.88,31.6,DEGRADED,26.6,32,359,True,True
2026-08-29T12:40:30,340.5,CAM-05,Blackmagic,Jorge,Location B - Public Market (Exterior),exterior,95.0,-68.8,78.0,0.79,30.8,DEGRADED,20.9,26,261,True,True
2026-08-29T12:41:00,341.0,CAM-01,Sony FX6,Ariel,Location B - Public Market (Exterior),exterior,18.0,-55.8,81.4,0.95,30.3,OK,47.6,0,35,True,True
2026-08-29T12:41:00,341.0,CAM-02,Sony FX6,Marlon,Location B - Public Market (Exterior),exterior,32.0,-59.4,81.3,0.92,31.7,OK,49.9,0,35,True,True
2026-08-29T12:41:00,341.0,CAM-03,Sony FX3,Kiko,Location B - Public Market (Exterior),exterior,68.0,-65.5,71.2,0.61,31.3,DEGRADED,31.8,33,62,True,True
2026-08-29T12:41:00,341.0,CAM-04,Sony FX3,Dennis,Location B - Public Market (Exterior),exterior,45.0,-63.2,80.2,0.88,30.2,OK,36.9,20,191,True,True
2026-08-29T12:41:00,341.0,CAM-05,Blackmagic,Jorge,Location B - Public Market (Exterior),exterior,95.0,-71.9,77.9,0.79,31.1,DEGRADED,9.6,87,741,True,True
2026-08-29T12:41:30,341.5,CAM-01,Sony FX6,Ariel,Location B - Public Market (Exterior),exterior,18.0,-59.1,80.6,0.95,31.8,OK,46.8,0,35,True,True
2026-08-29T12:41:30,341.5,CAM-02,Sony FX6,Marlon,Location B - Public Market (Exterior),exterior,32.0,-59.9,80.5,0.92,31.1,OK,47.4,0,35,True,True
2026-08-29T12:41:30,341.5,CAM-03,Sony FX3,Kiko,Location B - Public Market (Exterior),exterior,68.0,-65.7,70.5,0.61,30.8,DEGRADED,34.5,16,326,True,True
2026-08-29T12:41:30,341.5,CAM-04,Sony FX3,Dennis,Location B - Public Market (Exterior),exterior,45.0,-62.0,79.7,0.88,31.4,OK,38.9,17,61,True,True
2026-08-29T12:41:30,341.5,CAM-05,Blackmagic,Jorge,Location B - Public Market (Exterior),exterior,95.0,-67.5,76.8,0.79,30.8,DEGRADED,25.5,12,380,True,True
2026-08-29T12:42:00,342.0,CAM-01,Sony FX6,Ariel,Location B - Public Market (Exterior),exterior,18.0,-57.6,80.3,0.95,31.0,OK,47.0,0,35,True,True
2026-08-29T12:42:00,342.0,CAM-02,Sony FX6,Marlon,Location B - Public Market (Exterior),exterior,32.0,-62.3,80.2,0.92,31.3,OK,41.2,8,171,True,True
2026-08-29T12:42:00,342.0,CAM-03,Sony FX3,Kiko,Location B - Public Market (Exterior),exterior,68.0,-65.4,71.2,0.61,31.1,DEGRADED,31.8,12,198,True,True
2026-08-29T12:42:00,342.0,CAM-04,Sony FX3,Dennis,Location B - Public Market (Exterior),exterior,45.0,-60.4,79.8,0.88,30.6,OK,45.3,1,57,True,True
2026-08-29T12:42:00,342.0,CAM-05,Blackmagic,Jorge,Location B - Public Market (Exterior),exterior,95.0,-64.4,77.2,0.79,31.6,OK,35.3,25,237,True,True
2026-08-29T12:42:30,342.5,CAM-01,Sony FX6,Ariel,Location B - Public Market (Exterior),exterior,18.0,-59.0,81.7,0.95,31.6,OK,48.4,0,35,True,True
2026-08-29T12:42:30,342.5,CAM-02,Sony FX6,Marlon,Location B - Public Market (Exterior),exterior,32.0,-59.9,80.2,0.92,31.1,OK,50.0,0,35,True,True
2026-08-29T12:42:30,342.5,CAM-03,Sony FX3,Kiko,Location B - Public Market (Exterior),exterior,68.0,-66.1,70.3,0.61,30.8,DEGRADED,31.8,45,75,True,True
2026-08-29T12:42:30,342.5,CAM-04,Sony FX3,Dennis,Location B - Public Market (Exterior),exterior,45.0,-65.8,79.3,0.88,32.4,DEGRADED,28.6,43,317,True,True
2026-08-29T12:42:30,342.5,CAM-05,Blackmagic,Jorge,Location B - Public Market (Exterior),exterior,95.0,-68.3,77.0,0.79,30.5,DEGRADED,21.7,12,438,True,True
2026-08-29T12:43:00,343.0,CAM-01,Sony FX6,Ariel,Location B - Public Market (Exterior),exterior,18.0,-58.3,81.6,0.95,32.4,OK,49.0,0,35,True,True
2026-08-29T12:43:00,343.0,CAM-02,Sony FX6,Marlon,Location B - Public Market (Exterior),exterior,32.0,-61.4,81.0,0.92,29.7,OK,44.1,1,112,True,True
2026-08-29T12:43:00,343.0,CAM-03,Sony FX3,Kiko,Location B - Public Market (Exterior),exterior,68.0,-68.5,69.6,0.61,30.7,DEGRADED,21.9,8,443,True,True
2026-08-29T12:43:00,343.0,CAM-04,Sony FX3,Dennis,Location B - Public Market (Exterior),exterior,45.0,-67.0,78.8,0.88,31.2,DEGRADED,25.4,23,275,True,True
2026-08-29T12:43:00,343.0,CAM-05,Blackmagic,Jorge,Location B - Public Market (Exterior),exterior,95.0,-73.5,76.7,0.79,31.7,CRITICAL,6.7,79,345,True,True
2026-08-29T12:43:30,343.5,CAM-01,Sony FX6,Ariel,Location B - Public Market (Exterior),exterior,18.0,-56.6,80.6,0.95,31.6,OK,49.7,0,35,True,True
2026-08-29T12:43:30,343.5,CAM-02,Sony FX6,Marlon,Location B - Public Market (Exterior),exterior,32.0,-61.9,79.7,0.92,31.0,OK,40.7,4,96,True,True
2026-08-29T12:43:30,343.5,CAM-03,Sony FX3,Kiko,Location B - Public Market (Exterior),exterior,68.0,-66.7,68.9,0.61,29.9,DEGRADED,26.8,28,350,True,True
2026-08-29T12:43:30,343.5,CAM-04,Sony FX3,Dennis,Location B - Public Market (Exterior),exterior,45.0,-62.2,79.2,0.88,31.2,OK,41.4,0,109,True,True
2026-08-29T12:43:30,343.5,CAM-05,Blackmagic,Jorge,Location B - Public Market (Exterior),exterior,95.0,-68.0,76.7,0.79,30.3,DEGRADED,18.4,41,428,True,True
2026-08-29T12:44:00,344.0,CAM-01,Sony FX6,Ariel,Location B - Public Market (Exterior),exterior,18.0,-57.2,80.4,0.95,32.9,OK,45.9,0,35,True,True
2026-08-29T12:44:00,344.0,CAM-02,Sony FX6,Marlon,Location B - Public Market (Exterior),exterior,32.0,-59.5,79.6,0.92,30.5,OK,45.5,0,35,True,True
2026-08-29T12:44:00,344.0,CAM-03,Sony FX3,Kiko,Location B - Public Market (Exterior),exterior,68.0,-68.1,70.1,0.61,30.6,DEGRADED,21.3,26,338,True,True
2026-08-29T12:44:00,344.0,CAM-04,Sony FX3,Dennis,Location B - Public Market (Exterior),exterior,45.0,-63.9,78.2,0.88,31.3,OK,36.0,6,248,True,True
2026-08-29T12:44:00,344.0,CAM-05,Blackmagic,Jorge,Location B - Public Market (Exterior),exterior,95.0,-65.2,76.4,0.79,31.0,OK,33.3,8,62,True,True
2026-08-29T12:44:30,344.5,CAM-01,Sony FX6,Ariel,Location B - Public Market (Exterior),exterior,18.0,-56.3,80.3,0.95,31.4,OK,48.6,0,35,True,True
2026-08-29T12:44:30,344.5,CAM-02,Sony FX6,Marlon,Location B - Public Market (Exterior),exterior,32.0,-61.4,80.6,0.92,29.5,OK,46.1,11,98,True,True
2026-08-29T12:44:30,344.5,CAM-03,Sony FX3,Kiko,Location B - Public Market (Exterior),exterior,68.0,-63.6,69.5,0.61,31.7,OK,40.3,9,138,True,True
2026-08-29T12:44:30,344.5,CAM-04,Sony FX3,Dennis,Location B - Public Market (Exterior),exterior,45.0,-63.1,78.8,0.88,30.0,OK,38.1,14,148,True,True
2026-08-29T12:44:30,344.5,CAM-05,Blackmagic,Jorge,Location B - Public Market (Exterior),exterior,95.0,-69.5,76.7,0.79,31.5,DEGRADED,17.7,76,399,True,True
2026-08-29T12:45:00,345.0,CAM-01,Sony FX6,Ariel,Location B - Public Market (Exterior),exterior,18.0,-59.0,80.6,0.95,30.4,OK,49.7,0,35,True,True
2026-08-29T12:45:00,345.0,CAM-02,Sony FX6,Marlon,Location B - Public Market (Exterior),exterior,32.0,-62.2,79.2,0.92,29.8,OK,38.7,8,121,True,True
2026-08-29T12:45:00,345.0,CAM-03,Sony FX3,Kiko,Location B - Public Market (Exterior),exterior,68.0,-65.0,70.3,0.61,30.4,OK,31.2,10,106,True,True
2026-08-29T12:45:00,345.0,CAM-04,Sony FX3,Dennis,Location B - Public Market (Exterior),exterior,45.0,-61.3,78.5,0.88,31.1,OK,43.0,4,51,True,True
2026-08-29T12:45:00,345.0,CAM-05,Blackmagic,Jorge,Location B - Public Market (Exterior),exterior,95.0,-72.7,76.7,0.79,30.8,CRITICAL,7.9,95,180,True,True
2026-08-29T12:45:30,345.5,CAM-01,Sony FX6,Ariel,Location B - Public Market (Exterior),exterior,18.0,-58.7,79.8,0.95,31.4,OK,47.6,0,35,True,True
2026-08-29T12:45:30,345.5,CAM-02,Sony FX6,Marlon,Location B - Public Market (Exterior),exterior,32.0,-56.2,79.1,0.92,31.1,OK,47.0,0,35,True,True
2026-08-29T12:45:30,345.5,CAM-03,Sony FX3,Kiko,Location B - Public Market (Exterior),exterior,68.0,-66.2,68.5,0.61,30.3,DEGRADED,29.1,26,309,True,True
2026-08-29T12:45:30,345.5,CAM-04,Sony FX3,Dennis,Location B - Public Market (Exterior),exterior,45.0,-62.2,79.0,0.88,31.6,OK,38.8,13,161,True,True
2026-08-29T12:45:30,345.5,CAM-05,Blackmagic,Jorge,Location B - Public Market (Exterior),exterior,95.0,-66.6,76.3,0.79,30.7,DEGRADED,27.9,31,300,True,True
2026-08-29T12:46:00,346.0,CAM-01,Sony FX6,Ariel,Location B - Public Market (Exterior),exterior,18.0,-58.1,80.0,0.95,31.1,OK,48.7,0,35,True,True
2026-08-29T12:46:00,346.0,CAM-02,Sony FX6,Marlon,Location B - Public Market (Exterior),exterior,32.0,-59.4,79.5,0.92,29.5,OK,47.4,0,35,True,True
2026-08-29T12:46:00,346.0,CAM-03,Sony FX3,Kiko,Location B - Public Market (Exterior),exterior,68.0,-66.0,68.8,0.61,31.2,DEGRADED,28.3,46,321,True,True
2026-08-29T12:46:00,346.0,CAM-04,Sony FX3,Dennis,Location B - Public Market (Exterior),exterior,45.0,-64.8,78.7,0.88,30.1,OK,30.0,31,198,True,True
2026-08-29T12:46:00,346.0,CAM-05,Blackmagic,Jorge,Location B - Public Market (Exterior),exterior,95.0,-66.8,75.7,0.79,28.6,DEGRADED,25.2,18,65,True,True
2026-08-29T12:46:30,346.5,CAM-01,Sony FX6,Ariel,Location B - Public Market (Exterior),exterior,18.0,-57.0,79.8,0.95,30.5,OK,49.7,0,35,True,True
2026-08-29T12:46:30,346.5,CAM-02,Sony FX6,Marlon,Location B - Public Market (Exterior),exterior,32.0,-61.5,79.5,0.92,31.0,OK,43.1,11,55,True,True
2026-08-29T12:46:30,346.5,CAM-03,Sony FX3,Kiko,Location B - Public Market (Exterior),exterior,68.0,-62.0,68.4,0.61,29.9,OK,41.6,8,136,True,True
2026-08-29T12:46:30,346.5,CAM-04,Sony FX3,Dennis,Location B - Public Market (Exterior),exterior,45.0,-67.3,78.3,0.88,32.1,DEGRADED,24.1,19,419,True,True
2026-08-29T12:46:30,346.5,CAM-05,Blackmagic,Jorge,Location B - Public Market (Exterior),exterior,95.0,-68.7,75.2,0.79,31.6,DEGRADED,21.2,10,214,True,True
2026-08-29T12:47:00,347.0,CAM-01,Sony FX6,Ariel,Location B - Public Market (Exterior),exterior,18.0,-55.8,80.4,0.95,30.8,OK,46.4,0,35,True,True
2026-08-29T12:47:00,347.0,CAM-02,Sony FX6,Marlon,Location B - Public Market (Exterior),exterior,32.0,-60.4,79.5,0.92,31.6,OK,47.2,2,48,True,True
2026-08-29T12:47:00,347.0,CAM-03,Sony FX3,Kiko,Location B - Public Market (Exterior),exterior,68.0,-66.0,68.4,0.61,30.8,DEGRADED,25.3,51,249,True,True
2026-08-29T12:47:00,347.0,CAM-04,Sony FX3,Dennis,Location B - Public Market (Exterior),exterior,45.0,-60.6,77.6,0.88,32.3,OK,47.7,2,65,True,True
2026-08-29T12:47:00,347.0,CAM-05,Blackmagic,Jorge,Location B - Public Market (Exterior),exterior,95.0,-71.2,76.1,0.79,31.6,DEGRADED,12.0,72,140,True,True
2026-08-29T12:47:30,347.5,CAM-01,Sony FX6,Ariel,Location B - Public Market (Exterior),exterior,18.0,-55.3,80.3,0.95,31.8,OK,49.2,0,35,True,True
2026-08-29T12:47:30,347.5,CAM-02,Sony FX6,Marlon,Location B - Public Market (Exterior),exterior,32.0,-61.5,79.1,0.92,30.8,OK,42.4,0,41,True,True
2026-08-29T12:47:30,347.5,CAM-03,Sony FX3,Kiko,Location B - Public Market (Exterior),exterior,68.0,-63.0,68.2,0.61,30.5,OK,38.2,11,193,True,True
2026-08-29T12:47:30,347.5,CAM-04,Sony FX3,Dennis,Location B - Public Market (Exterior),exterior,45.0,-60.4,78.1,0.88,30.8,OK,47.6,0,48,True,True
2026-08-29T12:47:30,347.5,CAM-05,Blackmagic,Jorge,Location B - Public Market (Exterior),exterior,95.0,-68.4,76.3,0.79,31.9,DEGRADED,20.4,12,265,True,True
2026-08-29T12:48:00,348.0,CAM-01,Sony FX6,Ariel,Location B - Public Market (Exterior),exterior,18.0,-56.6,79.4,0.95,31.2,OK,45.5,0,35,True,True
2026-08-29T12:48:00,348.0,CAM-02,Sony FX6,Marlon,Location B - Public Market (Exterior),exterior,32.0,-63.4,78.9,0.92,31.6,OK,34.9,29,211,True,True
2026-08-29T12:48:00,348.0,CAM-03,Sony FX3,Kiko,Location B - Public Market (Exterior),exterior,68.0,-65.1,68.7,0.61,32.3,OK,29.7,23,310,True,True
2026-08-29T12:48:00,348.0,CAM-04,Sony FX3,Dennis,Location B - Public Market (Exterior),exterior,45.0,-65.6,77.3,0.88,31.4,DEGRADED,32.7,21,291,True,True
2026-08-29T12:48:00,348.0,CAM-05,Blackmagic,Jorge,Location B - Public Market (Exterior),exterior,95.0,-71.8,75.5,0.79,32.5,DEGRADED,7.7,100,577,True,True
2026-08-29T12:48:30,348.5,CAM-01,Sony FX6,Ariel,Location B - Public Market (Exterior),exterior,18.0,-57.0,79.3,0.95,30.4,OK,48.3,0,35,True,True
2026-08-29T12:48:30,348.5,CAM-02,Sony FX6,Marlon,Location B - Public Market (Exterior),exterior,32.0,-56.5,79.5,0.92,31.4,OK,50.1,0,35,True,True
2026-08-29T12:48:30,348.5,CAM-03,Sony FX3,Kiko,Location B - Public Market (Exterior),exterior,68.0,-65.9,68.6,0.61,31.8,DEGRADED,30.2,27,379,True,True
2026-08-29T12:48:30,348.5,CAM-04,Sony FX3,Dennis,Location B - Public Market (Exterior),exterior,45.0,-64.3,78.1,0.88,30.9,OK,31.8,2,167,True,True
2026-08-29T12:48:30,348.5,CAM-05,Blackmagic,Jorge,Location B - Public Market (Exterior),exterior,95.0,-69.6,74.7,0.79,31.1,DEGRADED,17.2,85,332,True,True
2026-08-29T12:49:00,349.0,CAM-01,Sony FX6,Ariel,Location B - Public Market (Exterior),exterior,18.0,-59.5,79.8,0.95,30.0,OK,49.0,0,35,True,True
2026-08-29T12:49:00,349.0,CAM-02,Sony FX6,Marlon,Location B - Public Market (Exterior),exterior,32.0,-56.4,78.8,0.92,30.6,OK,47.8,0,35,True,True
2026-08-29T12:49:00,349.0,CAM-03,Sony FX3,Kiko,Location B - Public Market (Exterior),exterior,68.0,-66.0,67.3,0.61,30.2,DEGRADED,29.1,22,213,True,True
2026-08-29T12:49:00,349.0,CAM-04,Sony FX3,Dennis,Location B - Public Market (Exterior),exterior,45.0,-64.6,77.7,0.88,31.8,OK,33.0,36,219,True,True
2026-08-29T12:49:00,349.0,CAM-05,Blackmagic,Jorge,Location B - Public Market (Exterior),exterior,95.0,-70.5,75.1,0.79,30.7,DEGRADED,13.6,66,659,True,True
2026-08-29T12:49:30,349.5,CAM-01,Sony FX6,Ariel,Location B - Public Market (Exterior),exterior,18.0,-56.6,79.1,0.95,30.4,OK,48.9,0,35,True,True
2026-08-29T12:49:30,349.5,CAM-02,Sony FX6,Marlon,Location B - Public Market (Exterior),exterior,32.0,-62.1,78.8,0.92,31.7,OK,39.8,1,81,True,True
2026-08-29T12:49:30,349.5,CAM-03,Sony FX3,Kiko,Location B - Public Market (Exterior),exterior,68.0,-65.5,68.3,0.61,29.6,DEGRADED,28.7,8,157,True,True
2026-08-29T12:49:30,349.5,CAM-04,Sony FX3,Dennis,Location B - Public Market (Exterior),exterior,45.0,-66.1,77.3,0.88,30.9,DEGRADED,28.3,25,161,True,True
2026-08-29T12:49:30,349.5,CAM-05,Blackmagic,Jorge,Location B - Public Market (Exterior),exterior,95.0,-65.8,75.7,0.79,31.6,DEGRADED,29.6,25,306,True,True
2026-08-29T12:50:00,350.0,CAM-01,Sony FX6,Ariel,Location B - Public Market (Exterior),exterior,18.0,-59.6,79.4,0.95,31.3,OK,48.0,0,35,True,True
2026-08-29T12:50:00,350.0,CAM-02,Sony FX6,Marlon,Location B - Public Market (Exterior),exterior,32.0,-63.9,78.5,0.92,30.0,OK,34.9,11,199,True,True
2026-08-29T12:50:00,350.0,CAM-03,Sony FX3,Kiko,Location B - Public Market (Exterior),exterior,68.0,-66.4,67.9,0.61,30.2,DEGRADED,26.2,24,87,True,True
2026-08-29T12:50:00,350.0,CAM-04,Sony FX3,Dennis,Location B - Public Market (Exterior),exterior,45.0,-67.4,77.5,0.88,31.5,DEGRADED,21.6,7,256,True,True
2026-08-29T12:50:00,350.0,CAM-05,Blackmagic,Jorge,Location B - Public Market (Exterior),exterior,95.0,-69.3,75.4,0.79,31.7,DEGRADED,17.8,34,375,True,True
2026-08-29T12:50:30,350.5,CAM-01,Sony FX6,Ariel,Location B - Public Market (Exterior),exterior,18.0,-56.7,78.9,0.95,30.0,OK,49.8,0,35,True,True
2026-08-29T12:50:30,350.5,CAM-02,Sony FX6,Marlon,Location B - Public Market (Exterior),exterior,32.0,-62.7,79.0,0.92,31.6,OK,41.2,20,178,True,True
2026-08-29T12:50:30,350.5,CAM-03,Sony FX3,Kiko,Location B - Public Market (Exterior),exterior,68.0,-67.0,67.6,0.61,32.2,DEGRADED,21.8,10,117,True,True
2026-08-29T12:50:30,350.5,CAM-04,Sony FX3,Dennis,Location B - Public Market (Exterior),exterior,45.0,-65.6,77.5,0.88,30.7,DEGRADED,32.1,3,320,True,True
2026-08-29T12:50:30,350.5,CAM-05,Blackmagic,Jorge,Location B - Public Market (Exterior),exterior,95.0,-67.5,75.2,0.79,31.0,DEGRADED,25.8,53,65,True,True
2026-08-29T12:51:00,351.0,CAM-01,Sony FX6,Ariel,Location B - Public Market (Exterior),exterior,18.0,-55.1,78.6,0.95,31.4,OK,50.1,0,35,True,True
2026-08-29T12:51:00,351.0,CAM-02,Sony FX6,Marlon,Location B - Public Market (Exterior),exterior,32.0,-62.5,77.8,0.92,31.1,OK,42.0,11,161,True,True
2026-08-29T12:51:00,351.0,CAM-03,Sony FX3,Kiko,Location B - Public Market (Exterior),exterior,68.0,-66.4,67.0,0.61,29.7,DEGRADED,31.1,14,114,True,True
2026-08-29T12:51:00,351.0,CAM-04,Sony FX3,Dennis,Location B - Public Market (Exterior),exterior,45.0,-59.7,77.1,0.88,31.2,OK,47.8,0,35,True,True
2026-08-29T12:51:00,351.0,CAM-05,Blackmagic,Jorge,Location B - Public Market (Exterior),exterior,95.0,-69.4,74.0,0.79,30.1,DEGRADED,19.1,76,386,True,True
2026-08-29T12:51:30,351.5,CAM-01,Sony FX6,Ariel,Location B - Public Market (Exterior),exterior,18.0,-57.4,78.8,0.95,31.7,OK,47.7,0,35,True,True
2026-08-29T12:51:30,351.5,CAM-02,Sony FX6,Marlon,Location B - Public Market (Exterior),exterior,32.0,-61.0,77.9,0.92,30.1,OK,45.5,7,94,True,True
2026-08-29T12:51:30,351.5,CAM-03,Sony FX3,Kiko,Location B - Public Market (Exterior),exterior,68.0,-69.0,67.2,0.61,30.1,DEGRADED,19.2,60,80,True,True
2026-08-29T12:51:30,351.5,CAM-04,Sony FX3,Dennis,Location B - Public Market (Exterior),exterior,45.0,-61.7,77.4,0.88,30.0,OK,43.7,0,52,True,True
2026-08-29T12:51:30,351.5,CAM-05,Blackmagic,Jorge,Location B - Public Market (Exterior),exterior,95.0,-68.7,74.1,0.79,31.3,DEGRADED,19.7,18,517,True,True
2026-08-29T12:52:00,352.0,CAM-01,Sony FX6,Ariel,Location B - Public Market (Exterior),exterior,18.0,-59.0,79.7,0.95,31.7,OK,49.5,0,35,True,True
2026-08-29T12:52:00,352.0,CAM-02,Sony FX6,Marlon,Location B - Public Market (Exterior),exterior,32.0,-63.9,77.1,0.92,29.3,OK,34.3,29,132,True,True
2026-08-29T12:52:00,352.0,CAM-03,Sony FX3,Kiko,Location B - Public Market (Exterior),exterior,68.0,-66.5,66.9,0.61,31.9,DEGRADED,29.2,7,392,True,True
2026-08-29T12:52:00,352.0,CAM-04,Sony FX3,Dennis,Location B - Public Market (Exterior),exterior,45.0,-65.3,76.7,0.88,30.3,DEGRADED,31.2,21,109,True,True
2026-08-29T12:52:00,352.0,CAM-05,Blackmagic,Jorge,Location B - Public Market (Exterior),exterior,95.0,-67.4,74.3,0.79,30.4,DEGRADED,23.5,14,327,True,True
2026-08-29T12:52:30,352.5,CAM-01,Sony FX6,Ariel,Location B - Public Market (Exterior),exterior,18.0,-58.4,78.2,0.95,31.9,OK,48.3,0,35,True,True
2026-08-29T12:52:30,352.5,CAM-02,Sony FX6,Marlon,Location B - Public Market (Exterior),exterior,32.0,-64.3,77.7,0.92,30.5,OK,36.0,24,130,True,True
2026-08-29T12:52:30,352.5,CAM-03,Sony FX3,Kiko,Location B - Public Market (Exterior),exterior,68.0,-63.0,67.1,0.61,31.1,OK,39.5,0,186,True,True
2026-08-29T12:52:30,352.5,CAM-04,Sony FX3,Dennis,Location B - Public Market (Exterior),exterior,45.0,-61.7,76.8,0.88,30.9,OK,41.5,2,120,True,True
2026-08-29T12:52:30,352.5,CAM-05,Blackmagic,Jorge,Location B - Public Market (Exterior),exterior,95.0,-68.1,74.2,0.79,31.0,DEGRADED,20.6,49,496,True,True
2026-08-29T12:53:00,353.0,CAM-01,Sony FX6,Ariel,Location B - Public Market (Exterior),exterior,18.0,-56.4,78.4,0.95,30.8,OK,46.3,0,35,True,True
2026-08-29T12:53:00,353.0,CAM-02,Sony FX6,Marlon,Location B - Public Market (Exterior),exterior,32.0,-62.8,77.4,0.92,31.8,OK,41.2,14,131,True,True
2026-08-29T12:53:00,353.0,CAM-03,Sony FX3,Kiko,Location B - Public Market (Exterior),exterior,68.0,-66.3,66.8,0.61,30.5,DEGRADED,29.9,32,120,True,True
2026-08-29T12:53:00,353.0,CAM-04,Sony FX3,Dennis,Location B - Public Market (Exterior),exterior,45.0,-65.1,76.6,0.88,30.7,OK,30.4,33,144,True,True
2026-08-29T12:53:00,353.0,CAM-05,Blackmagic,Jorge,Location B - Public Market (Exterior),exterior,95.0,-73.7,74.7,0.79,30.6,CRITICAL,5.4,10,140,True,True
2026-08-29T12:53:30,353.5,CAM-01,Sony FX6,Ariel,Location B - Public Market (Exterior),exterior,18.0,-57.5,78.5,0.95,31.1,OK,47.6,0,35,True,True
2026-08-29T12:53:30,353.5,CAM-02,Sony FX6,Marlon,Location B - Public Market (Exterior),exterior,32.0,-62.9,77.8,0.92,29.7,OK,39.2,17,104,True,True
2026-08-29T12:53:30,353.5,CAM-03,Sony FX3,Kiko,Location B - Public Market (Exterior),exterior,68.0,-64.9,66.6,0.61,29.7,OK,31.9,33,85,True,True
2026-08-29T12:53:30,353.5,CAM-04,Sony FX3,Dennis,Location B - Public Market (Exterior),exterior,45.0,-62.9,76.2,0.88,30.6,OK,39.7,21,139,True,True
2026-08-29T12:53:30,353.5,CAM-05,Blackmagic,Jorge,Location B - Public Market (Exterior),exterior,95.0,-68.1,74.3,0.79,31.4,DEGRADED,21.5,25,288,True,True
2026-08-29T12:54:00,354.0,CAM-01,Sony FX6,Ariel,Location B - Public Market (Exterior),exterior,18.0,-58.6,78.2,0.95,31.4,OK,48.7,0,35,True,True
2026-08-29T12:54:00,354.0,CAM-02,Sony FX6,Marlon,Location B - Public Market (Exterior),exterior,32.0,-61.7,77.2,0.92,29.9,OK,39.9,15,82,True,True
2026-08-29T12:54:00,354.0,CAM-03,Sony FX3,Kiko,Location B - Public Market (Exterior),exterior,68.0,-63.9,66.2,0.61,30.5,OK,35.3,33,65,True,True
2026-08-29T12:54:00,354.0,CAM-04,Sony FX3,Dennis,Location B - Public Market (Exterior),exterior,45.0,-62.8,76.1,0.88,30.9,OK,39.1,21,114,True,True
2026-08-29T12:54:00,354.0,CAM-05,Blackmagic,Jorge,Location B - Public Market (Exterior),exterior,95.0,-69.0,74.0,0.79,31.4,DEGRADED,20.7,25,235,True,True
2026-08-29T12:54:30,354.5,CAM-01,Sony FX6,Ariel,Location B - Public Market (Exterior),exterior,18.0,-59.8,77.3,0.95,30.9,OK,46.3,0,35,True,True
2026-08-29T12:54:30,354.5,CAM-02,Sony FX6,Marlon,Location B - Public Market (Exterior),exterior,32.0,-58.8,77.7,0.92,31.7,OK,49.0,0,35,True,True
2026-08-29T12:54:30,354.5,CAM-03,Sony FX3,Kiko,Location B - Public Market (Exterior),exterior,68.0,-64.6,65.6,0.61,30.9,OK,31.7,16,95,True,True
2026-08-29T12:54:30,354.5,CAM-04,Sony FX3,Dennis,Location B - Public Market (Exterior),exterior,45.0,-62.4,75.9,0.88,31.6,OK,40.8,4,97,True,True
2026-08-29T12:54:30,354.5,CAM-05,Blackmagic,Jorge,Location B - Public Market (Exterior),exterior,95.0,-71.1,73.4,0.79,31.9,DEGRADED,11.1,44,683,True,True
2026-08-29T12:55:00,355.0,CAM-01,Sony FX6,Ariel,Location B - Public Market (Exterior),exterior,18.0,-58.8,78.5,0.95,29.7,OK,46.8,0,35,True,True
2026-08-29T12:55:00,355.0,CAM-02,Sony FX6,Marlon,Location B - Public Market (Exterior),exterior,32.0,-63.9,77.2,0.92,30.0,OK,35.8,19,101,True,True
2026-08-29T12:55:00,355.0,CAM-03,Sony FX3,Kiko,Location B - Public Market (Exterior),exterior,68.0,-63.2,65.5,0.61,31.6,OK,39.8,16,121,True,True
2026-08-29T12:55:00,355.0,CAM-04,Sony FX3,Dennis,Location B - Public Market (Exterior),exterior,45.0,-68.2,76.1,0.88,31.3,DEGRADED,22.9,21,498,True,True
2026-08-29T12:55:00,355.0,CAM-05,Blackmagic,Jorge,Location B - Public Market (Exterior),exterior,95.0,-68.4,73.2,0.79,31.0,DEGRADED,17.9,52,409,True,True
2026-08-29T12:55:30,355.5,CAM-01,Sony FX6,Ariel,Location B - Public Market (Exterior),exterior,18.0,-59.2,77.7,0.95,29.5,OK,46.9,0,35,True,True
2026-08-29T12:55:30,355.5,CAM-02,Sony FX6,Marlon,Location B - Public Market (Exterior),exterior,32.0,-62.8,77.7,0.92,30.4,OK,40.5,24,162,True,True
2026-08-29T12:55:30,355.5,CAM-03,Sony FX3,Kiko,Location B - Public Market (Exterior),exterior,68.0,-66.0,65.4,0.61,31.5,DEGRADED,30.1,32,304,True,True
2026-08-29T12:55:30,355.5,CAM-04,Sony FX3,Dennis,Location B - Public Market (Exterior),exterior,45.0,-67.1,75.6,0.88,31.9,DEGRADED,22.9,54,182,True,True
2026-08-29T12:55:30,355.5,CAM-05,Blackmagic,Jorge,Location B - Public Market (Exterior),exterior,95.0,-71.7,73.3,0.79,31.7,DEGRADED,9.7,8,91,True,True
2026-08-29T12:56:00,356.0,CAM-01,Sony FX6,Ariel,Location B - Public Market (Exterior),exterior,18.0,-58.5,78.2,0.95,30.4,OK,51.7,0,35,True,True
2026-08-29T12:56:00,356.0,CAM-02,Sony FX6,Marlon,Location B - Public Market (Exterior),exterior,32.0,-60.1,76.4,0.92,31.3,OK,49.4,0,38,True,True
2026-08-29T12:56:00,356.0,CAM-03,Sony FX3,Kiko,Location B - Public Market (Exterior),exterior,68.0,-68.4,65.7,0.61,32.1,DEGRADED,22.3,50,167,True,True
2026-08-29T12:56:00,356.0,CAM-04,Sony FX3,Dennis,Location B - Public Market (Exterior),exterior,45.0,-67.2,76.0,0.88,31.2,DEGRADED,24.4,5,162,True,True
2026-08-29T12:56:00,356.0,CAM-05,Blackmagic,Jorge,Location B - Public Market (Exterior),exterior,95.0,-66.1,73.2,0.79,30.4,DEGRADED,28.2,52,256,True,True
2026-08-29T12:56:30,356.5,CAM-01,Sony FX6,Ariel,Location B - Public Market (Exterior),exterior,18.0,-56.8,77.6,0.95,31.3,OK,45.9,0,35,True,True
2026-08-29T12:56:30,356.5,CAM-02,Sony FX6,Marlon,Location B - Public Market (Exterior),exterior,32.0,-64.9,76.6,0.92,31.4,OK,30.9,26,156,True,True
2026-08-29T12:56:30,356.5,CAM-03,Sony FX3,Kiko,Location B - Public Market (Exterior),exterior,68.0,-63.7,65.8,0.61,31.9,OK,35.3,7,213,True,True
2026-08-29T12:56:30,356.5,CAM-04,Sony FX3,Dennis,Location B - Public Market (Exterior),exterior,45.0,-60.0,76.3,0.88,30.6,OK,49.6,0,35,True,True
2026-08-29T12:56:30,356.5,CAM-05,Blackmagic,Jorge,Location B - Public Market (Exterior),exterior,95.0,-72.2,73.3,0.79,31.1,CRITICAL,6.7,22,543,True,True
2026-08-29T12:57:00,357.0,CAM-01,Sony FX6,Ariel,Location B - Public Market (Exterior),exterior,18.0,-53.5,77.6,0.95,31.4,OK,48.8,0,35,True,True
2026-08-29T12:57:00,357.0,CAM-02,Sony FX6,Marlon,Location B - Public Market (Exterior),exterior,32.0,-58.5,76.7,0.92,32.4,OK,44.5,0,35,True,True
2026-08-29T12:57:00,357.0,CAM-03,Sony FX3,Kiko,Location B - Public Market (Exterior),exterior,68.0,-66.8,65.2,0.61,31.0,DEGRADED,25.8,3,264,True,True
2026-08-29T12:57:00,357.0,CAM-04,Sony FX3,Dennis,Location B - Public Market (Exterior),exterior,45.0,-61.7,75.1,0.88,31.8,OK,40.7,0,73,True,True
2026-08-29T12:57:00,357.0,CAM-05,Blackmagic,Jorge,Location B - Public Market (Exterior),exterior,95.0,-67.3,72.8,0.79,30.9,DEGRADED,23.6,4,204,True,True
2026-08-29T12:57:30,357.5,CAM-01,Sony FX6,Ariel,Location B - Public Market (Exterior),exterior,18.0,-58.4,76.8,0.95,30.2,OK,48.0,0,35,True,True
2026-08-29T12:57:30,357.5,CAM-02,Sony FX6,Marlon,Location B - Public Market (Exterior),exterior,32.0,-58.2,77.0,0.92,29.9,OK,47.9,0,35,True,True
2026-08-29T12:57:30,357.5,CAM-03,Sony FX3,Kiko,Location B - Public Market (Exterior),exterior,68.0,-66.2,65.4,0.61,30.7,DEGRADED,26.1,31,398,True,True
2026-08-29T12:57:30,357.5,CAM-04,Sony FX3,Dennis,Location B - Public Market (Exterior),exterior,45.0,-59.3,75.5,0.88,30.3,OK,48.6,0,35,True,True
2026-08-29T12:57:30,357.5,CAM-05,Blackmagic,Jorge,Location B - Public Market (Exterior),exterior,95.0,-68.6,73.4,0.79,32.0,DEGRADED,18.3,19,304,True,True
2026-08-29T12:58:00,358.0,CAM-01,Sony FX6,Ariel,Location B - Public Market (Exterior),exterior,18.0,-56.3,77.6,0.95,31.3,OK,47.5,0,35,True,True
2026-08-29T12:58:00,358.0,CAM-02,Sony FX6,Marlon,Location B - Public Market (Exterior),exterior,32.0,-61.4,76.5,0.92,31.6,OK,44.9,3,78,True,True
2026-08-29T12:58:00,358.0,CAM-03,Sony FX3,Kiko,Location B - Public Market (Exterior),exterior,68.0,-70.5,64.9,0.61,30.2,DEGRADED,14.0,75,299,True,True
2026-08-29T12:58:00,358.0,CAM-04,Sony FX3,Dennis,Location B - Public Market (Exterior),exterior,45.0,-58.6,75.5,0.88,30.7,OK,49.7,0,35,True,True
2026-08-29T12:58:00,358.0,CAM-05,Blackmagic,Jorge,Location B - Public Market (Exterior),exterior,95.0,-65.6,73.0,0.79,30.8,DEGRADED,30.3,5,370,True,True
2026-08-29T12:58:30,358.5,CAM-01,Sony FX6,Ariel,Location B - Public Market (Exterior),exterior,18.0,-62.3,77.4,0.95,30.6,OK,39.9,11,149,True,True
2026-08-29T12:58:30,358.5,CAM-02,Sony FX6,Marlon,Location B - Public Market (Exterior),exterior,32.0,-59.1,76.2,0.92,30.8,OK,52.1,0,35,True,True
2026-08-29T12:58:30,358.5,CAM-03,Sony FX3,Kiko,Location B - Public Market (Exterior),exterior,68.0,-67.7,64.0,0.61,32.5,DEGRADED,26.5,0,127,True,True
2026-08-29T12:58:30,358.5,CAM-04,Sony FX3,Dennis,Location B - Public Market (Exterior),exterior,45.0,-65.5,75.6,0.88,31.9,DEGRADED,29.7,5,252,True,True
2026-08-29T12:58:30,358.5,CAM-05,Blackmagic,Jorge,Location B - Public Market (Exterior),exterior,95.0,-69.8,72.2,0.79,30.0,DEGRADED,16.3,54,510,True,True
2026-08-29T12:59:00,359.0,CAM-01,Sony FX6,Ariel,Location B - Public Market (Exterior),exterior,18.0,-54.5,76.8,0.95,30.8,OK,47.8,0,35,True,True
2026-08-29T12:59:00,359.0,CAM-02,Sony FX6,Marlon,Location B - Public Market (Exterior),exterior,32.0,-60.9,75.4,0.92,31.7,OK,43.5,5,38,True,True
2026-08-29T12:59:00,359.0,CAM-03,Sony FX3,Kiko,Location B - Public Market (Exterior),exterior,68.0,-65.2,64.7,0.61,31.1,OK,30.2,29,188,True,True
2026-08-29T12:59:00,359.0,CAM-04,Sony FX3,Dennis,Location B - Public Market (Exterior),exterior,45.0,-63.7,75.6,0.88,31.4,OK,36.0,24,222,True,True
2026-08-29T12:59:00,359.0,CAM-05,Blackmagic,Jorge,Location B - Public Market (Exterior),exterior,95.0,-68.4,71.9,0.79,31.3,DEGRADED,20.6,38,281,True,True
2026-08-29T12:59:30,359.5,CAM-01,Sony FX6,Ariel,Location B - Public Market (Exterior),exterior,18.0,-56.8,76.9,0.95,32.4,OK,47.5,0,35,True,True
2026-08-29T12:59:30,359.5,CAM-02,Sony FX6,Marlon,Location B - Public Market (Exterior),exterior,32.0,-60.2,75.6,0.92,31.8,OK,45.0,1,44,True,True
2026-08-29T12:59:30,359.5,CAM-03,Sony FX3,Kiko,Location B - Public Market (Exterior),exterior,68.0,-64.5,64.2,0.61,31.2,OK,35.3,21,69,True,True
2026-08-29T12:59:30,359.5,CAM-04,Sony FX3,Dennis,Location B - Public Market (Exterior),exterior,45.0,-66.3,75.1,0.88,29.8,DEGRADED,28.7,56,138,True,True
2026-08-29T12:59:30,359.5,CAM-05,Blackmagic,Jorge,Location B - Public Market (Exterior),exterior,95.0,-68.5,72.7,0.79,31.1,DEGRADED,19.2,65,113,True,True
2026-08-29T13:00:00,360.0,CAM-01,Sony FX6,Ariel,Location B - Public Market (Exterior),exterior,18.0,-57.7,76.3,0.95,30.7,OK,47.5,0,35,True,True
2026-08-29T13:00:00,360.0,CAM-02,Sony FX6,Marlon,Location B - Public Market (Exterior),exterior,32.0,-59.1,75.4,0.92,31.5,OK,47.8,0,35,True,True
2026-08-29T13:00:00,360.0,CAM-03,Sony FX3,Kiko,Location B - Public Market (Exterior),exterior,68.0,-66.5,64.2,0.61,31.6,DEGRADED,27.5,39,123,True,True
2026-08-29T13:00:00,360.0,CAM-04,Sony FX3,Dennis,Location B - Public Market (Exterior),exterior,45.0,-60.3,74.4,0.88,30.0,OK,45.5,0,43,True,True
2026-08-29T13:00:00,360.0,CAM-05,Blackmagic,Jorge,Location B - Public Market (Exterior),exterior,95.0,-65.0,72.2,0.79,31.2,OK,32.2,32,248,True,True
2026-08-29T13:00:30,360.5,CAM-01,Sony FX6,Ariel,Location B - Public Market (Exterior),exterior,18.0,-56.2,76.5,0.95,30.6,OK,47.6,0,35,True,True
2026-08-29T13:00:30,360.5,CAM-02,Sony FX6,Marlon,Location B - Public Market (Exterior),exterior,32.0,-59.4,75.5,0.92,31.9,OK,48.6,0,35,True,True
2026-08-29T13:00:30,360.5,CAM-03,Sony FX3,Kiko,Location B - Public Market (Exterior),exterior,68.0,-67.2,63.6,0.61,31.0,DEGRADED,23.1,31,300,True,True
2026-08-29T13:00:30,360.5,CAM-04,Sony FX3,Dennis,Location B - Public Market (Exterior),exterior,45.0,-63.7,74.4,0.88,30.9,OK,31.9,29,168,True,True
2026-08-29T13:00:30,360.5,CAM-05,Blackmagic,Jorge,Location B - Public Market (Exterior),exterior,95.0,-68.3,72.3,0.79,31.8,DEGRADED,22.3,23,135,True,True
2026-08-29T13:01:00,361.0,CAM-01,Sony FX6,Ariel,Location B - Public Market (Exterior),exterior,18.0,-57.5,76.9,0.95,31.9,OK,46.6,0,35,True,True
2026-08-29T13:01:00,361.0,CAM-02,Sony FX6,Marlon,Location B - Public Market (Exterior),exterior,32.0,-57.9,76.3,0.92,31.5,OK,48.3,0,35,True,True
2026-08-29T13:01:00,361.0,CAM-03,Sony FX3,Kiko,Location B - Public Market (Exterior),exterior,68.0,-66.9,63.3,0.61,30.6,DEGRADED,26.1,25,330,True,True
2026-08-29T13:01:00,361.0,CAM-04,Sony FX3,Dennis,Location B - Public Market (Exterior),exterior,45.0,-61.0,75.6,0.88,31.1,OK,45.1,5,82,True,True
2026-08-29T13:01:00,361.0,CAM-05,Blackmagic,Jorge,Location B - Public Market (Exterior),exterior,95.0,-68.3,72.7,0.79,30.6,DEGRADED,21.9,44,159,True,True
2026-08-29T13:01:30,361.5,CAM-01,Sony FX6,Ariel,Location B - Public Market (Exterior),exterior,18.0,-54.3,76.4,0.95,31.9,OK,48.1,0,35,True,True
2026-08-29T13:01:30,361.5,CAM-02,Sony FX6,Marlon,Location B - Public Market (Exterior),exterior,32.0,-59.8,75.9,0.92,30.3,OK,50.3,0,35,True,True
2026-08-29T13:01:30,361.5,CAM-03,Sony FX3,Kiko,Location B - Public Market (Exterior),exterior,68.0,-69.3,63.5,0.61,32.1,DEGRADED,19.6,3,307,True,True
2026-08-29T13:01:30,361.5,CAM-04,Sony FX3,Dennis,Location B - Public Market (Exterior),exterior,45.0,-62.9,74.8,0.88,30.2,OK,38.4,1,129,True,True
2026-08-29T13:01:30,361.5,CAM-05,Blackmagic,Jorge,Location B - Public Market (Exterior),exterior,95.0,-66.3,71.3,0.79,30.5,DEGRADED,27.9,1,350,True,True
2026-08-29T13:02:00,362.0,CAM-01,Sony FX6,Ariel,Location B - Public Market (Exterior),exterior,18.0,-59.1,77.2,0.95,31.2,OK,45.6,0,35,True,True
2026-08-29T13:02:00,362.0,CAM-02,Sony FX6,Marlon,Location B - Public Market (Exterior),exterior,32.0,-60.1,75.8,0.92,31.7,OK,44.1,0,35,True,True
2026-08-29T13:02:00,362.0,CAM-03,Sony FX3,Kiko,Location B - Public Market (Exterior),exterior,68.0,-66.4,63.5,0.61,33.1,DEGRADED,28.9,49,332,True,True
2026-08-29T13:02:00,362.0,CAM-04,Sony FX3,Dennis,Location B - Public Market (Exterior),exterior,45.0,-64.5,75.2,0.88,31.4,OK,33.0,6,216,True,True
2026-08-29T13:02:00,362.0,CAM-05,Blackmagic,Jorge,Location B - Public Market (Exterior),exterior,95.0,-66.7,71.6,0.79,31.2,DEGRADED,28.5,47,115,True,True
2026-08-29T13:02:30,362.5,CAM-01,Sony FX6,Ariel,Location B - Public Market (Exterior),exterior,18.0,-57.7,75.3,0.95,30.9,OK,46.0,0,35,True,True
2026-08-29T13:02:30,362.5,CAM-02,Sony FX6,Marlon,Location B - Public Market (Exterior),exterior,32.0,-60.4,75.1,0.92,31.5,OK,48.6,0,40,True,True
2026-08-29T13:02:30,362.5,CAM-03,Sony FX3,Kiko,Location B - Public Market (Exterior),exterior,68.0,-67.6,62.7,0.61,32.5,DEGRADED,25.6,33,98,True,True
2026-08-29T13:02:30,362.5,CAM-04,Sony FX3,Dennis,Location B - Public Market (Exterior),exterior,45.0,-67.5,74.5,0.88,31.0,DEGRADED,23.7,67,121,True,True
2026-08-29T13:02:30,362.5,CAM-05,Blackmagic,Jorge,Location B - Public Market (Exterior),exterior,95.0,-64.8,71.2,0.79,30.4,OK,34.1,5,64,True,True
2026-08-29T13:03:00,363.0,CAM-01,Sony FX6,Ariel,Location B - Public Market (Exterior),exterior,18.0,-54.9,76.5,0.95,32.5,OK,50.4,0,35,True,True
2026-08-29T13:03:00,363.0,CAM-02,Sony FX6,Marlon,Location B - Public Market (Exterior),exterior,32.0,-57.8,75.8,0.92,30.2,OK,47.6,0,35,True,True
2026-08-29T13:03:00,363.0,CAM-03,Sony FX3,Kiko,Location B - Public Market (Exterior),exterior,68.0,-68.5,62.5,0.61,30.2,DEGRADED,21.7,33,487,True,True
2026-08-29T13:03:00,363.0,CAM-04,Sony FX3,Dennis,Location B - Public Market (Exterior),exterior,45.0,-60.2,74.2,0.88,31.6,OK,48.6,1,45,True,True
2026-08-29T13:03:00,363.0,CAM-05,Blackmagic,Jorge,Location B - Public Market (Exterior),exterior,95.0,-70.4,71.3,0.79,30.8,DEGRADED,14.8,72,331,True,True
2026-08-29T13:03:30,363.5,CAM-01,Sony FX6,Ariel,Location B - Public Market (Exterior),exterior,18.0,-60.4,75.1,0.95,31.4,OK,46.6,0,43,True,True
2026-08-29T13:03:30,363.5,CAM-02,Sony FX6,Marlon,Location B - Public Market (Exterior),exterior,32.0,-60.5,75.1,0.92,30.8,OK,46.6,1,57,True,True
2026-08-29T13:03:30,363.5,CAM-03,Sony FX3,Kiko,Location B - Public Market (Exterior),exterior,68.0,-65.9,61.7,0.61,31.2,DEGRADED,25.6,11,259,True,True
2026-08-29T13:03:30,363.5,CAM-04,Sony FX3,Dennis,Location B - Public Market (Exterior),exterior,45.0,-63.6,73.9,0.88,31.2,OK,37.7,7,158,True,True
2026-08-29T13:03:30,363.5,CAM-05,Blackmagic,Jorge,Location B - Public Market (Exterior),exterior,95.0,-70.4,71.2,0.79,31.2,DEGRADED,14.6,15,207,True,True
2026-08-29T13:04:00,364.0,CAM-01,Sony FX6,Ariel,Location B - Public Market (Exterior),exterior,18.0,-54.9,75.8,0.95,30.9,OK,49.0,0,35,True,True
2026-08-29T13:04:00,364.0,CAM-02,Sony FX6,Marlon,Location B - Public Market (Exterior),exterior,32.0,-59.9,75.2,0.92,31.0,OK,46.3,0,35,True,True
2026-08-29T13:04:00,364.0,CAM-03,Sony FX3,Kiko,Location B - Public Market (Exterior),exterior,68.0,-61.6,62.6,0.61,31.5,OK,42.9,3,46,True,True
2026-08-29T13:04:00,364.0,CAM-04,Sony FX3,Dennis,Location B - Public Market (Exterior),exterior,45.0,-60.8,74.1,0.88,31.0,OK,46.7,5,56,True,True
2026-08-29T13:04:00,364.0,CAM-05,Blackmagic,Jorge,Location B - Public Market (Exterior),exterior,95.0,-68.6,71.2,0.79,32.0,DEGRADED,20.5,45,444,True,True
2026-08-29T13:04:30,364.5,CAM-01,Sony FX6,Ariel,Location B - Public Market (Exterior),exterior,18.0,-56.0,75.8,0.95,32.0,OK,49.8,0,35,True,True
2026-08-29T13:04:30,364.5,CAM-02,Sony FX6,Marlon,Location B - Public Market (Exterior),exterior,32.0,-59.8,74.7,0.92,31.0,OK,45.9,0,35,True,True
2026-08-29T13:04:30,364.5,CAM-03,Sony FX3,Kiko,Location B - Public Market (Exterior),exterior,68.0,-71.5,62.3,0.61,30.9,DEGRADED,9.2,57,579,True,True
2026-08-29T13:04:30,364.5,CAM-04,Sony FX3,Dennis,Location B - Public Market (Exterior),exterior,45.0,-64.0,73.2,0.88,30.4,OK,34.2,20,215,True,True
2026-08-29T13:04:30,364.5,CAM-05,Blackmagic,Jorge,Location B - Public Market (Exterior),exterior,95.0,-70.7,72.0,0.79,32.8,DEGRADED,12.7,86,405,True,True
2026-08-29T13:05:00,365.0,CAM-01,Sony FX6,Ariel,Location B - Public Market (Exterior),exterior,18.0,-58.8,75.7,0.95,31.0,OK,48.5,0,35,True,True
2026-08-29T13:05:00,365.0,CAM-02,Sony FX6,Marlon,Location B - Public Market (Exterior),exterior,32.0,-58.5,74.8,0.92,30.8,OK,47.0,0,35,True,True
2026-08-29T13:05:00,365.0,CAM-03,Sony FX3,Kiko,Location B - Public Market (Exterior),exterior,68.0,-63.6,61.3,0.61,31.3,OK,36.8,29,113,True,True
2026-08-29T13:05:00,365.0,CAM-04,Sony FX3,Dennis,Location B - Public Market (Exterior),exterior,45.0,-65.0,73.3,0.88,30.6,OK,32.8,23,267,True,True
2026-08-29T13:05:00,365.0,CAM-05,Blackmagic,Jorge,Location B - Public Market (Exterior),exterior,95.0,-66.8,70.7,0.79,31.5,DEGRADED,26.1,16,385,True,True
2026-08-29T13:05:30,365.5,CAM-01,Sony FX6,Ariel,Location B - Public Market (Exterior),exterior,18.0,-55.0,75.6,0.95,30.7,OK,49.0,0,35,True,True
2026-08-29T13:05:30,365.5,CAM-02,Sony FX6,Marlon,Location B - Public Market (Exterior),exterior,32.0,-63.4,75.6,0.92,30.5,OK,36.4,18,182,True,True
2026-08-29T13:05:30,365.5,CAM-03,Sony FX3,Kiko,Location B - Public Market (Exterior),exterior,68.0,-64.8,61.6,0.61,31.2,OK,33.0,2,91,True,True
2026-08-29T13:05:30,365.5,CAM-04,Sony FX3,Dennis,Location B - Public Market (Exterior),exterior,45.0,-60.9,73.2,0.88,31.5,OK,42.9,4,43,True,True
2026-08-29T13:05:30,365.5,CAM-05,Blackmagic,Jorge,Location B - Public Market (Exterior),exterior,95.0,-73.6,70.6,0.79,30.4,CRITICAL,3.0,75,673,True,True
2026-08-29T13:06:00,366.0,CAM-01,Sony FX6,Ariel,Location B - Public Market (Exterior),exterior,18.0,-55.9,75.4,0.95,31.3,OK,47.5,0,35,True,True
2026-08-29T13:06:00,366.0,CAM-02,Sony FX6,Marlon,Location B - Public Market (Exterior),exterior,32.0,-59.6,74.8,0.92,30.8,OK,48.7,0,35,True,True
2026-08-29T13:06:00,366.0,CAM-03,Sony FX3,Kiko,Location B - Public Market (Exterior),exterior,68.0,-67.3,61.6,0.61,30.3,DEGRADED,28.1,15,471,True,True
2026-08-29T13:06:00,366.0,CAM-04,Sony FX3,Dennis,Location B - Public Market (Exterior),exterior,45.0,-61.7,73.5,0.88,31.2,OK,43.1,12,132,True,True
2026-08-29T13:06:00,366.0,CAM-05,Blackmagic,Jorge,Location B - Public Market (Exterior),exterior,95.0,-70.6,70.4,0.79,29.8,DEGRADED,13.4,92,450,True,True
2026-08-29T13:06:30,366.5,CAM-01,Sony FX6,Ariel,Location B - Public Market (Exterior),exterior,18.0,-55.8,74.3,0.95,30.9,OK,48.2,0,35,True,True
2026-08-29T13:06:30,366.5,CAM-02,Sony FX6,Marlon,Location B - Public Market (Exterior),exterior,32.0,-60.7,74.6,0.92,30.5,OK,46.0,0,54,True,True
2026-08-29T13:06:30,366.5,CAM-03,Sony FX3,Kiko,Location B - Public Market (Exterior),exterior,68.0,-65.4,61.6,0.61,30.1,DEGRADED,30.0,23,65,True,True
2026-08-29T13:06:30,366.5,CAM-04,Sony FX3,Dennis,Location B - Public Market (Exterior),exterior,45.0,-64.1,72.7,0.88,32.0,OK,38.7,4,220,True,True
2026-08-29T13:06:30,366.5,CAM-05,Blackmagic,Jorge,Location B - Public Market (Exterior),exterior,95.0,-66.6,70.2,0.79,30.8,DEGRADED,27.5,40,159,True,True
2026-08-29T13:07:00,367.0,CAM-01,Sony FX6,Ariel,Location B - Public Market (Exterior),exterior,18.0,-59.2,75.1,0.95,30.2,OK,48.0,0,35,True,True
2026-08-29T13:07:00,367.0,CAM-02,Sony FX6,Marlon,Location B - Public Market (Exterior),exterior,32.0,-59.3,73.6,0.92,32.1,OK,46.7,0,35,True,True
2026-08-29T13:07:00,367.0,CAM-03,Sony FX3,Kiko,Location B - Public Market (Exterior),exterior,68.0,-64.5,61.3,0.61,31.2,OK,34.4,18,301,True,True
2026-08-29T13:07:00,367.0,CAM-04,Sony FX3,Dennis,Location B - Public Market (Exterior),exterior,45.0,-62.4,73.0,0.88,31.1,OK,40.0,13,89,True,True
2026-08-29T13:07:00,367.0,CAM-05,Blackmagic,Jorge,Location B - Public Market (Exterior),exterior,95.0,-66.1,70.2,0.79,31.0,DEGRADED,26.4,11,309,True,True
2026-08-29T13:07:30,367.5,CAM-01,Sony FX6,Ariel,Location B - Public Market (Exterior),exterior,18.0,-58.4,75.1,0.95,31.1,OK,49.9,0,35,True,True
2026-08-29T13:07:30,367.5,CAM-02,Sony FX6,Marlon,Location B - Public Market (Exterior),exterior,32.0,-62.2,74.4,0.92,32.3,OK,40.0,15,59,True,True
2026-08-29T13:07:30,367.5,CAM-03,Sony FX3,Kiko,Location B - Public Market (Exterior),exterior,68.0,-71.6,61.5,0.61,29.1,DEGRADED,13.6,55,631,True,True
2026-08-29T13:07:30,367.5,CAM-04,Sony FX3,Dennis,Location B - Public Market (Exterior),exterior,45.0,-64.1,72.7,0.88,30.3,OK,36.8,15,86,True,True
2026-08-29T13:07:30,367.5,CAM-05,Blackmagic,Jorge,Location B - Public Market (Exterior),exterior,95.0,-64.4,70.9,0.79,32.1,OK,33.4,18,298,True,True
2026-08-29T13:08:00,368.0,CAM-01,Sony FX6,Ariel,Location B - Public Market (Exterior),exterior,18.0,-55.7,74.6,0.95,31.4,OK,47.1,0,35,True,True
2026-08-29T13:08:00,368.0,CAM-02,Sony FX6,Marlon,Location B - Public Market (Exterior),exterior,32.0,-59.6,73.7,0.92,30.0,OK,47.0,0,35,True,True
2026-08-29T13:08:00,368.0,CAM-03,Sony FX3,Kiko,Location B - Public Market (Exterior),exterior,68.0,-65.3,61.0,0.61,30.1,DEGRADED,30.9,23,145,True,True
2026-08-29T13:08:00,368.0,CAM-04,Sony FX3,Dennis,Location B - Public Market (Exterior),exterior,45.0,-62.5,73.2,0.88,32.0,OK,37.9,7,88,True,True
2026-08-29T13:08:00,368.0,CAM-05,Blackmagic,Jorge,Location B - Public Market (Exterior),exterior,95.0,-71.8,70.2,0.79,30.7,DEGRADED,10.8,12,139,True,True
2026-08-29T13:08:30,368.5,CAM-01,Sony FX6,Ariel,Location B - Public Market (Exterior),exterior,18.0,-56.5,74.5,0.95,31.0,OK,50.5,0,35,True,True
2026-08-29T13:08:30,368.5,CAM-02,Sony FX6,Marlon,Location B - Public Market (Exterior),exterior,32.0,-62.3,73.9,0.92,32.2,OK,40.2,5,80,True,True
2026-08-29T13:08:30,368.5,CAM-03,Sony FX3,Kiko,Location B - Public Market (Exterior),exterior,68.0,-64.8,60.2,0.61,32.0,OK,34.0,22,106,True,True
2026-08-29T13:08:30,368.5,CAM-04,Sony FX3,Dennis,Location B - Public Market (Exterior),exterior,45.0,-66.1,72.7,0.88,30.9,DEGRADED,28.5,38,139,True,True
2026-08-29T13:08:30,368.5,CAM-05,Blackmagic,Jorge,Location B - Public Market (Exterior),exterior,95.0,-68.2,70.4,0.79,31.2,DEGRADED,20.0,66,438,True,True
2026-08-29T13:09:00,369.0,CAM-01,Sony FX6,Ariel,Location B - Public Market (Exterior),exterior,18.0,-57.6,74.3,0.95,30.8,OK,50.7,0,35,True,True
2026-08-29T13:09:00,369.0,CAM-02,Sony FX6,Marlon,Location B - Public Market (Exterior),exterior,32.0,-64.8,74.4,0.92,32.5,OK,33.0,36,321,True,True
2026-08-29T13:09:00,369.0,CAM-03,Sony FX3,Kiko,Location B - Public Market (Exterior),exterior,68.0,-65.8,60.9,0.61,31.5,DEGRADED,28.5,35,148,True,True
2026-08-29T13:09:00,369.0,CAM-04,Sony FX3,Dennis,Location B - Public Market (Exterior),exterior,45.0,-63.0,72.5,0.88,31.3,OK,37.8,11,99,True,True
2026-08-29T13:09:00,369.0,CAM-05,Blackmagic,Jorge,Location B - Public Market (Exterior),exterior,95.0,-68.8,69.2,0.79,32.9,DEGRADED,19.9,40,119,True,True
2026-08-29T13:09:30,369.5,CAM-01,Sony FX6,Ariel,Location B - Public Market (Exterior),exterior,18.0,-57.7,73.8,0.95,29.2,OK,50.9,0,35,True,True
2026-08-29T13:09:30,369.5,CAM-02,Sony FX6,Marlon,Location B - Public Market (Exterior),exterior,32.0,-61.4,73.6,0.92,29.6,OK,44.4,8,112,True,True
2026-08-29T13:09:30,369.5,CAM-03,Sony FX3,Kiko,Location B - Public Market (Exterior),exterior,68.0,-65.4,60.6,0.61,30.7,DEGRADED,34.2,10,334,True,True
2026-08-29T13:09:30,369.5,CAM-04,Sony FX3,Dennis,Location B - Public Market (Exterior),exterior,45.0,-64.6,72.7,0.88,32.0,OK,34.7,32,205,True,True
2026-08-29T13:09:30,369.5,CAM-05,Blackmagic,Jorge,Location B - Public Market (Exterior),exterior,95.0,-71.8,69.6,0.79,29.8,DEGRADED,11.6,11,498,True,True
2026-08-29T13:10:00,370.0,CAM-01,Sony FX6,Ariel,Location B - Public Market (Exterior),exterior,18.0,-61.0,75.1,0.95,31.1,OK,41.3,6,73,True,True
2026-08-29T13:10:00,370.0,CAM-02,Sony FX6,Marlon,Location B - Public Market (Exterior),exterior,32.0,-61.1,73.6,0.92,30.6,OK,44.4,6,91,True,True
2026-08-29T13:10:00,370.0,CAM-03,Sony FX3,Kiko,Location B - Public Market (Exterior),exterior,68.0,-69.0,59.8,0.61,30.6,DEGRADED,20.5,0,131,True,True
2026-08-29T13:10:00,370.0,CAM-04,Sony FX3,Dennis,Location B - Public Market (Exterior),exterior,45.0,-62.8,72.9,0.88,31.2,OK,40.9,18,49,True,True
2026-08-29T13:10:00,370.0,CAM-05,Blackmagic,Jorge,Location B - Public Market (Exterior),exterior,95.0,-66.2,69.1,0.79,30.3,DEGRADED,25.6,30,61,True,True
2026-08-29T13:10:30,370.5,CAM-01,Sony FX6,Ariel,Location B - Public Market (Exterior),exterior,18.0,-55.5,74.8,0.95,31.1,OK,45.6,0,35,True,True
2026-08-29T13:10:30,370.5,CAM-02,Sony FX6,Marlon,Location B - Public Market (Exterior),exterior,32.0,-60.7,73.6,0.92,30.9,OK,45.1,4,76,True,True
2026-08-29T13:10:30,370.5,CAM-03,Sony FX3,Kiko,Location B - Public Market (Exterior),exterior,68.0,-63.7,60.8,0.61,30.3,OK,33.4,20,254,True,True
2026-08-29T13:10:30,370.5,CAM-04,Sony FX3,Dennis,Location B - Public Market (Exterior),exterior,45.0,-63.5,72.8,0.88,31.4,OK,37.5,11,93,True,True
2026-08-29T13:10:30,370.5,CAM-05,Blackmagic,Jorge,Location B - Public Market (Exterior),exterior,95.0,-70.8,69.4,0.79,32.1,DEGRADED,11.0,0,560,True,True
2026-08-29T13:11:00,371.0,CAM-01,Sony FX6,Ariel,Location B - Public Market (Exterior),exterior,18.0,-60.3,74.1,0.95,30.8,OK,45.6,0,50,True,True
2026-08-29T13:11:00,371.0,CAM-02,Sony FX6,Marlon,Location B - Public Market (Exterior),exterior,32.0,-61.5,73.5,0.92,30.3,OK,41.4,4,108,True,True
2026-08-29T13:11:00,371.0,CAM-03,Sony FX3,Kiko,Location B - Public Market (Exterior),exterior,68.0,-63.4,60.6,0.61,31.5,OK,36.9,26,122,True,True
2026-08-29T13:11:00,371.0,CAM-04,Sony FX3,Dennis,Location B - Public Market (Exterior),exterior,45.0,-56.7,72.5,0.88,29.9,OK,46.5,0,35,True,True
2026-08-29T13:11:00,371.0,CAM-05,Blackmagic,Jorge,Location B - Public Market (Exterior),exterior,95.0,-68.9,69.7,0.79,32.4,DEGRADED,19.9,56,248,True,True
2026-08-29T13:11:30,371.5,CAM-01,Sony FX6,Ariel,Location B - Public Market (Exterior),exterior,18.0,-60.2,74.4,0.95,31.0,OK,50.3,1,39,True,True
2026-08-29T13:11:30,371.5,CAM-02,Sony FX6,Marlon,Location B - Public Market (Exterior),exterior,32.0,-61.2,72.5,0.92,31.4,OK,45.2,8,96,True,True
2026-08-29T13:11:30,371.5,CAM-03,Sony FX3,Kiko,Location B - Public Market (Exterior),exterior,68.0,-63.1,59.3,0.61,30.9,OK,38.2,26,85,True,True
2026-08-29T13:11:30,371.5,CAM-04,Sony FX3,Dennis,Location B - Public Market (Exterior),exterior,45.0,-67.5,73.0,0.88,32.1,DEGRADED,23.4,53,439,True,True
2026-08-29T13:11:30,371.5,CAM-05,Blackmagic,Jorge,Location B - Public Market (Exterior),exterior,95.0,-66.3,69.6,0.79,30.6,DEGRADED,25.6,36,365,True,True
2026-08-29T13:12:00,372.0,CAM-01,Sony FX6,Ariel,Location B - Public Market (Exterior),exterior,18.0,-58.7,73.9,0.95,31.6,OK,46.6,0,35,True,True
2026-08-29T13:12:00,372.0,CAM-02,Sony FX6,Marlon,Location B - Public Market (Exterior),exterior,32.0,-58.0,72.9,0.92,29.8,OK,46.4,0,35,True,True
2026-08-29T13:12:00,372.0,CAM-03,Sony FX3,Kiko,Location B - Public Market (Exterior),exterior,68.0,-66.2,59.8,0.61,30.8,DEGRADED,28.6,27,186,True,True
2026-08-29T13:12:00,372.0,CAM-04,Sony FX3,Dennis,Location B - Public Market (Exterior),exterior,45.0,-62.5,71.5,0.88,30.5,OK,40.8,16,79,True,True
2026-08-29T13:12:00,372.0,CAM-05,Blackmagic,Jorge,Location B - Public Market (Exterior),exterior,95.0,-71.2,68.0,0.79,31.4,DEGRADED,11.3,57,138,True,True
2026-08-29T13:12:30,372.5,CAM-01,Sony FX6,Ariel,Location B - Public Market (Exterior),exterior,18.0,-59.0,74.6,0.95,31.5,OK,47.2,0,35,True,True
2026-08-29T13:12:30,372.5,CAM-02,Sony FX6,Marlon,Location B - Public Market (Exterior),exterior,32.0,-58.6,73.1,0.92,31.5,OK,46.2,0,35,True,True
2026-08-29T13:12:30,372.5,CAM-03,Sony FX3,Kiko,Location B - Public Market (Exterior),exterior,68.0,-67.1,59.7,0.61,30.3,DEGRADED,27.4,60,107,True,True
2026-08-29T13:12:30,372.5,CAM-04,Sony FX3,Dennis,Location B - Public Market (Exterior),exterior,45.0,-64.3,71.8,0.88,30.1,OK,34.8,32,84,True,True
2026-08-29T13:12:30,372.5,CAM-05,Blackmagic,Jorge,Location B - Public Market (Exterior),exterior,95.0,-71.8,68.3,0.79,30.6,DEGRADED,10.2,39,184,True,True
2026-08-29T13:13:00,373.0,CAM-01,Sony FX6,Ariel,Location B - Public Market (Exterior),exterior,18.0,-55.2,73.4,0.95,31.1,OK,45.3,0,35,True,True
2026-08-29T13:13:00,373.0,CAM-02,Sony FX6,Marlon,Location B - Public Market (Exterior),exterior,32.0,-62.1,73.1,0.92,31.2,OK,39.7,14,159,True,True
2026-08-29T13:13:00,373.0,CAM-03,Sony FX3,Kiko,Location B - Public Market (Exterior),exterior,68.0,-66.0,58.8,0.61,30.6,DEGRADED,29.0,20,207,True,True
2026-08-29T13:13:00,373.0,CAM-04,Sony FX3,Dennis,Location B - Public Market (Exterior),exterior,45.0,-62.0,71.8,0.88,31.4,OK,40.1,6,133,True,True
2026-08-29T13:13:00,373.0,CAM-05,Blackmagic,Jorge,Location B - Public Market (Exterior),exterior,95.0,-68.6,68.1,0.79,32.3,DEGRADED,20.4,38,417,True,True
2026-08-29T13:13:30,373.5,CAM-01,Sony FX6,Ariel,Location B - Public Market (Exterior),exterior,18.0,-56.6,74.2,0.95,30.8,OK,49.0,0,35,True,True
2026-08-29T13:13:30,373.5,CAM-02,Sony FX6,Marlon,Location B - Public Market (Exterior),exterior,32.0,-64.9,73.1,0.92,31.5,OK,30.8,14,180,True,True
2026-08-29T13:13:30,373.5,CAM-03,Sony FX3,Kiko,Location B - Public Market (Exterior),exterior,68.0,-66.1,59.2,0.61,30.3,DEGRADED,28.0,43,194,True,True
2026-08-29T13:13:30,373.5,CAM-04,Sony FX3,Dennis,Location B - Public Market (Exterior),exterior,45.0,-69.6,71.4,0.88,31.4,DEGRADED,16.7,46,234,True,True
2026-08-29T13:13:30,373.5,CAM-05,Blackmagic,Jorge,Location B - Public Market (Exterior),exterior,95.0,-66.5,68.5,0.79,31.0,DEGRADED,27.4,39,198,True,True
2026-08-29T13:14:00,374.0,CAM-01,Sony FX6,Ariel,Location B - Public Market (Exterior),exterior,18.0,-56.4,74.0,0.95,32.4,OK,49.2,0,35,True,True
2026-08-29T13:14:00,374.0,CAM-02,Sony FX6,Marlon,Location B - Public Market (Exterior),exterior,32.0,-62.0,71.7,0.92,30.3,OK,42.5,2,110,True,True
2026-08-29T13:14:00,374.0,CAM-03,Sony FX3,Kiko,Location B - Public Market (Exterior),exterior,68.0,-65.8,59.4,0.61,30.7,DEGRADED,26.6,32,190,True,True
2026-08-29T13:14:00,374.0,CAM-04,Sony FX3,Dennis,Location B - Public Market (Exterior),exterior,45.0,-63.7,71.4,0.88,30.9,OK,39.5,18,131,True,True
2026-08-29T13:14:00,374.0,CAM-05,Blackmagic,Jorge,Location B - Public Market (Exterior),exterior,95.0,-69.3,68.0,0.79,30.5,DEGRADED,15.8,67,207,True,True
2026-08-29T13:14:30,374.5,CAM-01,Sony FX6,Ariel,Location B - Public Market (Exterior),exterior,18.0,-57.4,73.6,0.95,29.5,OK,47.6,0,35,True,True
2026-08-29T13:14:30,374.5,CAM-02,Sony FX6,Marlon,Location B - Public Market (Exterior),exterior,32.0,-64.3,72.3,0.92,31.7,OK,33.9,34,155,True,True
2026-08-29T13:14:30,374.5,CAM-03,Sony FX3,Kiko,Location B - Public Market (Exterior),exterior,68.0,-66.4,58.8,0.61,31.4,DEGRADED,29.6,19,221,True,True
2026-08-29T13:14:30,374.5,CAM-04,Sony FX3,Dennis,Location B - Public Market (Exterior),exterior,45.0,-63.7,70.9,0.88,31.7,OK,35.0,11,102,True,True
2026-08-29T13:14:30,374.5,CAM-05,Blackmagic,Jorge,Location B - Public Market (Exterior),exterior,95.0,-69.5,68.2,0.79,30.9,DEGRADED,17.3,73,353,True,True
2026-08-29T13:15:00,375.0,CAM-01,Sony FX6,Ariel,Location B - Public Market (Exterior),exterior,18.0,-56.3,73.6,0.95,31.2,OK,49.5,0,35,True,True
2026-08-29T13:15:00,375.0,CAM-02,Sony FX6,Marlon,Location B - Public Market (Exterior),exterior,32.0,-60.9,72.6,0.92,31.9,OK,48.3,1,43,True,True
2026-08-29T13:15:00,375.0,CAM-03,Sony FX3,Kiko,Location B - Public Market (Exterior),exterior,68.0,-66.1,57.8,0.61,31.6,DEGRADED,26.6,27,266,True,True
2026-08-29T13:15:00,375.0,CAM-04,Sony FX3,Dennis,Location B - Public Market (Exterior),exterior,45.0,-62.5,71.2,0.88,31.7,OK,42.2,3,168,True,True
2026-08-29T13:15:00,375.0,CAM-05,Blackmagic,Jorge,Location B - Public Market (Exterior),exterior,95.0,-69.9,68.2,0.79,31.4,DEGRADED,15.0,51,92,True,True
2026-08-29T13:15:30,375.5,CAM-01,Sony FX6,Ariel,Location B - Public Market (Exterior),exterior,18.0,-56.7,73.4,0.95,30.1,OK,48.9,0,35,True,True
2026-08-29T13:15:30,375.5,CAM-02,Sony FX6,Marlon,Location B - Public Market (Exterior),exterior,32.0,-60.9,72.5,0.92,31.4,OK,46.5,8,67,True,True
2026-08-29T13:15:30,375.5,CAM-03,Sony FX3,Kiko,Location B - Public Market (Exterior),exterior,68.0,-67.3,58.3,0.61,31.6,DEGRADED,24.5,46,174,True,True
2026-08-29T13:15:30,375.5,CAM-04,Sony FX3,Dennis,Location B - Public Market (Exterior),exterior,45.0,-63.1,71.0,0.88,29.5,OK,37.2,13,200,True,True
2026-08-29T13:15:30,375.5,CAM-05,Blackmagic,Jorge,Location B - Public Market (Exterior),exterior,95.0,-68.4,66.9,0.79,31.1,DEGRADED,20.5,72,278,True,True
2026-08-29T13:16:00,376.0,CAM-01,Sony FX6,Ariel,Location B - Public Market (Exterior),exterior,18.0,-56.3,72.3,0.95,30.2,OK,44.7,0,35,True,True
2026-08-29T13:16:00,376.0,CAM-02,Sony FX6,Marlon,Location B - Public Market (Exterior),exterior,32.0,-59.5,73.0,0.92,31.7,OK,51.1,0,35,True,True
2026-08-29T13:16:00,376.0,CAM-03,Sony FX3,Kiko,Location B - Public Market (Exterior),exterior,68.0,-63.3,58.6,0.61,31.3,OK,38.5,13,229,True,True
2026-08-29T13:16:00,376.0,CAM-04,Sony FX3,Dennis,Location B - Public Market (Exterior),exterior,45.0,-63.3,71.0,0.88,31.2,OK,39.3,22,187,True,True
2026-08-29T13:16:00,376.0,CAM-05,Blackmagic,Jorge,Location B - Public Market (Exterior),exterior,95.0,-69.0,67.8,0.79,31.8,DEGRADED,17.8,51,568,True,True
2026-08-29T13:16:30,376.5,CAM-01,Sony FX6,Ariel,Location B - Public Market (Exterior),exterior,18.0,-58.7,73.6,0.95,31.2,OK,50.0,0,35,True,True
2026-08-29T13:16:30,376.5,CAM-02,Sony FX6,Marlon,Location B - Public Market (Exterior),exterior,32.0,-58.6,72.1,0.92,30.7,OK,47.8,0,35,True,True
2026-08-29T13:16:30,376.5,CAM-03,Sony FX3,Kiko,Location B - Public Market (Exterior),exterior,68.0,-67.9,58.2,0.61,33.1,DEGRADED,23.9,41,256,True,True
2026-08-29T13:16:30,376.5,CAM-04,Sony FX3,Dennis,Location B - Public Market (Exterior),exterior,45.0,-61.8,71.2,0.88,30.3,OK,43.0,5,59,True,True
2026-08-29T13:16:30,376.5,CAM-05,Blackmagic,Jorge,Location B - Public Market (Exterior),exterior,95.0,-66.9,67.2,0.79,30.3,DEGRADED,29.8,37,164,True,True
2026-08-29T13:17:00,377.0,CAM-01,Sony FX6,Ariel,Location B - Public Market (Exterior),exterior,18.0,-57.1,72.4,0.95,32.3,OK,48.4,0,35,True,True
2026-08-29T13:17:00,377.0,CAM-02,Sony FX6,Marlon,Location B - Public Market (Exterior),exterior,32.0,-61.2,72.1,0.92,31.0,OK,39.4,8,96,True,True
2026-08-29T13:17:00,377.0,CAM-03,Sony FX3,Kiko,Location B - Public Market (Exterior),exterior,68.0,-65.7,57.8,0.61,32.3,DEGRADED,29.9,5,364,True,True
2026-08-29T13:17:00,377.0,CAM-04,Sony FX3,Dennis,Location B - Public Market (Exterior),exterior,45.0,-61.8,70.3,0.88,31.7,OK,44.5,15,120,True,True
2026-08-29T13:17:00,377.0,CAM-05,Blackmagic,Jorge,Location B - Public Market (Exterior),exterior,95.0,-64.4,67.1,0.79,31.0,OK,34.3,10,193,True,True
2026-08-29T13:17:30,377.5,CAM-01,Sony FX6,Ariel,Location B - Public Market (Exterior),exterior,18.0,-55.6,72.9,0.95,31.6,OK,47.2,0,35,True,True
2026-08-29T13:17:30,377.5,CAM-02,Sony FX6,Marlon,Location B - Public Market (Exterior),exterior,32.0,-59.8,71.9,0.92,30.9,OK,48.3,0,35,True,True
2026-08-29T13:17:30,377.5,CAM-03,Sony FX3,Kiko,Location B - Public Market (Exterior),exterior,68.0,-65.7,57.3,0.61,31.4,DEGRADED,29.6,47,130,True,True
2026-08-29T13:17:30,377.5,CAM-04,Sony FX3,Dennis,Location B - Public Market (Exterior),exterior,45.0,-64.5,70.9,0.88,30.7,OK,30.5,9,155,True,True
2026-08-29T13:17:30,377.5,CAM-05,Blackmagic,Jorge,Location B - Public Market (Exterior),exterior,95.0,-71.5,67.3,0.79,29.9,DEGRADED,10.3,22,205,True,True
2026-08-29T13:18:00,378.0,CAM-01,Sony FX6,Ariel,Location B - Public Market (Exterior),exterior,18.0,-56.9,72.4,0.95,31.8,OK,50.5,0,35,True,True
2026-08-29T13:18:00,378.0,CAM-02,Sony FX6,Marlon,Location B - Public Market (Exterior),exterior,32.0,-61.4,71.8,0.92,30.3,OK,43.2,9,82,True,True
2026-08-29T13:18:00,378.0,CAM-03,Sony FX3,Kiko,Location B - Public Market (Exterior),exterior,68.0,-67.0,57.3,0.61,31.7,DEGRADED,23.3,49,98,True,True
2026-08-29T13:18:00,378.0,CAM-04,Sony FX3,Dennis,Location B - Public Market (Exterior),exterior,45.0,-62.9,70.4,0.88,31.3,OK,36.3,10,194,True,True
2026-08-29T13:18:00,378.0,CAM-05,Blackmagic,Jorge,Location B - Public Market (Exterior),exterior,95.0,-71.0,66.8,0.79,31.4,DEGRADED,12.6,24,384,True,True
2026-08-29T13:18:30,378.5,CAM-01,Sony FX6,Ariel,Location B - Public Market (Exterior),exterior,18.0,-56.3,73.0,0.95,30.7,OK,49.3,0,35,True,True
2026-08-29T13:18:30,378.5,CAM-02,Sony FX6,Marlon,Location B - Public Market (Exterior),exterior,32.0,-63.3,72.0,0.92,31.8,OK,35.8,17,214,True,True
2026-08-29T13:18:30,378.5,CAM-03,Sony FX3,Kiko,Location B - Public Market (Exterior),exterior,68.0,-69.9,58.2,0.61,31.3,DEGRADED,16.8,36,116,True,True
2026-08-29T13:18:30,378.5,CAM-04,Sony FX3,Dennis,Location B - Public Market (Exterior),exterior,45.0,-63.2,70.8,0.88,31.1,OK,39.3,28,201,True,True
2026-08-29T13:18:30,378.5,CAM-05,Blackmagic,Jorge,Location B - Public Market (Exterior),exterior,95.0,-69.0,67.3,0.79,30.5,DEGRADED,17.6,77,197,True,True
2026-08-29T13:19:00,379.0,CAM-01,Sony FX6,Ariel,Location B - Public Market (Exterior),exterior,18.0,-53.3,73.0,0.95,30.5,OK,45.0,0,35,True,True
2026-08-29T13:19:00,379.0,CAM-02,Sony FX6,Marlon,Location B - Public Market (Exterior),exterior,32.0,-61.1,71.5,0.92,30.6,OK,44.1,7,72,True,True
2026-08-29T13:19:00,379.0,CAM-03,Sony FX3,Kiko,Location B - Public Market (Exterior),exterior,68.0,-66.9,57.9,0.61,30.9,DEGRADED,26.9,45,86,True,True
2026-08-29T13:19:00,379.0,CAM-04,Sony FX3,Dennis,Location B - Public Market (Exterior),exterior,45.0,-65.1,69.5,0.88,30.6,OK,32.7,12,260,True,True
2026-08-29T13:19:00,379.0,CAM-05,Blackmagic,Jorge,Location B - Public Market (Exterior),exterior,95.0,-66.8,67.3,0.79,31.5,DEGRADED,26.9,53,259,True,True
2026-08-29T13:19:30,379.5,CAM-01,Sony FX6,Ariel,Location B - Public Market (Exterior),exterior,18.0,-61.7,72.6,0.95,30.6,OK,42.8,7,134,True,True
2026-08-29T13:19:30,379.5,CAM-02,Sony FX6,Marlon,Location B - Public Market (Exterior),exterior,32.0,-63.7,71.9,0.92,31.3,OK,35.5,3,162,True,True
2026-08-29T13:19:30,379.5,CAM-03,Sony FX3,Kiko,Location B - Public Market (Exterior),exterior,68.0,-66.8,56.6,0.61,31.2,DEGRADED,25.0,59,363,True,True
2026-08-29T13:19:30,379.5,CAM-04,Sony FX3,Dennis,Location B - Public Market (Exterior),exterior,45.0,-66.5,69.8,0.88,31.7,DEGRADED,27.0,32,240,True,True
2026-08-29T13:19:30,379.5,CAM-05,Blackmagic,Jorge,Location B - Public Market (Exterior),exterior,95.0,-71.5,67.0,0.79,31.3,DEGRADED,10.3,22,232,True,True
2026-08-29T13:20:00,380.0,CAM-01,Sony FX6,Ariel,Location B - Public Market (Exterior),exterior,18.0,-55.7,72.7,0.95,30.3,OK,47.5,0,35,True,True
2026-08-29T13:20:00,380.0,CAM-02,Sony FX6,Marlon,Location B - Public Market (Exterior),exterior,32.0,-59.2,71.4,0.92,30.8,OK,45.8,0,35,True,True
2026-08-29T13:20:00,380.0,CAM-03,Sony FX3,Kiko,Location B - Public Market (Exterior),exterior,68.0,-64.9,56.5,0.61,29.6,OK,32.3,33,200,True,True
2026-08-29T13:20:00,380.0,CAM-04,Sony FX3,Dennis,Location B - Public Market (Exterior),exterior,45.0,-62.2,69.6,0.88,31.7,OK,40.7,8,141,True,True
2026-08-29T13:20:00,380.0,CAM-05,Blackmagic,Jorge,Location B - Public Market (Exterior),exterior,95.0,-66.1,67.1,0.79,31.9,DEGRADED,28.7,22,102,True,True
2026-08-29T13:20:30,380.5,CAM-01,Sony FX6,Ariel,Location B - Public Market (Exterior),exterior,18.0,-58.3,72.0,0.95,30.8,OK,49.0,0,35,True,True
2026-08-29T13:20:30,380.5,CAM-02,Sony FX6,Marlon,Location B - Public Market (Exterior),exterior,32.0,-61.2,71.0,0.92,30.7,OK,43.7,1,52,True,True
2026-08-29T13:20:30,380.5,CAM-03,Sony FX3,Kiko,Location B - Public Market (Exterior),exterior,68.0,-68.5,57.1,0.61,30.3,DEGRADED,20.5,63,513,True,True
2026-08-29T13:20:30,380.5,CAM-04,Sony FX3,Dennis,Location B - Public Market (Exterior),exterior,45.0,-66.6,70.3,0.88,31.9,DEGRADED,26.8,34,131,True,True
2026-08-29T13:20:30,380.5,CAM-05,Blackmagic,Jorge,Location B - Public Market (Exterior),exterior,95.0,-68.4,65.6,0.79,30.8,DEGRADED,20.6,74,441,True,True
2026-08-29T13:21:00,381.0,CAM-01,Sony FX6,Ariel,Location B - Public Market (Exterior),exterior,18.0,-57.1,72.3,0.95,30.8,OK,49.9,0,35,True,True
2026-08-29T13:21:00,381.0,CAM-02,Sony FX6,Marlon,Location B - Public Market (Exterior),exterior,32.0,-63.6,70.7,0.92,30.0,OK,38.2,14,76,True,True
2026-08-29T13:21:00,381.0,CAM-03,Sony FX3,Kiko,Location B - Public Market (Exterior),exterior,68.0,-67.7,56.5,0.61,31.4,DEGRADED,22.2,60,480,True,True
2026-08-29T13:21:00,381.0,CAM-04,Sony FX3,Dennis,Location B - Public Market (Exterior),exterior,45.0,-64.4,70.0,0.88,32.4,OK,35.1,26,57,True,True
2026-08-29T13:21:00,381.0,CAM-05,Blackmagic,Jorge,Location B - Public Market (Exterior),exterior,95.0,-68.6,66.5,0.79,31.0,DEGRADED,19.9,17,247,True,True
2026-08-29T13:21:30,381.5,CAM-01,Sony FX6,Ariel,Location B - Public Market (Exterior),exterior,18.0,-56.2,72.4,0.95,31.4,OK,48.9,0,35,True,True
2026-08-29T13:21:30,381.5,CAM-02,Sony FX6,Marlon,Location B - Public Market (Exterior),exterior,32.0,-62.9,70.7,0.92,31.6,OK,38.7,26,197,True,True
2026-08-29T13:21:30,381.5,CAM-03,Sony FX3,Kiko,Location B - Public Market (Exterior),exterior,68.0,-64.8,56.5,0.61,31.8,OK,33.0,17,302,True,True
2026-08-29T13:21:30,381.5,CAM-04,Sony FX3,Dennis,Location B - Public Market (Exterior),exterior,45.0,-63.5,68.9,0.88,33.1,OK,38.2,28,125,True,True
2026-08-29T13:21:30,381.5,CAM-05,Blackmagic,Jorge,Location B - Public Market (Exterior),exterior,95.0,-68.1,66.6,0.79,31.1,DEGRADED,22.0,43,170,True,True
2026-08-29T13:22:00,382.0,CAM-01,Sony FX6,Ariel,Location B - Public Market (Exterior),exterior,18.0,-56.3,72.0,0.95,32.3,OK,49.5,0,35,True,True
2026-08-29T13:22:00,382.0,CAM-02,Sony FX6,Marlon,Location B - Public Market (Exterior),exterior,32.0,-61.8,70.6,0.92,31.8,OK,41.5,6,43,True,True
2026-08-29T13:22:00,382.0,CAM-03,Sony FX3,Kiko,Location B - Public Market (Exterior),exterior,68.0,-63.5,55.8,0.61,30.9,OK,37.4,14,75,True,True
2026-08-29T13:22:00,382.0,CAM-04,Sony FX3,Dennis,Location B - Public Market (Exterior),exterior,45.0,-63.2,69.7,0.88,30.0,OK,40.4,8,211,True,True
2026-08-29T13:22:00,382.0,CAM-05,Blackmagic,Jorge,Location B - Public Market (Exterior),exterior,95.0,-68.2,66.3,0.79,29.3,DEGRADED,22.4,40,286,True,True
2026-08-29T13:22:30,382.5,CAM-01,Sony FX6,Ariel,Location B - Public Market (Exterior),exterior,18.0,-61.4,72.1,0.95,32.6,OK,44.1,2,60,True,True
2026-08-29T13:22:30,382.5,CAM-02,Sony FX6,Marlon,Location B - Public Market (Exterior),exterior,32.0,-61.9,71.2,0.92,32.2,OK,42.3,7,49,True,True
2026-08-29T13:22:30,382.5,CAM-03,Sony FX3,Kiko,Location B - Public Market (Exterior),exterior,68.0,-67.3,56.1,0.61,30.1,DEGRADED,24.5,67,405,True,True
2026-08-29T13:22:30,382.5,CAM-04,Sony FX3,Dennis,Location B - Public Market (Exterior),exterior,45.0,-66.5,69.4,0.88,31.3,DEGRADED,28.4,11,382,True,True
2026-08-29T13:22:30,382.5,CAM-05,Blackmagic,Jorge,Location B - Public Market (Exterior),exterior,95.0,-69.0,66.2,0.79,30.5,DEGRADED,21.6,6,321,True,True
2026-08-29T13:23:00,383.0,CAM-01,Sony FX6,Ariel,Location B - Public Market (Exterior),exterior,18.0,-56.7,71.9,0.95,31.3,OK,45.4,0,35,True,True
2026-08-29T13:23:00,383.0,CAM-02,Sony FX6,Marlon,Location B - Public Market (Exterior),exterior,32.0,-61.2,71.1,0.92,32.1,OK,44.1,9,91,True,True
2026-08-29T13:23:00,383.0,CAM-03,Sony FX3,Kiko,Location B - Public Market (Exterior),exterior,68.0,-67.4,55.8,0.61,31.2,DEGRADED,23.6,38,81,True,True
2026-08-29T13:23:00,383.0,CAM-04,Sony FX3,Dennis,Location B - Public Market (Exterior),exterior,45.0,-64.0,69.0,0.88,29.7,OK,35.0,9,197,True,True
2026-08-29T13:23:00,383.0,CAM-05,Blackmagic,Jorge,Location B - Public Market (Exterior),exterior,95.0,-68.5,65.7,0.79,30.5,DEGRADED,22.3,26,490,True,True
2026-08-29T13:23:30,383.5,CAM-01,Sony FX6,Ariel,Location B - Public Market (Exterior),exterior,18.0,-62.4,71.5,0.95,31.4,OK,41.6,6,87,True,True
2026-08-29T13:23:30,383.5,CAM-02,Sony FX6,Marlon,Location B - Public Market (Exterior),exterior,32.0,-61.5,70.4,0.92,32.1,OK,41.3,3,85,True,True
2026-08-29T13:23:30,383.5,CAM-03,Sony FX3,Kiko,Location B - Public Market (Exterior),exterior,68.0,-66.5,55.9,0.61,30.5,DEGRADED,29.9,38,329,True,True
2026-08-29T13:23:30,383.5,CAM-04,Sony FX3,Dennis,Location B - Public Market (Exterior),exterior,45.0,-64.1,69.5,0.88,31.9,OK,34.4,10,156,True,True
2026-08-29T13:23:30,383.5,CAM-05,Blackmagic,Jorge,Location B - Public Market (Exterior),exterior,95.0,-70.4,65.8,0.79,30.2,DEGRADED,14.3,63,575,True,True
2026-08-29T13:24:00,384.0,CAM-01,Sony FX6,Ariel,Location B - Public Market (Exterior),exterior,18.0,-55.9,71.1,0.95,30.2,OK,48.9,0,35,True,True
2026-08-29T13:24:00,384.0,CAM-02,Sony FX6,Marlon,Location B - Public Market (Exterior),exterior,32.0,-60.8,70.9,0.92,32.6,OK,41.8,0,67,True,True
2026-08-29T13:24:00,384.0,CAM-03,Sony FX3,Kiko,Location B - Public Market (Exterior),exterior,68.0,-65.7,55.2,0.61,30.3,DEGRADED,31.1,32,68,True,True
2026-08-29T13:24:00,384.0,CAM-04,Sony FX3,Dennis,Location B - Public Market (Exterior),exterior,45.0,-61.2,69.2,0.88,31.4,OK,43.7,9,40,True,True
2026-08-29T13:24:00,384.0,CAM-05,Blackmagic,Jorge,Location B - Public Market (Exterior),exterior,95.0,-70.7,65.4,0.79,30.6,DEGRADED,11.7,83,308,True,True
2026-08-29T13:24:30,384.5,CAM-01,Sony FX6,Ariel,Location B - Public Market (Exterior),exterior,18.0,-57.5,71.5,0.95,29.6,OK,49.6,0,35,True,True
2026-08-29T13:24:30,384.5,CAM-02,Sony FX6,Marlon,Location B - Public Market (Exterior),exterior,32.0,-60.9,70.5,0.92,31.9,OK,46.7,4,49,True,True
2026-08-29T13:24:30,384.5,CAM-03,Sony FX3,Kiko,Location B - Public Market (Exterior),exterior,68.0,-68.9,55.4,0.61,30.9,DEGRADED,19.2,33,419,True,True
2026-08-29T13:24:30,384.5,CAM-04,Sony FX3,Dennis,Location B - Public Market (Exterior),exterior,45.0,-62.6,68.7,0.88,31.5,OK,39.3,4,105,True,True
2026-08-29T13:24:30,384.5,CAM-05,Blackmagic,Jorge,Location B - Public Market (Exterior),exterior,95.0,-65.6,64.6,0.79,30.1,DEGRADED,28.1,32,299,True,True
2026-08-29T13:25:00,385.0,CAM-01,Sony FX6,Ariel,Location B - Public Market (Exterior),exterior,18.0,-60.2,71.2,0.95,30.5,OK,47.8,1,43,True,True
2026-08-29T13:25:00,385.0,CAM-02,Sony FX6,Marlon,Location B - Public Market (Exterior),exterior,32.0,-60.9,70.0,0.92,31.6,OK,45.3,3,53,True,True
2026-08-29T13:25:00,385.0,CAM-03,Sony FX3,Kiko,Location B - Public Market (Exterior),exterior,68.0,-65.0,54.3,0.61,30.4,OK,29.2,23,189,True,True
2026-08-29T13:25:00,385.0,CAM-04,Sony FX3,Dennis,Location B - Public Market (Exterior),exterior,45.0,-66.4,69.1,0.88,30.0,DEGRADED,31.9,19,68,True,True
2026-08-29T13:25:00,385.0,CAM-05,Blackmagic,Jorge,Location B - Public Market (Exterior),exterior,95.0,-69.6,64.9,0.79,32.0,DEGRADED,19.4,62,104,True,True
2026-08-29T13:25:30,385.5,CAM-01,Sony FX6,Ariel,Location B - Public Market (Exterior),exterior,18.0,-58.8,70.5,0.95,31.1,OK,45.5,0,35,True,True
2026-08-29T13:25:30,385.5,CAM-02,Sony FX6,Marlon,Location B - Public Market (Exterior),exterior,32.0,-61.2,69.9,0.92,31.8,OK,44.8,0,44,True,True
2026-08-29T13:25:30,385.5,CAM-03,Sony FX3,Kiko,Location B - Public Market (Exterior),exterior,68.0,-66.1,54.2,0.61,32.7,DEGRADED,27.7,0,124,True,True
2026-08-29T13:25:30,385.5,CAM-04,Sony FX3,Dennis,Location B - Public Market (Exterior),exterior,45.0,-62.4,68.1,0.88,31.1,OK,38.5,13,135,True,True
2026-08-29T13:25:30,385.5,CAM-05,Blackmagic,Jorge,Location B - Public Market (Exterior),exterior,95.0,-71.2,64.8,0.79,31.2,DEGRADED,12.8,16,520,True,True
2026-08-29T13:26:00,386.0,CAM-01,Sony FX6,Ariel,Location B - Public Market (Exterior),exterior,18.0,-53.4,70.7,0.95,31.1,OK,46.9,0,35,True,True
2026-08-29T13:26:00,386.0,CAM-02,Sony FX6,Marlon,Location B - Public Market (Exterior),exterior,32.0,-58.7,69.6,0.92,32.6,OK,46.8,0,35,True,True
2026-08-29T13:26:00,386.0,CAM-03,Sony FX3,Kiko,Location B - Public Market (Exterior),exterior,68.0,-66.5,54.7,0.61,30.8,DEGRADED,25.2,41,303,True,True
2026-08-29T13:26:00,386.0,CAM-04,Sony FX3,Dennis,Location B - Public Market (Exterior),exterior,45.0,-62.6,68.5,0.88,31.3,OK,35.9,7,189,True,True
2026-08-29T13:26:00,386.0,CAM-05,Blackmagic,Jorge,Location B - Public Market (Exterior),exterior,95.0,-69.0,64.9,0.79,30.7,DEGRADED,21.7,51,281,True,True
2026-08-29T13:26:30,386.5,CAM-01,Sony FX6,Ariel,Location B - Public Market (Exterior),exterior,18.0,-55.0,70.8,0.95,31.5,OK,49.9,0,35,True,True
2026-08-29T13:26:30,386.5,CAM-02,Sony FX6,Marlon,Location B - Public Market (Exterior),exterior,32.0,-59.4,69.8,0.92,32.1,OK,47.4,0,35,True,True
2026-08-29T13:26:30,386.5,CAM-03,Sony FX3,Kiko,Location B - Public Market (Exterior),exterior,68.0,-63.3,54.0,0.61,30.8,OK,40.0,25,177,True,True
2026-08-29T13:26:30,386.5,CAM-04,Sony FX3,Dennis,Location B - Public Market (Exterior),exterior,45.0,-62.8,67.8,0.88,31.1,OK,38.5,18,63,True,True
2026-08-29T13:26:30,386.5,CAM-05,Blackmagic,Jorge,Location B - Public Market (Exterior),exterior,95.0,-73.0,64.9,0.79,32.1,CRITICAL,6.5,115,284,True,True
2026-08-29T13:27:00,387.0,CAM-01,Sony FX6,Ariel,Location B - Public Market (Exterior),exterior,18.0,-56.9,70.8,0.95,31.7,OK,46.8,0,35,True,True
2026-08-29T13:27:00,387.0,CAM-02,Sony FX6,Marlon,Location B - Public Market (Exterior),exterior,32.0,-60.2,69.5,0.92,32.2,OK,46.4,1,46,True,True
2026-08-29T13:27:00,387.0,CAM-03,Sony FX3,Kiko,Location B - Public Market (Exterior),exterior,68.0,-68.9,53.5,0.61,30.8,DEGRADED,19.0,0,538,True,True
2026-08-29T13:27:00,387.0,CAM-04,Sony FX3,Dennis,Location B - Public Market (Exterior),exterior,45.0,-63.3,68.1,0.88,32.0,OK,38.1,4,164,True,True
2026-08-29T13:27:00,387.0,CAM-05,Blackmagic,Jorge,Location B - Public Market (Exterior),exterior,95.0,-64.3,64.9,0.79,31.3,OK,36.0,21,176,True,True
2026-08-29T13:27:30,387.5,CAM-01,Sony FX6,Ariel,Location B - Public Market (Exterior),exterior,18.0,-52.6,69.9,0.95,31.4,OK,48.4,0,35,True,True
2026-08-29T13:27:30,387.5,CAM-02,Sony FX6,Marlon,Location B - Public Market (Exterior),exterior,32.0,-58.5,69.3,0.92,31.9,OK,45.9,0,35,True,True
2026-08-29T13:27:30,387.5,CAM-03,Sony FX3,Kiko,Location B - Public Market (Exterior),exterior,68.0,-68.8,54.9,0.61,30.9,DEGRADED,19.6,12,320,True,True
2026-08-29T13:27:30,387.5,CAM-04,Sony FX3,Dennis,Location B - Public Market (Exterior),exterior,45.0,-65.2,68.0,0.88,29.9,OK,30.5,22,136,True,True
2026-08-29T13:27:30,387.5,CAM-05,Blackmagic,Jorge,Location B - Public Market (Exterior),exterior,95.0,-66.2,64.7,0.79,30.1,DEGRADED,29.1,6,268,True,True
2026-08-29T13:28:00,388.0,CAM-01,Sony FX6,Ariel,Location B - Public Market (Exterior),exterior,18.0,-53.7,69.9,0.95,31.4,OK,49.5,0,35,True,True
2026-08-29T13:28:00,388.0,CAM-02,Sony FX6,Marlon,Location B - Public Market (Exterior),exterior,32.0,-60.0,69.4,0.92,33.9,OK,48.2,0,35,True,True
2026-08-29T13:28:00,388.0,CAM-03,Sony FX3,Kiko,Location B - Public Market (Exterior),exterior,68.0,-64.0,52.6,0.61,29.9,OK,36.3,32,113,True,True
2026-08-29T13:28:00,388.0,CAM-04,Sony FX3,Dennis,Location B - Public Market (Exterior),exterior,45.0,-62.7,68.7,0.88,30.1,OK,40.8,16,96,True,True
2026-08-29T13:28:00,388.0,CAM-05,Blackmagic,Jorge,Location B - Public Market (Exterior),exterior,95.0,-72.7,64.3,0.79,30.9,CRITICAL,7.4,21,609,True,True
2026-08-29T13:28:30,388.5,CAM-01,Sony FX6,Ariel,Location B - Public Market (Exterior),exterior,18.0,-58.0,70.8,0.95,30.6,OK,46.9,0,35,True,True
2026-08-29T13:28:30,388.5,CAM-02,Sony FX6,Marlon,Location B - Public Market (Exterior),exterior,32.0,-61.5,69.3,0.92,34.4,OK,45.0,13,79,True,True
2026-08-29T13:28:30,388.5,CAM-03,Sony FX3,Kiko,Location B - Public Market (Exterior),exterior,68.0,-66.3,53.9,0.61,31.9,DEGRADED,26.8,23,348,True,True
2026-08-29T13:28:30,388.5,CAM-04,Sony FX3,Dennis,Location B - Public Market (Exterior),exterior,45.0,-64.0,67.6,0.88,30.0,OK,37.0,0,256,True,True
2026-08-29T13:28:30,388.5,CAM-05,Blackmagic,Jorge,Location B - Public Market (Exterior),exterior,95.0,-69.3,64.6,0.79,31.9,DEGRADED,20.1,59,94,True,True
2026-08-29T13:29:00,389.0,CAM-01,Sony FX6,Ariel,Location B - Public Market (Exterior),exterior,18.0,-59.2,70.6,0.95,30.2,OK,48.8,0,35,True,True
2026-08-29T13:29:00,389.0,CAM-02,Sony FX6,Marlon,Location B - Public Market (Exterior),exterior,32.0,-63.1,69.3,0.92,34.1,OK,37.3,28,199,True,True
2026-08-29T13:29:00,389.0,CAM-03,Sony FX3,Kiko,Location B - Public Market (Exterior),exterior,68.0,-65.5,53.2,0.61,31.7,DEGRADED,29.2,7,165,True,True
2026-08-29T13:29:00,389.0,CAM-04,Sony FX3,Dennis,Location B - Public Market (Exterior),exterior,45.0,-64.0,67.3,0.88,30.0,OK,35.2,10,210,True,True
2026-08-29T13:29:00,389.0,CAM-05,Blackmagic,Jorge,Location B - Public Market (Exterior),exterior,95.0,-75.6,64.9,0.79,31.6,DEGRADED,15.8,3,300,True,True
2026-08-29T13:29:30,389.5,CAM-01,Sony FX6,Ariel,Location B - Public Market (Exterior),exterior,18.0,-60.8,70.2,0.95,31.8,OK,45.2,4,43,True,True
2026-08-29T13:29:30,389.5,CAM-02,Sony FX6,Marlon,Location B - Public Market (Exterior),exterior,32.0,-63.6,68.8,0.92,31.3,OK,36.8,29,231,True,True
2026-08-29T13:29:30,389.5,CAM-03,Sony FX3,Kiko,Location B - Public Market (Exterior),exterior,68.0,-65.9,53.4,0.61,31.0,DEGRADED,31.2,21,113,True,True
2026-08-29T13:29:30,389.5,CAM-04,Sony FX3,Dennis,Location B - Public Market (Exterior),exterior,45.0,-66.1,67.9,0.88,31.8,DEGRADED,28.6,4,214,True,True
2026-08-29T13:29:30,389.5,CAM-05,Blackmagic,Jorge,Location B - Public Market (Exterior),exterior,95.0,-66.0,63.7,0.79,31.7,DEGRADED,31.6,21,390,True,True
2026-08-29T13:30:00,390.0,CAM-01,Sony FX6,Ariel,Location B - Public Market (Exterior),exterior,18.0,-52.6,69.4,0.95,30.7,OK,47.3,0,35,True,True
2026-08-29T13:30:00,390.0,CAM-02,Sony FX6,Marlon,Location B - Public Market (Exterior),exterior,32.0,-58.5,68.8,0.92,33.5,OK,50.4,0,35,True,True
2026-08-29T13:30:00,390.0,CAM-03,Sony FX3,Kiko,Location B - Public Market (Exterior),exterior,68.0,-68.5,53.4,0.61,30.8,DEGRADED,19.2,14,505,True,True
2026-08-29T13:30:00,390.0,CAM-04,Sony FX3,Dennis,Location B - Public Market (Exterior),exterior,45.0,-65.2,67.6,0.88,31.0,OK,33.2,2,331,True,True
2026-08-29T13:30:00,390.0,CAM-05,Blackmagic,Jorge,Location B - Public Market (Exterior),exterior,95.0,-67.0,63.0,0.79,31.1,DEGRADED,25.0,13,269,True,True
2026-08-29T13:30:30,390.5,CAM-01,Sony FX6,Ariel,Location B - Public Market (Exterior),exterior,18.0,-55.7,70.4,0.95,33.1,OK,50.3,0,35,True,True
2026-08-29T13:30:30,390.5,CAM-02,Sony FX6,Marlon,Location B - Public Market (Exterior),exterior,32.0,-59.7,68.6,0.92,35.4,OK,49.3,0,35,True,True
2026-08-29T13:30:30,390.5,CAM-03,Sony FX3,Kiko,Location B - Public Market (Exterior),exterior,68.0,-64.5,53.4,0.61,31.0,OK,33.0,33,239,True,True
2026-08-29T13:30:30,390.5,CAM-04,Sony FX3,Dennis,Location B - Public Market (Exterior),exterior,45.0,-65.8,66.7,0.88,31.9,DEGRADED,27.7,30,128,True,True
2026-08-29T13:30:30,390.5,CAM-05,Blackmagic,Jorge,Location B - Public Market (Exterior),exterior,95.0,-67.6,63.8,0.79,31.4,DEGRADED,22.1,10,335,True,True
2026-08-29T13:31:00,391.0,CAM-01,Sony FX6,Ariel,Location B - Public Market (Exterior),exterior,18.0,-58.2,69.6,0.95,30.2,OK,47.0,0,35,True,True
2026-08-29T13:31:00,391.0,CAM-02,Sony FX6,Marlon,Location B - Public Market (Exterior),exterior,32.0,-62.1,68.8,0.92,33.8,OK,37.8,2,150,True,True
2026-08-29T13:31:00,391.0,CAM-03,Sony FX3,Kiko,Location B - Public Market (Exterior),exterior,68.0,-69.1,53.7,0.61,30.8,DEGRADED,18.5,15,243,True,True
2026-08-29T13:31:00,391.0,CAM-04,Sony FX3,Dennis,Location B - Public Market (Exterior),exterior,45.0,-63.2,67.8,0.88,30.2,OK,37.9,18,191,True,True
2026-08-29T13:31:00,391.0,CAM-05,Blackmagic,Jorge,Location B - Public Market (Exterior),exterior,95.0,-69.9,63.3,0.79,31.7,DEGRADED,15.5,84,389,True,True
2026-08-29T13:31:30,391.5,CAM-01,Sony FX6,Ariel,Location B - Public Market (Exterior),exterior,18.0,-53.4,69.4,0.95,33.0,OK,46.0,0,35,True,True
2026-08-29T13:31:30,391.5,CAM-02,Sony FX6,Marlon,Location B - Public Market (Exterior),exterior,32.0,-63.0,68.9,0.92,33.8,OK,38.0,18,88,True,True
2026-08-29T13:31:30,391.5,CAM-03,Sony FX3,Kiko,Location B - Public Market (Exterior),exterior,68.0,-64.2,52.4,0.61,30.7,OK,34.9,20,186,True,True
2026-08-29T13:31:30,391.5,CAM-04,Sony FX3,Dennis,Location B - Public Market (Exterior),exterior,45.0,-62.2,67.1,0.88,31.2,OK,37.6,13,138,True,True
2026-08-29T13:31:30,391.5,CAM-05,Blackmagic,Jorge,Location B - Public Market (Exterior),exterior,95.0,-68.5,63.3,0.79,31.0,DEGRADED,24.4,38,126,True,True
2026-08-29T13:32:00,392.0,CAM-01,Sony FX6,Ariel,Location B - Public Market (Exterior),exterior,18.0,-56.3,69.7,0.95,31.5,OK,48.4,0,35,True,True
2026-08-29T13:32:00,392.0,CAM-02,Sony FX6,Marlon,Location B - Public Market (Exterior),exterior,32.0,-61.4,68.5,0.92,32.7,OK,43.6,8,46,True,True
2026-08-29T13:32:00,392.0,CAM-03,Sony FX3,Kiko,Location B - Public Market (Exterior),exterior,68.0,-64.3,52.4,0.61,31.1,OK,34.9,23,211,True,True
2026-08-29T13:32:00,392.0,CAM-04,Sony FX3,Dennis,Location B - Public Market (Exterior),exterior,45.0,-62.3,67.0,0.88,30.4,OK,42.5,17,121,True,True
2026-08-29T13:32:00,392.0,CAM-05,Blackmagic,Jorge,Location B - Public Market (Exterior),exterior,95.0,-67.4,63.4,0.79,30.5,DEGRADED,24.4,2,188,True,True
2026-08-29T13:32:30,392.5,CAM-01,Sony FX6,Ariel,Location B - Public Market (Exterior),exterior,18.0,-56.4,69.6,0.95,31.6,OK,48.0,0,35,True,True
2026-08-29T13:32:30,392.5,CAM-02,Sony FX6,Marlon,Location B - Public Market (Exterior),exterior,32.0,-59.4,68.3,0.92,33.0,OK,48.7,0,35,True,True
2026-08-29T13:32:30,392.5,CAM-03,Sony FX3,Kiko,Location B - Public Market (Exterior),exterior,68.0,-65.3,52.4,0.61,32.8,DEGRADED,30.8,43,261,True,True
2026-08-29T13:32:30,392.5,CAM-04,Sony FX3,Dennis,Location B - Public Market (Exterior),exterior,45.0,-65.4,66.9,0.88,31.2,DEGRADED,28.7,39,247,True,True
2026-08-29T13:32:30,392.5,CAM-05,Blackmagic,Jorge,Location B - Public Market (Exterior),exterior,95.0,-65.4,63.0,0.79,32.3,DEGRADED,27.5,4,266,True,True
2026-08-29T13:33:00,393.0,CAM-01,Sony FX6,Ariel,Location B - Public Market (Exterior),exterior,18.0,-55.8,69.1,0.95,30.3,OK,47.7,0,35,True,True
2026-08-29T13:33:00,393.0,CAM-02,Sony FX6,Marlon,Location B - Public Market (Exterior),exterior,32.0,-60.5,68.2,0.92,34.3,OK,44.6,1,37,True,True
2026-08-29T13:33:00,393.0,CAM-03,Sony FX3,Kiko,Location B - Public Market (Exterior),exterior,68.0,-68.4,52.6,0.61,30.8,DEGRADED,18.4,25,461,True,True
2026-08-29T13:33:00,393.0,CAM-04,Sony FX3,Dennis,Location B - Public Market (Exterior),exterior,45.0,-63.7,67.4,0.88,30.1,OK,34.6,8,187,True,True
2026-08-29T13:33:00,393.0,CAM-05,Blackmagic,Jorge,Location B - Public Market (Exterior),exterior,95.0,-68.1,62.9,0.79,30.1,DEGRADED,22.2,3,72,True,True
2026-08-29T13:33:30,393.5,CAM-01,Sony FX6,Ariel,Location B - Public Market (Exterior),exterior,18.0,-57.0,69.8,0.95,31.7,OK,48.1,0,35,True,True
2026-08-29T13:33:30,393.5,CAM-02,Sony FX6,Marlon,Location B - Public Market (Exterior),exterior,32.0,-61.2,68.2,0.92,34.0,OK,42.1,8,76,True,True
2026-08-29T13:33:30,393.5,CAM-03,Sony FX3,Kiko,Location B - Public Market (Exterior),exterior,68.0,-64.6,52.5,0.61,31.5,OK,33.4,16,251,True,True
2026-08-29T13:33:30,393.5,CAM-04,Sony FX3,Dennis,Location B - Public Market (Exterior),exterior,45.0,-63.1,66.0,0.88,31.9,OK,38.5,26,141,True,True
2026-08-29T13:33:30,393.5,CAM-05,Blackmagic,Jorge,Location B - Public Market (Exterior),exterior,95.0,-73.0,63.4,0.79,30.1,CRITICAL,4.7,2,410,True,True
2026-08-29T13:34:00,394.0,CAM-01,Sony FX6,Ariel,Location B - Public Market (Exterior),exterior,18.0,-58.3,68.9,0.95,30.5,OK,49.8,0,35,True,True
2026-08-29T13:34:00,394.0,CAM-02,Sony FX6,Marlon,Location B - Public Market (Exterior),exterior,32.0,-63.6,68.4,0.92,33.9,OK,35.5,6,97,True,True
2026-08-29T13:34:00,394.0,CAM-03,Sony FX3,Kiko,Location B - Public Market (Exterior),exterior,68.0,-66.6,51.5,0.61,31.5,DEGRADED,27.2,60,172,True,True
2026-08-29T13:34:00,394.0,CAM-04,Sony FX3,Dennis,Location B - Public Market (Exterior),exterior,45.0,-62.0,66.1,0.88,30.7,OK,41.6,14,91,True,True
2026-08-29T13:34:00,394.0,CAM-05,Blackmagic,Jorge,Location B - Public Market (Exterior),exterior,95.0,-65.3,62.9,0.79,30.3,DEGRADED,30.0,47,233,True,True
2026-08-29T13:34:30,394.5,CAM-01,Sony FX6,Ariel,Location B - Public Market (Exterior),exterior,18.0,-53.9,69.0,0.95,31.9,OK,49.6,0,35,True,True
2026-08-29T13:34:30,394.5,CAM-02,Sony FX6,Marlon,Location B - Public Market (Exterior),exterior,32.0,-59.8,67.3,0.92,35.8,OK,47.6,0,35,True,True
2026-08-29T13:34:30,394.5,CAM-03,Sony FX3,Kiko,Location B - Public Market (Exterior),exterior,68.0,-65.6,51.3,0.61,30.7,DEGRADED,30.5,17,143,True,True
2026-08-29T13:34:30,394.5,CAM-04,Sony FX3,Dennis,Location B - Public Market (Exterior),exterior,45.0,-63.8,66.5,0.88,31.4,OK,37.1,6,75,True,True
2026-08-29T13:34:30,394.5,CAM-05,Blackmagic,Jorge,Location B - Public Market (Exterior),exterior,95.0,-70.5,62.3,0.79,30.8,DEGRADED,16.0,67,657,True,True
2026-08-29T13:35:00,395.0,CAM-01,Sony FX6,Ariel,Location B - Public Market (Exterior),exterior,18.0,-56.0,69.0,0.95,30.3,OK,47.0,0,35,True,True
2026-08-29T13:35:00,395.0,CAM-02,Sony FX6,Marlon,Location B - Public Market (Exterior),exterior,32.0,-61.6,68.3,0.92,33.9,OK,45.2,14,46,True,True
2026-08-29T13:35:00,395.0,CAM-03,Sony FX3,Kiko,Location B - Public Market (Exterior),exterior,68.0,-70.9,51.1,0.61,31.3,DEGRADED,9.8,91,127,True,True
2026-08-29T13:35:00,395.0,CAM-04,Sony FX3,Dennis,Location B - Public Market (Exterior),exterior,45.0,-63.5,65.9,0.88,31.0,OK,34.0,18,191,True,True
2026-08-29T13:35:00,395.0,CAM-05,Blackmagic,Jorge,Location B - Public Market (Exterior),exterior,95.0,-70.7,62.2,0.79,31.4,DEGRADED,11.1,99,157,True,True
2026-08-29T13:35:30,395.5,CAM-01,Sony FX6,Ariel,Location B - Public Market (Exterior),exterior,18.0,-58.5,68.8,0.95,30.7,OK,46.1,0,35,True,True
2026-08-29T13:35:30,395.5,CAM-02,Sony FX6,Marlon,Location B - Public Market (Exterior),exterior,32.0,-59.9,67.6,0.92,33.4,OK,49.6,0,35,True,True
2026-08-29T13:35:30,395.5,CAM-03,Sony FX3,Kiko,Location B - Public Market (Exterior),exterior,68.0,-69.1,51.2,0.61,30.5,DEGRADED,19.2,32,275,True,True
2026-08-29T13:35:30,395.5,CAM-04,Sony FX3,Dennis,Location B - Public Market (Exterior),exterior,45.0,-65.4,66.8,0.88,30.8,DEGRADED,31.0,19,187,True,True
2026-08-29T13:35:30,395.5,CAM-05,Blackmagic,Jorge,Location B - Public Market (Exterior),exterior,95.0,-68.0,62.3,0.79,30.8,DEGRADED,19.3,6,350,True,True
2026-08-29T13:36:00,396.0,CAM-01,Sony FX6,Ariel,Location B - Public Market (Exterior),exterior,18.0,-57.1,68.6,0.95,30.6,OK,47.8,0,35,True,True
2026-08-29T13:36:00,396.0,CAM-02,Sony FX6,Marlon,Location B - Public Market (Exterior),exterior,32.0,-66.6,66.8,0.92,35.7,DEGRADED,27.8,39,114,True,True
2026-08-29T13:36:00,396.0,CAM-03,Sony FX3,Kiko,Location B - Public Market (Exterior),exterior,68.0,-64.4,51.4,0.61,30.4,OK,35.9,31,165,True,True
2026-08-29T13:36:00,396.0,CAM-04,Sony FX3,Dennis,Location B - Public Market (Exterior),exterior,45.0,-65.2,66.3,0.88,30.5,OK,30.7,5,244,True,True
2026-08-29T13:36:00,396.0,CAM-05,Blackmagic,Jorge,Location B - Public Market (Exterior),exterior,95.0,-67.8,62.5,0.79,32.2,DEGRADED,23.8,31,124,True,True
2026-08-29T13:36:30,396.5,CAM-01,Sony FX6,Ariel,Location B - Public Market (Exterior),exterior,18.0,-55.1,68.3,0.95,31.4,OK,46.4,0,35,True,True
2026-08-29T13:36:30,396.5,CAM-02,Sony FX6,Marlon,Location B - Public Market (Exterior),exterior,32.0,-58.8,66.3,0.92,34.3,OK,47.6,0,35,True,True
2026-08-29T13:36:30,396.5,CAM-03,Sony FX3,Kiko,Location B - Public Market (Exterior),exterior,68.0,-64.6,50.7,0.61,30.8,OK,34.6,22,85,True,True
2026-08-29T13:36:30,396.5,CAM-04,Sony FX3,Dennis,Location B - Public Market (Exterior),exterior,45.0,-60.7,65.9,0.88,30.8,OK,43.8,2,51,True,True
2026-08-29T13:36:30,396.5,CAM-05,Blackmagic,Jorge,Location B - Public Market (Exterior),exterior,95.0,-67.6,62.8,0.79,31.8,DEGRADED,21.6,28,238,True,True
2026-08-29T13:37:00,397.0,CAM-01,Sony FX6,Ariel,Location B - Public Market (Exterior),exterior,18.0,-55.1,67.9,0.95,30.8,OK,47.2,0,35,True,True
2026-08-29T13:37:00,397.0,CAM-02,Sony FX6,Marlon,Location B - Public Market (Exterior),exterior,32.0,-62.0,67.6,0.92,36.8,OK,41.9,7,133,True,True
2026-08-29T13:37:00,397.0,CAM-03,Sony FX3,Kiko,Location B - Public Market (Exterior),exterior,68.0,-65.3,50.3,0.61,30.2,DEGRADED,31.8,14,312,True,True
2026-08-29T13:37:00,397.0,CAM-04,Sony FX3,Dennis,Location B - Public Market (Exterior),exterior,45.0,-62.2,66.1,0.88,31.1,OK,40.8,4,142,True,True
2026-08-29T13:37:00,397.0,CAM-05,Blackmagic,Jorge,Location B - Public Market (Exterior),exterior,95.0,-66.3,62.0,0.79,31.8,DEGRADED,28.1,11,61,True,True
2026-08-29T13:37:30,397.5,CAM-01,Sony FX6,Ariel,Location B - Public Market (Exterior),exterior,18.0,-60.2,68.4,0.95,30.8,OK,46.9,0,36,True,True
2026-08-29T13:37:30,397.5,CAM-02,Sony FX6,Marlon,Location B - Public Market (Exterior),exterior,32.0,-62.9,67.3,0.92,34.6,OK,38.9,3,88,True,True
2026-08-29T13:37:30,397.5,CAM-03,Sony FX3,Kiko,Location B - Public Market (Exterior),exterior,68.0,-64.9,50.5,0.61,30.6,OK,33.8,12,249,True,True
2026-08-29T13:37:30,397.5,CAM-04,Sony FX3,Dennis,Location B - Public Market (Exterior),exterior,45.0,-60.0,65.5,0.88,30.8,OK,48.5,0,35,True,True
2026-08-29T13:37:30,397.5,CAM-05,Blackmagic,Jorge,Location B - Public Market (Exterior),exterior,95.0,-66.2,61.7,0.79,32.2,DEGRADED,29.0,7,383,True,True
2026-08-29T13:38:00,398.0,CAM-01,Sony FX6,Ariel,Location B - Public Market (Exterior),exterior,18.0,-54.4,68.3,0.95,30.0,OK,47.7,0,35,True,True
2026-08-29T13:38:00,398.0,CAM-02,Sony FX6,Marlon,Location B - Public Market (Exterior),exterior,32.0,-57.2,66.7,0.92,34.5,OK,48.6,0,35,True,True
2026-08-29T13:38:00,398.0,CAM-03,Sony FX3,Kiko,Location B - Public Market (Exterior),exterior,68.0,-67.7,50.1,0.61,30.5,DEGRADED,25.2,18,354,True,True
2026-08-29T13:38:00,398.0,CAM-04,Sony FX3,Dennis,Location B - Public Market (Exterior),exterior,45.0,-66.2,65.6,0.88,32.2,DEGRADED,28.3,2,124,True,True
2026-08-29T13:38:00,398.0,CAM-05,Blackmagic,Jorge,Location B - Public Market (Exterior),exterior,95.0,-68.5,62.2,0.79,30.1,DEGRADED,21.0,57,327,True,True
2026-08-29T13:38:30,398.5,CAM-01,Sony FX6,Ariel,Location B - Public Market (Exterior),exterior,18.0,-57.1,68.0,0.95,30.4,OK,46.5,0,35,True,True
2026-08-29T13:38:30,398.5,CAM-02,Sony FX6,Marlon,Location B - Public Market (Exterior),exterior,32.0,-62.6,67.0,0.92,35.6,OK,42.2,16,133,True,True
2026-08-29T13:38:30,398.5,CAM-03,Sony FX3,Kiko,Location B - Public Market (Exterior),exterior,68.0,-70.2,50.1,0.61,31.7,DEGRADED,16.8,81,240,True,True
2026-08-29T13:38:30,398.5,CAM-04,Sony FX3,Dennis,Location B - Public Market (Exterior),exterior,45.0,-59.2,65.6,0.88,31.6,OK,47.4,0,35,True,True
2026-08-29T13:38:30,398.5,CAM-05,Blackmagic,Jorge,Location B - Public Market (Exterior),exterior,95.0,-64.4,61.1,0.79,29.9,OK,34.4,24,98,True,True
2026-08-29T13:39:00,399.0,CAM-01,Sony FX6,Ariel,Location B - Public Market (Exterior),exterior,18.0,-55.9,68.2,0.95,31.2,OK,51.5,0,35,True,True
2026-08-29T13:39:00,399.0,CAM-02,Sony FX6,Marlon,Location B - Public Market (Exterior),exterior,32.0,-59.0,66.3,0.92,35.7,OK,48.3,0,35,True,True
2026-08-29T13:39:00,399.0,CAM-03,Sony FX3,Kiko,Location B - Public Market (Exterior),exterior,68.0,-66.4,51.1,0.61,32.0,DEGRADED,28.3,13,346,True,True
2026-08-29T13:39:00,399.0,CAM-04,Sony FX3,Dennis,Location B - Public Market (Exterior),exterior,45.0,-65.3,65.2,0.88,31.2,DEGRADED,32.3,32,235,True,True
2026-08-29T13:39:00,399.0,CAM-05,Blackmagic,Jorge,Location B - Public Market (Exterior),exterior,95.0,-73.2,61.2,0.79,32.2,CRITICAL,5.9,40,325,True,True
2026-08-29T13:39:30,399.5,CAM-01,Sony FX6,Ariel,Location B - Public Market (Exterior),exterior,18.0,-53.5,68.1,0.95,30.8,OK,47.3,0,35,True,True
2026-08-29T13:39:30,399.5,CAM-02,Sony FX6,Marlon,Location B - Public Market (Exterior),exterior,32.0,-63.3,66.8,0.92,34.9,OK,35.5,6,225,True,True
2026-08-29T13:39:30,399.5,CAM-03,Sony FX3,Kiko,Location B - Public Market (Exterior),exterior,68.0,-66.2,49.7,0.61,31.7,DEGRADED,25.9,56,133,True,True
2026-08-29T13:39:30,399.5,CAM-04,Sony FX3,Dennis,Location B - Public Market (Exterior),exterior,45.0,-61.4,65.7,0.88,30.0,OK,44.4,10,112,True,True
2026-08-29T13:39:30,399.5,CAM-05,Blackmagic,Jorge,Location B - Public Market (Exterior),exterior,95.0,-71.1,61.2,0.79,31.4,DEGRADED,16.0,42,530,True,True
2026-08-29T13:40:00,400.0,CAM-01,Sony FX6,Ariel,Location B - Public Market (Exterior),exterior,18.0,-57.3,67.5,0.95,29.5,OK,50.1,0,35,True,True
2026-08-29T13:40:00,400.0,CAM-02,Sony FX6,Marlon,Location B - Public Market (Exterior),exterior,32.0,-61.1,66.5,0.92,35.2,OK,44.3,3,41,True,True
2026-08-29T13:40:00,400.0,CAM-03,Sony FX3,Kiko,Location B - Public Market (Exterior),exterior,68.0,-67.4,49.3,0.61,30.3,DEGRADED,24.3,43,99,True,True
2026-08-29T13:40:00,400.0,CAM-04,Sony FX3,Dennis,Location B - Public Market (Exterior),exterior,45.0,-62.1,64.5,0.88,31.2,OK,40.1,1,148,True,True
2026-08-29T13:40:00,400.0,CAM-05,Blackmagic,Jorge,Location B - Public Market (Exterior),exterior,95.0,-69.1,61.6,0.79,31.6,DEGRADED,17.6,64,329,True,True
2026-08-29T13:40:30,400.5,CAM-01,Sony FX6,Ariel,Location B - Public Market (Exterior),exterior,18.0,-59.2,67.6,0.95,29.7,OK,50.5,0,35,True,True
2026-08-29T13:40:30,400.5,CAM-02,Sony FX6,Marlon,Location B - Public Market (Exterior),exterior,32.0,-58.8,67.1,0.92,35.5,OK,49.5,0,35,True,True
2026-08-29T13:40:30,400.5,CAM-03,Sony FX3,Kiko,Location B - Public Market (Exterior),exterior,68.0,-69.0,49.9,0.61,31.3,DEGRADED,17.8,80,203,True,True
2026-08-29T13:40:30,400.5,CAM-04,Sony FX3,Dennis,Location B - Public Market (Exterior),exterior,45.0,-64.2,65.0,0.88,30.4,OK,34.0,23,203,True,True
2026-08-29T13:40:30,400.5,CAM-05,Blackmagic,Jorge,Location B - Public Market (Exterior),exterior,95.0,-68.0,61.3,0.79,31.2,DEGRADED,24.4,57,371,True,True
2026-08-29T13:41:00,401.0,CAM-01,Sony FX6,Ariel,Location B - Public Market (Exterior),exterior,18.0,-57.2,66.6,0.95,30.6,OK,45.2,0,35,True,True
2026-08-29T13:41:00,401.0,CAM-02,Sony FX6,Marlon,Location B - Public Market (Exterior),exterior,32.0,-63.9,65.9,0.92,34.7,OK,36.4,22,119,True,True
2026-08-29T13:41:00,401.0,CAM-03,Sony FX3,Kiko,Location B - Public Market (Exterior),exterior,68.0,-68.1,49.9,0.61,29.8,DEGRADED,20.5,15,440,True,True
2026-08-29T13:41:00,401.0,CAM-04,Sony FX3,Dennis,Location B - Public Market (Exterior),exterior,45.0,-63.1,64.3,0.88,31.1,OK,38.9,6,149,True,True
2026-08-29T13:41:00,401.0,CAM-05,Blackmagic,Jorge,Location B - Public Market (Exterior),exterior,95.0,-67.9,60.6,0.79,32.0,DEGRADED,24.1,43,480,True,True
2026-08-29T13:41:30,401.5,CAM-01,Sony FX6,Ariel,Location B - Public Market (Exterior),exterior,18.0,-60.2,67.1,0.95,30.1,OK,44.6,0,39,True,True
2026-08-29T13:41:30,401.5,CAM-02,Sony FX6,Marlon,Location B - Public Market (Exterior),exterior,32.0,-59.7,66.0,0.92,37.0,OK,48.2,0,35,True,True
2026-08-29T13:41:30,401.5,CAM-03,Sony FX3,Kiko,Location B - Public Market (Exterior),exterior,68.0,-66.7,47.8,0.61,31.3,DEGRADED,26.0,12,283,True,True
2026-08-29T13:41:30,401.5,CAM-04,Sony FX3,Dennis,Location B - Public Market (Exterior),exterior,45.0,-68.3,64.5,0.88,31.6,DEGRADED,21.0,64,500,True,True
2026-08-29T13:41:30,401.5,CAM-05,Blackmagic,Jorge,Location B - Public Market (Exterior),exterior,95.0,-67.5,60.9,0.79,30.1,DEGRADED,24.4,34,420,True,True
2026-08-29T13:42:00,402.0,CAM-01,Sony FX6,Ariel,Location B - Public Market (Exterior),exterior,18.0,-56.7,66.6,0.95,31.4,OK,47.6,0,35,True,True
2026-08-29T13:42:00,402.0,CAM-02,Sony FX6,Marlon,Location B - Public Market (Exterior),exterior,32.0,-61.6,65.9,0.92,34.7,OK,39.5,4,76,True,True
2026-08-29T13:42:00,402.0,CAM-03,Sony FX3,Kiko,Location B - Public Market (Exterior),exterior,68.0,-63.1,49.0,0.61,31.5,OK,38.0,20,147,True,True
2026-08-29T13:42:00,402.0,CAM-04,Sony FX3,Dennis,Location B - Public Market (Exterior),exterior,45.0,-64.8,64.7,0.88,31.0,OK,30.7,24,288,True,True
2026-08-29T13:42:00,402.0,CAM-05,Blackmagic,Jorge,Location B - Public Market (Exterior),exterior,95.0,-68.7,60.5,0.79,30.6,DEGRADED,18.5,55,373,True,True
2026-08-29T13:42:30,402.5,CAM-01,Sony FX6,Ariel,Location B - Public Market (Exterior),exterior,18.0,-60.7,66.7,0.95,31.4,OK,47.9,1,37,True,True
2026-08-29T13:42:30,402.5,CAM-02,Sony FX6,Marlon,Location B - Public Market (Exterior),exterior,32.0,-64.7,65.3,0.92,36.4,OK,34.2,5,274,True,True
2026-08-29T13:42:30,402.5,CAM-03,Sony FX3,Kiko,Location B - Public Market (Exterior),exterior,68.0,-62.1,48.9,0.61,30.3,OK,42.0,2,55,True,True
2026-08-29T13:42:30,402.5,CAM-04,Sony FX3,Dennis,Location B - Public Market (Exterior),exterior,45.0,-65.6,65.1,0.88,30.9,DEGRADED,27.8,21,144,True,True
2026-08-29T13:42:30,402.5,CAM-05,Blackmagic,Jorge,Location B - Public Market (Exterior),exterior,95.0,-73.7,60.3,0.79,31.7,CRITICAL,3.7,96,364,True,True
2026-08-29T13:43:00,403.0,CAM-01,Sony FX6,Ariel,Location B - Public Market (Exterior),exterior,18.0,-58.1,66.9,0.95,31.6,OK,47.8,0,35,True,True
2026-08-29T13:43:00,403.0,CAM-02,Sony FX6,Marlon,Location B - Public Market (Exterior),exterior,32.0,-58.6,66.0,0.92,35.3,OK,50.2,0,35,True,True
2026-08-29T13:43:00,403.0,CAM-03,Sony FX3,Kiko,Location B - Public Market (Exterior),exterior,68.0,-64.1,48.9,0.61,30.5,OK,36.1,13,126,True,True
2026-08-29T13:43:00,403.0,CAM-04,Sony FX3,Dennis,Location B - Public Market (Exterior),exterior,45.0,-60.9,64.9,0.88,31.4,OK,44.2,6,68,True,True
2026-08-29T13:43:00,403.0,CAM-05,Blackmagic,Jorge,Location B - Public Market (Exterior),exterior,95.0,-70.5,60.2,0.79,32.0,DEGRADED,16.7,19,388,True,True
2026-08-29T13:43:30,403.5,CAM-01,Sony FX6,Ariel,Location B - Public Market (Exterior),exterior,18.0,-50.5,66.0,0.95,32.4,OK,48.3,0,35,True,True
2026-08-29T13:43:30,403.5,CAM-02,Sony FX6,Marlon,Location B - Public Market (Exterior),exterior,32.0,-58.7,65.2,0.92,34.2,OK,49.1,0,35,True,True
2026-08-29T13:43:30,403.5,CAM-03,Sony FX3,Kiko,Location B - Public Market (Exterior),exterior,68.0,-69.2,47.7,0.61,30.8,DEGRADED,21.9,44,283,True,True
2026-08-29T13:43:30,403.5,CAM-04,Sony FX3,Dennis,Location B - Public Market (Exterior),exterior,45.0,-61.7,64.8,0.88,30.9,OK,43.0,9,92,True,True
2026-08-29T13:43:30,403.5,CAM-05,Blackmagic,Jorge,Location B - Public Market (Exterior),exterior,95.0,-65.7,60.1,0.79,31.9,DEGRADED,28.0,11,271,True,True
2026-08-29T13:44:00,404.0,CAM-01,Sony FX6,Ariel,Location B - Public Market (Exterior),exterior,18.0,-53.4,66.7,0.95,30.0,OK,45.9,0,35,True,True
2026-08-29T13:44:00,404.0,CAM-02,Sony FX6,Marlon,Location B - Public Market (Exterior),exterior,32.0,-58.8,65.0,0.92,35.5,OK,47.2,0,35,True,True
2026-08-29T13:44:00,404.0,CAM-03,Sony FX3,Kiko,Location B - Public Market (Exterior),exterior,68.0,-65.4,48.3,0.61,31.2,DEGRADED,32.2,13,60,True,True
2026-08-29T13:44:00,404.0,CAM-04,Sony FX3,Dennis,Location B - Public Market (Exterior),exterior,45.0,-63.8,64.1,0.88,31.4,OK,38.2,13,197,True,True
2026-08-29T13:44:00,404.0,CAM-05,Blackmagic,Jorge,Location B - Public Market (Exterior),exterior,95.0,-69.5,60.4,0.79,32.0,DEGRADED,17.4,44,413,True,True
2026-08-29T13:44:30,404.5,CAM-01,Sony FX6,Ariel,Location B - Public Market (Exterior),exterior,18.0,-56.8,66.8,0.95,31.7,OK,48.2,0,35,True,True
2026-08-29T13:44:30,404.5,CAM-02,Sony FX6,Marlon,Location B - Public Market (Exterior),exterior,32.0,-58.0,65.6,0.92,35.9,OK,48.4,0,35,True,True
2026-08-29T13:44:30,404.5,CAM-03,Sony FX3,Kiko,Location B - Public Market (Exterior),exterior,68.0,-68.7,47.3,0.61,31.6,DEGRADED,20.5,7,513,True,True
2026-08-29T13:44:30,404.5,CAM-04,Sony FX3,Dennis,Location B - Public Market (Exterior),exterior,45.0,-66.5,63.5,0.88,30.7,DEGRADED,28.3,51,67,True,True
2026-08-29T13:44:30,404.5,CAM-05,Blackmagic,Jorge,Location B - Public Market (Exterior),exterior,95.0,-68.0,60.1,0.79,31.3,DEGRADED,22.6,55,364,True,True
2026-08-29T13:45:00,405.0,CAM-01,Sony FX6,Ariel,Location B - Public Market (Exterior),exterior,18.0,-59.8,66.5,0.95,29.9,OK,48.5,0,35,True,True
2026-08-29T13:45:00,405.0,CAM-02,Sony FX6,Marlon,Location B - Public Market (Exterior),exterior,32.0,-62.1,65.8,0.92,35.9,OK,41.8,17,104,True,True
2026-08-29T13:45:00,405.0,CAM-03,Sony FX3,Kiko,Location B - Public Market (Exterior),exterior,68.0,-66.3,47.7,0.61,29.7,DEGRADED,27.5,49,173,True,True
2026-08-29T13:45:00,405.0,CAM-04,Sony FX3,Dennis,Location B - Public Market (Exterior),exterior,45.0,-66.3,63.1,0.88,30.5,DEGRADED,25.3,16,261,True,True
2026-08-29T13:45:00,405.0,CAM-05,Blackmagic,Jorge,Location B - Public Market (Exterior),exterior,95.0,-67.0,60.1,0.79,31.4,DEGRADED,29.5,28,351,True,True
2026-08-29T13:45:30,405.5,CAM-01,Sony FX6,Ariel,Location B - Public Market (Exterior),exterior,18.0,-58.9,66.7,0.95,30.7,OK,45.5,0,35,True,True
2026-08-29T13:45:30,405.5,CAM-02,Sony FX6,Marlon,Location B - Public Market (Exterior),exterior,32.0,-66.1,65.3,0.92,37.0,DEGRADED,31.3,25,298,True,True
2026-08-29T13:45:30,405.5,CAM-03,Sony FX3,Kiko,Location B - Public Market (Exterior),exterior,68.0,-67.4,47.7,0.61,30.0,DEGRADED,23.1,44,346,True,True
2026-08-29T13:45:30,405.5,CAM-04,Sony FX3,Dennis,Location B - Public Market (Exterior),exterior,45.0,-67.8,64.4,0.88,29.3,DEGRADED,22.5,55,270,True,True
2026-08-29T13:45:30,405.5,CAM-05,Blackmagic,Jorge,Location B - Public Market (Exterior),exterior,95.0,-70.5,59.5,0.79,31.5,DEGRADED,15.6,35,276,True,True
2026-08-29T13:46:00,406.0,CAM-01,Sony FX6,Ariel,Location B - Public Market (Exterior),exterior,18.0,-58.3,66.7,0.95,30.9,OK,47.8,0,35,True,True
2026-08-29T13:46:00,406.0,CAM-02,Sony FX6,Marlon,Location B - Public Market (Exterior),exterior,32.0,-58.8,65.6,0.92,36.9,OK,49.7,0,35,True,True
2026-08-29T13:46:00,406.0,CAM-03,Sony FX3,Kiko,Location B - Public Market (Exterior),exterior,68.0,-71.8,46.8,0.61,31.4,DEGRADED,9.5,74,460,True,True
2026-08-29T13:46:00,406.0,CAM-04,Sony FX3,Dennis,Location B - Public Market (Exterior),exterior,45.0,-59.6,63.7,0.88,31.1,OK,46.4,0,35,True,True
2026-08-29T13:46:00,406.0,CAM-05,Blackmagic,Jorge,Location B - Public Market (Exterior),exterior,95.0,-69.4,58.8,0.79,29.9,DEGRADED,18.6,48,498,True,True
2026-08-29T13:46:30,406.5,CAM-01,Sony FX6,Ariel,Location B - Public Market (Exterior),exterior,18.0,-54.2,66.0,0.95,30.9,OK,47.5,0,35,True,True
2026-08-29T13:46:30,406.5,CAM-02,Sony FX6,Marlon,Location B - Public Market (Exterior),exterior,32.0,-61.7,65.2,0.92,34.5,OK,41.9,13,93,True,True
2026-08-29T13:46:30,406.5,CAM-03,Sony FX3,Kiko,Location B - Public Market (Exterior),exterior,68.0,-66.8,47.1,0.61,30.5,DEGRADED,26.5,32,196,True,True
2026-08-29T13:46:30,406.5,CAM-04,Sony FX3,Dennis,Location B - Public Market (Exterior),exterior,45.0,-61.1,63.6,0.88,32.0,OK,45.2,3,100,True,True
2026-08-29T13:46:30,406.5,CAM-05,Blackmagic,Jorge,Location B - Public Market (Exterior),exterior,95.0,-68.4,58.6,0.79,31.7,DEGRADED,23.6,16,192,True,True
2026-08-29T13:47:00,407.0,CAM-01,Sony FX6,Ariel,Location B - Public Market (Exterior),exterior,18.0,-59.4,65.9,0.95,29.4,OK,47.5,0,35,True,True
2026-08-29T13:47:00,407.0,CAM-02,Sony FX6,Marlon,Location B - Public Market (Exterior),exterior,32.0,-62.1,65.0,0.92,35.9,OK,40.0,3,153,True,True
2026-08-29T13:47:00,407.0,CAM-03,Sony FX3,Kiko,Location B - Public Market (Exterior),exterior,68.0,-65.7,46.5,0.61,30.5,DEGRADED,28.8,4,338,True,True
2026-08-29T13:47:00,407.0,CAM-04,Sony FX3,Dennis,Location B - Public Market (Exterior),exterior,45.0,-64.7,63.2,0.88,29.7,OK,31.9,22,155,True,True
2026-08-29T13:47:00,407.0,CAM-05,Blackmagic,Jorge,Location B - Public Market (Exterior),exterior,95.0,-70.8,58.5,0.79,30.6,DEGRADED,13.4,81,470,True,True
2026-08-29T13:47:30,407.5,CAM-01,Sony FX6,Ariel,Location B - Public Market (Exterior),exterior,18.0,-62.0,65.9,0.95,30.0,OK,43.2,18,47,True,True
2026-08-29T13:47:30,407.5,CAM-02,Sony FX6,Marlon,Location B - Public Market (Exterior),exterior,32.0,-59.3,65.0,0.92,37.7,OK,49.3,0,35,True,True
2026-08-29T13:47:30,407.5,CAM-03,Sony FX3,Kiko,Location B - Public Market (Exterior),exterior,68.0,-68.6,47.2,0.61,31.1,DEGRADED,21.7,56,388,True,True
2026-08-29T13:47:30,407.5,CAM-04,Sony FX3,Dennis,Location B - Public Market (Exterior),exterior,45.0,-61.6,62.6,0.88,30.3,OK,41.8,0,105,True,True
2026-08-29T13:47:30,407.5,CAM-05,Blackmagic,Jorge,Location B - Public Market (Exterior),exterior,95.0,-66.2,59.1,0.79,29.9,DEGRADED,28.7,49,331,True,True
2026-08-29T13:48:00,408.0,CAM-01,Sony FX6,Ariel,Location B - Public Market (Exterior),exterior,18.0,-52.2,64.7,0.95,31.3,OK,49.3,0,35,True,True
2026-08-29T13:48:00,408.0,CAM-02,Sony FX6,Marlon,Location B - Public Market (Exterior),exterior,32.0,-64.5,64.8,0.92,37.3,OK,30.7,27,274,True,True
2026-08-29T13:48:00,408.0,CAM-03,Sony FX3,Kiko,Location B - Public Market (Exterior),exterior,68.0,-64.8,46.8,0.61,30.2,OK,31.0,34,172,True,True
2026-08-29T13:48:00,408.0,CAM-04,Sony FX3,Dennis,Location B - Public Market (Exterior),exterior,45.0,-61.8,62.8,0.88,30.4,OK,40.8,10,110,True,True
2026-08-29T13:48:00,408.0,CAM-05,Blackmagic,Jorge,Location B - Public Market (Exterior),exterior,95.0,-68.9,58.3,0.79,30.8,DEGRADED,18.3,3,253,True,True
2026-08-29T13:48:30,408.5,CAM-01,Sony FX6,Ariel,Location B - Public Market (Exterior),exterior,18.0,-58.6,65.6,0.95,31.7,OK,47.8,0,35,True,True
2026-08-29T13:48:30,408.5,CAM-02,Sony FX6,Marlon,Location B - Public Market (Exterior),exterior,32.0,-56.4,64.8,0.92,37.6,OK,48.5,0,35,True,True
2026-08-29T13:48:30,408.5,CAM-03,Sony FX3,Kiko,Location B - Public Market (Exterior),exterior,68.0,-66.7,46.6,0.61,29.0,DEGRADED,29.2,7,297,True,True
2026-08-29T13:48:30,408.5,CAM-04,Sony FX3,Dennis,Location B - Public Market (Exterior),exterior,45.0,-67.5,63.5,0.88,30.7,DEGRADED,23.9,2,333,True,True
2026-08-29T13:48:30,408.5,CAM-05,Blackmagic,Jorge,Location B - Public Market (Exterior),exterior,95.0,-66.9,58.3,0.79,30.7,DEGRADED,26.1,56,152,True,True
2026-08-29T13:49:00,409.0,CAM-01,Sony FX6,Ariel,Location B - Public Market (Exterior),exterior,18.0,-53.2,65.4,0.95,30.5,OK,47.0,0,35,True,True
2026-08-29T13:49:00,409.0,CAM-02,Sony FX6,Marlon,Location B - Public Market (Exterior),exterior,32.0,-58.3,64.3,0.92,36.9,OK,51.2,0,35,True,True
2026-08-29T13:49:00,409.0,CAM-03,Sony FX3,Kiko,Location B - Public Market (Exterior),exterior,68.0,-70.2,46.6,0.61,32.4,DEGRADED,14.6,6,200,True,True
2026-08-29T13:49:00,409.0,CAM-04,Sony FX3,Dennis,Location B - Public Market (Exterior),exterior,45.0,-62.2,63.0,0.88,31.2,OK,42.7,13,150,True,True
2026-08-29T13:49:00,409.0,CAM-05,Blackmagic,Jorge,Location B - Public Market (Exterior),exterior,95.0,-71.9,59.3,0.79,30.2,DEGRADED,11.7,17,689,True,True
2026-08-29T13:49:30,409.5,CAM-01,Sony FX6,Ariel,Location B - Public Market (Exterior),exterior,18.0,-58.7,64.9,0.95,31.1,OK,49.8,0,35,True,True
2026-08-29T13:49:30,409.5,CAM-02,Sony FX6,Marlon,Location B - Public Market (Exterior),exterior,32.0,-61.0,64.4,0.92,37.2,OK,44.5,5,90,True,True
2026-08-29T13:49:30,409.5,CAM-03,Sony FX3,Kiko,Location B - Public Market (Exterior),exterior,68.0,-68.0,45.6,0.61,31.6,DEGRADED,22.4,13,107,True,True
2026-08-29T13:49:30,409.5,CAM-04,Sony FX3,Dennis,Location B - Public Market (Exterior),exterior,45.0,-61.3,62.1,0.88,31.7,OK,44.4,8,79,True,True
2026-08-29T13:49:30,409.5,CAM-05,Blackmagic,Jorge,Location B - Public Market (Exterior),exterior,95.0,-72.1,58.0,0.79,31.9,CRITICAL,9.5,23,281,True,True
2026-08-29T13:50:00,410.0,CAM-01,Sony FX6,Ariel,Location B - Public Market (Exterior),exterior,18.0,-59.0,65.6,0.95,31.0,OK,48.9,0,35,True,True
2026-08-29T13:50:00,410.0,CAM-02,Sony FX6,Marlon,Location B - Public Market (Exterior),exterior,32.0,-63.6,63.9,0.92,36.5,OK,33.7,16,198,True,True
2026-08-29T13:50:00,410.0,CAM-03,Sony FX3,Kiko,Location B - Public Market (Exterior),exterior,68.0,-63.7,45.6,0.61,30.2,OK,36.9,11,246,True,True
2026-08-29T13:50:00,410.0,CAM-04,Sony FX3,Dennis,Location B - Public Market (Exterior),exterior,45.0,-62.8,62.4,0.88,30.6,OK,37.7,14,147,True,True
2026-08-29T13:50:00,410.0,CAM-05,Blackmagic,Jorge,Location B - Public Market (Exterior),exterior,95.0,-64.3,57.9,0.79,32.1,OK,35.8,12,118,True,True
2026-08-29T13:50:30,410.5,CAM-01,Sony FX6,Ariel,Location B - Public Market (Exterior),exterior,18.0,-60.5,65.2,0.95,32.0,OK,47.1,3,42,True,True
2026-08-29T13:50:30,410.5,CAM-02,Sony FX6,Marlon,Location B - Public Market (Exterior),exterior,32.0,-63.5,64.0,0.92,40.3,OK,37.6,19,189,True,True
2026-08-29T13:50:30,410.5,CAM-03,Sony FX3,Kiko,Location B - Public Market (Exterior),exterior,68.0,-64.8,46.0,0.61,29.6,OK,28.3,43,261,True,True
2026-08-29T13:50:30,410.5,CAM-04,Sony FX3,Dennis,Location B - Public Market (Exterior),exterior,45.0,-62.2,62.4,0.88,32.1,OK,40.5,19,136,True,True
2026-08-29T13:50:30,410.5,CAM-05,Blackmagic,Jorge,Location B - Public Market (Exterior),exterior,95.0,-71.5,57.8,0.79,29.9,DEGRADED,13.0,12,654,True,True
2026-08-29T13:51:00,411.0,CAM-01,Sony FX6,Ariel,Location B - Public Market (Exterior),exterior,18.0,-59.2,65.3,0.95,31.9,OK,49.7,0,35,True,True
2026-08-29T13:51:00,411.0,CAM-02,Sony FX6,Marlon,Location B - Public Market (Exterior),exterior,32.0,-61.0,63.9,0.92,39.1,OK,44.8,8,54,True,True
2026-08-29T13:51:00,411.0,CAM-03,Sony FX3,Kiko,Location B - Public Market (Exterior),exterior,68.0,-64.5,44.7,0.61,32.0,OK,35.8,5,224,True,True
2026-08-29T13:51:00,411.0,CAM-04,Sony FX3,Dennis,Location B - Public Market (Exterior),exterior,45.0,-61.8,62.2,0.88,30.8,OK,42.0,15,63,True,True
2026-08-29T13:51:00,411.0,CAM-05,Blackmagic,Jorge,Location B - Public Market (Exterior),exterior,95.0,-70.8,58.1,0.79,31.2,DEGRADED,15.0,36,525,True,True
2026-08-29T13:51:30,411.5,CAM-01,Sony FX6,Ariel,Location B - Public Market (Exterior),exterior,18.0,-53.5,65.4,0.95,30.5,OK,47.1,0,35,True,True
2026-08-29T13:51:30,411.5,CAM-02,Sony FX6,Marlon,Location B - Public Market (Exterior),exterior,32.0,-62.6,64.0,0.92,38.4,OK,39.8,5,170,True,True
2026-08-29T13:51:30,411.5,CAM-03,Sony FX3,Kiko,Location B - Public Market (Exterior),exterior,68.0,-64.6,45.5,0.61,30.4,OK,34.1,37,89,True,True
2026-08-29T13:51:30,411.5,CAM-04,Sony FX3,Dennis,Location B - Public Market (Exterior),exterior,45.0,-62.0,61.4,0.88,31.6,OK,42.5,9,57,True,True
2026-08-29T13:51:30,411.5,CAM-05,Blackmagic,Jorge,Location B - Public Market (Exterior),exterior,95.0,-68.1,58.3,0.79,31.2,DEGRADED,20.7,68,240,True,True
2026-08-29T13:52:00,412.0,CAM-01,Sony FX6,Ariel,Location B - Public Market (Exterior),exterior,18.0,-58.6,64.6,0.95,30.6,OK,47.6,0,35,True,True
2026-08-29T13:52:00,412.0,CAM-02,Sony FX6,Marlon,Location B - Public Market (Exterior),exterior,32.0,-64.3,64.2,0.92,38.3,OK,33.1,1,104,True,True
2026-08-29T13:52:00,412.0,CAM-03,Sony FX3,Kiko,Location B - Public Market (Exterior),exterior,68.0,-63.9,44.6,0.61,31.3,OK,34.3,35,212,True,True
2026-08-29T13:52:00,412.0,CAM-04,Sony FX3,Dennis,Location B - Public Market (Exterior),exterior,45.0,-63.9,62.1,0.88,30.9,OK,34.5,34,262,True,True
2026-08-29T13:52:00,412.0,CAM-05,Blackmagic,Jorge,Location B - Public Market (Exterior),exterior,95.0,-67.8,56.8,0.79,31.0,DEGRADED,24.9,35,145,True,True
2026-08-29T13:52:30,412.5,CAM-01,Sony FX6,Ariel,Location B - Public Market (Exterior),exterior,18.0,-55.8,64.5,0.95,31.9,OK,48.0,0,35,True,True
2026-08-29T13:52:30,412.5,CAM-02,Sony FX6,Marlon,Location B - Public Market (Exterior),exterior,32.0,-61.2,63.9,0.92,37.2,OK,45.9,0,85,True,True
2026-08-29T13:52:30,412.5,CAM-03,Sony FX3,Kiko,Location B - Public Market (Exterior),exterior,68.0,-67.4,45.7,0.61,31.2,DEGRADED,24.9,18,388,True,True
2026-08-29T13:52:30,412.5,CAM-04,Sony FX3,Dennis,Location B - Public Market (Exterior),exterior,45.0,-66.0,62.0,0.88,30.4,DEGRADED,28.1,3,352,True,True
2026-08-29T13:52:30,412.5,CAM-05,Blackmagic,Jorge,Location B - Public Market (Exterior),exterior,95.0,-68.3,57.5,0.79,30.7,DEGRADED,22.4,38,270,True,True
2026-08-29T13:53:00,413.0,CAM-01,Sony FX6,Ariel,Location B - Public Market (Exterior),exterior,18.0,-55.9,64.7,0.95,30.5,OK,45.4,0,35,True,True
2026-08-29T13:53:00,413.0,CAM-02,Sony FX6,Marlon,Location B - Public Market (Exterior),exterior,32.0,-61.6,62.9,0.92,38.6,OK,42.7,3,48,True,True
2026-08-29T13:53:00,413.0,CAM-03,Sony FX3,Kiko,Location B - Public Market (Exterior),exterior,68.0,-65.7,44.9,0.61,31.1,DEGRADED,31.5,21,259,True,True
2026-08-29T13:53:00,413.0,CAM-04,Sony FX3,Dennis,Location B - Public Market (Exterior),exterior,45.0,-63.1,61.7,0.88,31.1,OK,37.5,13,55,True,True
2026-08-29T13:53:00,413.0,CAM-05,Blackmagic,Jorge,Location B - Public Market (Exterior),exterior,95.0,-70.2,56.9,0.79,30.7,DEGRADED,16.5,31,335,True,True
2026-08-29T13:53:30,413.5,CAM-01,Sony FX6,Ariel,Location B - Public Market (Exterior),exterior,18.0,-54.1,64.6,0.95,31.0,OK,47.9,0,35,True,True
2026-08-29T13:53:30,413.5,CAM-02,Sony FX6,Marlon,Location B - Public Market (Exterior),exterior,32.0,-62.0,63.0,0.92,38.5,OK,41.1,17,63,True,True
2026-08-29T13:53:30,413.5,CAM-03,Sony FX3,Kiko,Location B - Public Market (Exterior),exterior,68.0,-66.4,44.6,0.61,31.5,DEGRADED,27.7,3,404,True,True
2026-08-29T13:53:30,413.5,CAM-04,Sony FX3,Dennis,Location B - Public Market (Exterior),exterior,45.0,-65.3,61.8,0.88,29.8,DEGRADED,28.2,45,61,True,True
2026-08-29T13:53:30,413.5,CAM-05,Blackmagic,Jorge,Location B - Public Market (Exterior),exterior,95.0,-70.6,57.9,0.79,31.6,DEGRADED,16.2,9,545,True,True
2026-08-29T13:54:00,414.0,CAM-01,Sony FX6,Ariel,Location B - Public Market (Exterior),exterior,18.0,-54.9,64.4,0.95,31.7,OK,48.3,0,35,True,True
2026-08-29T13:54:00,414.0,CAM-02,Sony FX6,Marlon,Location B - Public Market (Exterior),exterior,32.0,-61.5,63.1,0.92,39.3,OK,43.0,12,58,True,True
2026-08-29T13:54:00,414.0,CAM-03,Sony FX3,Kiko,Location B - Public Market (Exterior),exterior,68.0,-66.4,44.2,0.61,31.3,DEGRADED,28.1,2,415,True,True
2026-08-29T13:54:00,414.0,CAM-04,Sony FX3,Dennis,Location B - Public Market (Exterior),exterior,45.0,-62.8,62.6,0.88,31.8,OK,40.7,1,105,True,True
2026-08-29T13:54:00,414.0,CAM-05,Blackmagic,Jorge,Location B - Public Market (Exterior),exterior,95.0,-69.2,57.0,0.79,30.4,DEGRADED,16.8,3,110,True,True
2026-08-29T13:54:30,414.5,CAM-01,Sony FX6,Ariel,Location B - Public Market (Exterior),exterior,18.0,-57.0,63.9,0.95,30.8,OK,49.0,0,35,True,True
2026-08-29T13:54:30,414.5,CAM-02,Sony FX6,Marlon,Location B - Public Market (Exterior),exterior,32.0,-60.5,63.3,0.92,37.0,OK,49.2,3,41,True,True
2026-08-29T13:54:30,414.5,CAM-03,Sony FX3,Kiko,Location B - Public Market (Exterior),exterior,68.0,-66.5,44.0,0.61,31.4,DEGRADED,25.9,17,106,True,True
2026-08-29T13:54:30,414.5,CAM-04,Sony FX3,Dennis,Location B - Public Market (Exterior),exterior,45.0,-64.4,61.8,0.88,30.6,OK,36.5,25,158,True,True
2026-08-29T13:54:30,414.5,CAM-05,Blackmagic,Jorge,Location B - Public Market (Exterior),exterior,95.0,-67.0,57.0,0.79,30.2,DEGRADED,25.5,17,355,True,True
2026-08-29T13:55:00,415.0,CAM-01,Sony FX6,Ariel,Location B - Public Market (Exterior),exterior,18.0,-57.5,63.6,0.95,30.5,OK,49.3,0,35,True,True
2026-08-29T13:55:00,415.0,CAM-02,Sony FX6,Marlon,Location B - Public Market (Exterior),exterior,32.0,-64.2,62.4,0.92,38.8,OK,36.8,21,198,True,True
2026-08-29T13:55:00,415.0,CAM-03,Sony FX3,Kiko,Location B - Public Market (Exterior),exterior,68.0,-65.3,44.5,0.61,31.1,DEGRADED,32.6,38,155,True,True
2026-08-29T13:55:00,415.0,CAM-04,Sony FX3,Dennis,Location B - Public Market (Exterior),exterior,45.0,-62.5,61.6,0.88,31.7,OK,39.6,7,163,True,True
2026-08-29T13:55:00,415.0,CAM-05,Blackmagic,Jorge,Location B - Public Market (Exterior),exterior,95.0,-69.1,57.5,0.79,30.6,DEGRADED,19.4,66,515,True,True
2026-08-29T13:55:30,415.5,CAM-01,Sony FX6,Ariel,Location B - Public Market (Exterior),exterior,18.0,-60.2,64.0,0.95,30.4,OK,48.0,0,44,True,True
2026-08-29T13:55:30,415.5,CAM-02,Sony FX6,Marlon,Location B - Public Market (Exterior),exterior,32.0,-62.3,63.0,0.92,39.5,OK,38.8,3,157,True,True
2026-08-29T13:55:30,415.5,CAM-03,Sony FX3,Kiko,Location B - Public Market (Exterior),exterior,68.0,-65.4,43.0,0.61,31.7,DEGRADED,30.0,36,258,True,True
2026-08-29T13:55:30,415.5,CAM-04,Sony FX3,Dennis,Location B - Public Market (Exterior),exterior,45.0,-65.0,61.6,0.88,30.6,OK,29.8,19,268,True,True
2026-08-29T13:55:30,415.5,CAM-05,Blackmagic,Jorge,Location B - Public Market (Exterior),exterior,95.0,-66.6,56.3,0.79,32.0,DEGRADED,25.3,9,136,True,True
2026-08-29T13:56:00,416.0,CAM-01,Sony FX6,Ariel,Location B - Public Market (Exterior),exterior,18.0,-54.0,63.5,0.95,29.6,OK,50.2,0,35,True,True
2026-08-29T13:56:00,416.0,CAM-02,Sony FX6,Marlon,Location B - Public Market (Exterior),exterior,32.0,-62.4,62.7,0.92,37.8,OK,40.9,20,172,True,True
2026-08-29T13:56:00,416.0,CAM-03,Sony FX3,Kiko,Location B - Public Market (Exterior),exterior,68.0,-66.4,43.2,0.61,31.1,DEGRADED,28.7,56,163,True,True
2026-08-29T13:56:00,416.0,CAM-04,Sony FX3,Dennis,Location B - Public Market (Exterior),exterior,45.0,-66.0,60.9,0.88,29.9,DEGRADED,29.8,1,322,True,True
2026-08-29T13:56:00,416.0,CAM-05,Blackmagic,Jorge,Location B - Public Market (Exterior),exterior,95.0,-70.8,56.9,0.79,30.7,DEGRADED,15.1,64,450,True,True
2026-08-29T13:56:30,416.5,CAM-01,Sony FX6,Ariel,Location B - Public Market (Exterior),exterior,18.0,-57.1,63.1,0.95,31.1,OK,47.4,0,35,True,True
2026-08-29T13:56:30,416.5,CAM-02,Sony FX6,Marlon,Location B - Public Market (Exterior),exterior,32.0,-62.3,62.2,0.92,40.4,OK,42.5,11,69,True,True
2026-08-29T13:56:30,416.5,CAM-03,Sony FX3,Kiko,Location B - Public Market (Exterior),exterior,68.0,-66.9,43.6,0.61,32.4,DEGRADED,26.3,30,209,True,True
2026-08-29T13:56:30,416.5,CAM-04,Sony FX3,Dennis,Location B - Public Market (Exterior),exterior,45.0,-64.8,60.9,0.88,31.0,OK,32.5,4,198,True,True
2026-08-29T13:56:30,416.5,CAM-05,Blackmagic,Jorge,Location B - Public Market (Exterior),exterior,95.0,-70.9,56.6,0.79,29.8,DEGRADED,12.3,56,164,True,True
2026-08-29T13:57:00,417.0,CAM-01,Sony FX6,Ariel,Location B - Public Market (Exterior),exterior,18.0,-57.4,63.1,0.95,32.6,OK,50.8,0,35,True,True
2026-08-29T13:57:00,417.0,CAM-02,Sony FX6,Marlon,Location B - Public Market (Exterior),exterior,32.0,-59.9,63.1,0.92,39.3,OK,46.4,0,35,True,True
2026-08-29T13:57:00,417.0,CAM-03,Sony FX3,Kiko,Location B - Public Market (Exterior),exterior,68.0,-64.4,42.8,0.61,32.1,OK,33.8,15,225,True,True
2026-08-29T13:57:00,417.0,CAM-04,Sony FX3,Dennis,Location B - Public Market (Exterior),exterior,45.0,-64.7,61.1,0.88,31.5,OK,32.5,4,90,True,True
2026-08-29T13:57:00,417.0,CAM-05,Blackmagic,Jorge,Location B - Public Market (Exterior),exterior,95.0,-64.7,55.9,0.79,29.5,OK,31.3,0,157,True,True
2026-08-29T13:57:30,417.5,CAM-01,Sony FX6,Ariel,Location B - Public Market (Exterior),exterior,18.0,-59.5,63.3,0.95,29.7,OK,43.9,0,35,True,True
2026-08-29T13:57:30,417.5,CAM-02,Sony FX6,Marlon,Location B - Public Market (Exterior),exterior,32.0,-61.8,62.0,0.92,39.0,OK,43.8,10,87,True,True
2026-08-29T13:57:30,417.5,CAM-03,Sony FX3,Kiko,Location B - Public Market (Exterior),exterior,68.0,-67.4,42.8,0.61,31.4,DEGRADED,23.6,22,313,True,True
2026-08-29T13:57:30,417.5,CAM-04,Sony FX3,Dennis,Location B - Public Market (Exterior),exterior,45.0,-58.1,60.8,0.88,31.6,OK,48.9,0,35,True,True
2026-08-29T13:57:30,417.5,CAM-05,Blackmagic,Jorge,Location B - Public Market (Exterior),exterior,95.0,-71.5,56.5,0.79,30.4,DEGRADED,10.7,62,571,True,True
2026-08-29T13:58:00,418.0,CAM-01,Sony FX6,Ariel,Location B - Public Market (Exterior),exterior,18.0,-55.7,63.6,0.95,30.9,OK,49.2,0,35,True,True
2026-08-29T13:58:00,418.0,CAM-02,Sony FX6,Marlon,Location B - Public Market (Exterior),exterior,32.0,-59.5,61.7,0.92,39.7,OK,50.2,0,35,True,True
2026-08-29T13:58:00,418.0,CAM-03,Sony FX3,Kiko,Location B - Public Market (Exterior),exterior,68.0,-63.6,43.2,0.61,31.2,OK,35.4,24,241,True,True
2026-08-29T13:58:00,418.0,CAM-04,Sony FX3,Dennis,Location B - Public Market (Exterior),exterior,45.0,-61.8,60.1,0.88,31.1,OK,42.8,4,97,True,True
2026-08-29T13:58:00,418.0,CAM-05,Blackmagic,Jorge,Location B - Public Market (Exterior),exterior,95.0,-68.4,56.0,0.79,30.8,DEGRADED,23.3,46,377,True,True
2026-08-29T13:58:30,418.5,CAM-01,Sony FX6,Ariel,Location B - Public Market (Exterior),exterior,18.0,-57.0,63.2,0.95,30.4,OK,51.0,0,35,True,True
2026-08-29T13:58:30,418.5,CAM-02,Sony FX6,Marlon,Location B - Public Market (Exterior),exterior,32.0,-59.5,62.5,0.92,40.6,OK,46.0,0,35,True,True
2026-08-29T13:58:30,418.5,CAM-03,Sony FX3,Kiko,Location B - Public Market (Exterior),exterior,68.0,-66.9,42.8,0.61,32.6,DEGRADED,25.2,38,157,True,True
2026-08-29T13:58:30,418.5,CAM-04,Sony FX3,Dennis,Location B - Public Market (Exterior),exterior,45.0,-60.1,61.2,0.88,31.1,OK,46.5,0,40,True,True
2026-08-29T13:58:30,418.5,CAM-05,Blackmagic,Jorge,Location B - Public Market (Exterior),exterior,95.0,-69.2,56.2,0.79,31.2,DEGRADED,19.0,27,110,True,True
2026-08-29T13:59:00,419.0,CAM-01,Sony FX6,Ariel,Location B - Public Market (Exterior),exterior,18.0,-54.8,63.4,0.95,31.4,OK,47.9,0,35,True,True
2026-08-29T13:59:00,419.0,CAM-02,Sony FX6,Marlon,Location B - Public Market (Exterior),exterior,32.0,-57.1,62.5,0.92,39.3,OK,48.4,0,35,True,True
2026-08-29T13:59:00,419.0,CAM-03,Sony FX3,Kiko,Location B - Public Market (Exterior),exterior,68.0,-66.6,42.5,0.61,30.5,DEGRADED,26.9,8,322,True,True
2026-08-29T13:59:00,419.0,CAM-04,Sony FX3,Dennis,Location B - Public Market (Exterior),exterior,45.0,-65.1,60.1,0.88,31.1,OK,31.5,6,314,True,True
2026-08-29T13:59:00,419.0,CAM-05,Blackmagic,Jorge,Location B - Public Market (Exterior),exterior,95.0,-68.8,55.7,0.79,32.0,DEGRADED,19.5,65,113,True,True
2026-08-29T13:59:30,419.5,CAM-01,Sony FX6,Ariel,Location B - Public Market (Exterior),exterior,18.0,-56.1,63.2,0.95,29.5,OK,47.4,0,35,True,True
2026-08-29T13:59:30,419.5,CAM-02,Sony FX6,Marlon,Location B - Public Market (Exterior),exterior,32.0,-64.5,61.9,0.92,39.8,OK,31.6,40,173,True,True
2026-08-29T13:59:30,419.5,CAM-03,Sony FX3,Kiko,Location B - Public Market (Exterior),exterior,68.0,-68.9,42.4,0.61,30.8,DEGRADED,21.0,50,189,True,True
2026-08-29T13:59:30,419.5,CAM-04,Sony FX3,Dennis,Location B - Public Market (Exterior),exterior,45.0,-63.3,60.0,0.88,31.8,OK,36.6,18,68,True,True
2026-08-29T13:59:30,419.5,CAM-05,Blackmagic,Jorge,Location B - Public Market (Exterior),exterior,95.0,-67.6,55.6,0.79,30.4,DEGRADED,23.1,17,129,True,True
2026-08-29T14:00:00,420.0,CAM-01,Sony FX6,Ariel,Location B - Public Market (Exterior),exterior,18.0,-59.7,63.6,0.95,31.5,OK,48.5,0,35,True,True
2026-08-29T14:00:00,420.0,CAM-02,Sony FX6,Marlon,Location B - Public Market (Exterior),exterior,32.0,-58.3,61.9,0.92,29.9,OK,48.9,0,35,True,True
2026-08-29T14:00:00,420.0,CAM-03,Sony FX3,Kiko,Location B - Public Market (Exterior),exterior,68.0,-66.4,42.7,0.61,31.4,DEGRADED,28.7,45,238,True,True
2026-08-29T14:00:00,420.0,CAM-04,Sony FX3,Dennis,Location B - Public Market (Exterior),exterior,45.0,-63.8,60.1,0.88,31.5,OK,36.9,17,222,True,True
2026-08-29T14:00:00,420.0,CAM-05,Blackmagic,Jorge,Location B - Public Market (Exterior),exterior,95.0,-66.4,55.3,0.79,29.8,DEGRADED,26.9,16,249,True,True
2026-08-29T14:00:30,420.5,CAM-01,Sony FX6,Ariel,Location B - Public Market (Exterior),exterior,18.0,-55.2,62.6,0.95,30.2,OK,46.9,0,35,True,True
2026-08-29T14:00:30,420.5,CAM-02,Sony FX6,Marlon,Location B - Public Market (Exterior),exterior,32.0,-60.6,61.6,0.92,32.9,OK,48.9,3,48,True,True
2026-08-29T14:00:30,420.5,CAM-03,Sony FX3,Kiko,Location B - Public Market (Exterior),exterior,68.0,-71.3,42.4,0.61,31.5,DEGRADED,11.3,38,399,True,True
2026-08-29T14:00:30,420.5,CAM-04,Sony FX3,Dennis,Location B - Public Market (Exterior),exterior,45.0,-60.2,59.4,0.88,31.5,OK,49.3,0,37,True,True
2026-08-29T14:00:30,420.5,CAM-05,Blackmagic,Jorge,Location B - Public Market (Exterior),exterior,95.0,-71.7,55.7,0.79,30.5,DEGRADED,11.7,28,654,True,True
2026-08-29T14:01:00,421.0,CAM-01,Sony FX6,Ariel,Location B - Public Market (Exterior),exterior,18.0,-60.3,62.8,0.95,32.4,OK,48.5,1,40,True,True
2026-08-29T14:01:00,421.0,CAM-02,Sony FX6,Marlon,Location B - Public Market (Exterior),exterior,32.0,-61.0,61.5,0.92,31.4,OK,43.2,8,62,True,True
2026-08-29T14:01:00,421.0,CAM-03,Sony FX3,Kiko,Location B - Public Market (Exterior),exterior,68.0,-66.1,42.0,0.61,30.7,DEGRADED,26.9,46,358,True,True
2026-08-29T14:01:00,421.0,CAM-04,Sony FX3,Dennis,Location B - Public Market (Exterior),exterior,45.0,-60.4,59.8,0.88,31.3,OK,45.3,2,51,True,True
2026-08-29T14:01:00,421.0,CAM-05,Blackmagic,Jorge,Location B - Public Market (Exterior),exterior,95.0,-64.7,55.1,0.79,31.3,OK,33.4,6,177,True,True
2026-08-29T14:01:30,421.5,CAM-01,Sony FX6,Ariel,Location B - Public Market (Exterior),exterior,18.0,-55.8,63.0,0.95,31.6,OK,48.9,0,35,True,True
2026-08-29T14:01:30,421.5,CAM-02,Sony FX6,Marlon,Location B - Public Market (Exterior),exterior,32.0,-60.8,61.9,0.92,31.4,OK,47.2,2,62,True,True
2026-08-29T14:01:30,421.5,CAM-03,Sony FX3,Kiko,Location B - Public Market (Exterior),exterior,68.0,-70.7,41.9,0.61,30.3,DEGRADED,13.5,60,434,True,True
2026-08-29T14:01:30,421.5,CAM-04,Sony FX3,Dennis,Location B - Public Market (Exterior),exterior,45.0,-61.8,59.7,0.88,32.3,OK,42.8,4,103,True,True
2026-08-29T14:01:30,421.5,CAM-05,Blackmagic,Jorge,Location B - Public Market (Exterior),exterior,95.0,-67.1,55.3,0.79,31.2,DEGRADED,23.0,62,201,True,True
2026-08-29T14:02:00,422.0,CAM-01,Sony FX6,Ariel,Location B - Public Market (Exterior),exterior,18.0,-52.9,62.6,0.95,31.1,OK,47.0,0,35,True,True
2026-08-29T14:02:00,422.0,CAM-02,Sony FX6,Marlon,Location B - Public Market (Exterior),exterior,32.0,-59.9,61.2,0.92,30.3,OK,46.4,0,35,True,True
2026-08-29T14:02:00,422.0,CAM-03,Sony FX3,Kiko,Location B - Public Market (Exterior),exterior,68.0,-64.7,41.4,0.61,29.8,OK,30.3,15,182,True,True
2026-08-29T14:02:00,422.0,CAM-04,Sony FX3,Dennis,Location B - Public Market (Exterior),exterior,45.0,-60.5,59.4,0.88,30.4,OK,46.6,0,52,True,True
2026-08-29T14:02:00,422.0,CAM-05,Blackmagic,Jorge,Location B - Public Market (Exterior),exterior,95.0,-68.4,54.8,0.79,30.7,DEGRADED,23.1,71,403,True,True
2026-08-29T14:02:30,422.5,CAM-01,Sony FX6,Ariel,Location B - Public Market (Exterior),exterior,18.0,-58.0,62.7,0.95,29.8,OK,46.0,0,35,True,True
2026-08-29T14:02:30,422.5,CAM-02,Sony FX6,Marlon,Location B - Public Market (Exterior),exterior,32.0,-61.0,61.0,0.92,30.6,OK,43.8,5,83,True,True
2026-08-29T14:02:30,422.5,CAM-03,Sony FX3,Kiko,Location B - Public Market (Exterior),exterior,68.0,-67.4,42.2,0.61,31.2,DEGRADED,24.6,5,275,True,True
2026-08-29T14:02:30,422.5,CAM-04,Sony FX3,Dennis,Location B - Public Market (Exterior),exterior,45.0,-66.3,59.2,0.88,31.6,DEGRADED,28.0,20,406,True,True
2026-08-29T14:02:30,422.5,CAM-05,Blackmagic,Jorge,Location B - Public Market (Exterior),exterior,95.0,-71.9,54.5,0.79,33.6,DEGRADED,10.7,51,472,True,True
2026-08-29T14:03:00,423.0,CAM-01,Sony FX6,Ariel,Location B - Public Market (Exterior),exterior,18.0,-56.2,62.4,0.95,31.2,OK,50.2,0,35,True,True
2026-08-29T14:03:00,423.0,CAM-02,Sony FX6,Marlon,Location B - Public Market (Exterior),exterior,32.0,-61.1,61.9,0.92,31.1,OK,46.9,6,40,True,True
2026-08-29T14:03:00,423.0,CAM-03,Sony FX3,Kiko,Location B - Public Market (Exterior),exterior,68.0,-65.3,40.7,0.61,32.7,DEGRADED,30.2,38,232,True,True
2026-08-29T14:03:00,423.0,CAM-04,Sony FX3,Dennis,Location B - Public Market (Exterior),exterior,45.0,-64.8,59.9,0.88,30.4,OK,32.3,25,252,True,True
2026-08-29T14:03:00,423.0,CAM-05,Blackmagic,Jorge,Location B - Public Market (Exterior),exterior,95.0,-67.2,54.1,0.79,30.0,DEGRADED,25.9,46,208,True,True
2026-08-29T14:03:30,423.5,CAM-01,Sony FX6,Ariel,Location B - Public Market (Exterior),exterior,18.0,-55.4,62.6,0.95,30.9,OK,47.9,0,35,True,True
2026-08-29T14:03:30,423.5,CAM-02,Sony FX6,Marlon,Location B - Public Market (Exterior),exterior,32.0,-62.3,61.3,0.92,31.1,OK,43.1,7,159,True,True
2026-08-29T14:03:30,423.5,CAM-03,Sony FX3,Kiko,Location B - Public Market (Exterior),exterior,68.0,-64.7,41.2,0.61,30.7,OK,33.2,9,228,True,True
2026-08-29T14:03:30,423.5,CAM-04,Sony FX3,Dennis,Location B - Public Market (Exterior),exterior,45.0,-60.8,59.3,0.88,30.6,OK,45.2,1,39,True,True
2026-08-29T14:03:30,423.5,CAM-05,Blackmagic,Jorge,Location B - Public Market (Exterior),exterior,95.0,-69.2,54.9,0.79,30.1,DEGRADED,19.8,54,509,True,True
2026-08-29T14:04:00,424.0,CAM-01,Sony FX6,Ariel,Location B - Public Market (Exterior),exterior,18.0,-57.6,62.3,0.95,31.1,OK,46.3,0,35,True,True
2026-08-29T14:04:00,424.0,CAM-02,Sony FX6,Marlon,Location B - Public Market (Exterior),exterior,32.0,-60.9,60.7,0.92,30.9,OK,46.1,6,84,True,True
2026-08-29T14:04:00,424.0,CAM-03,Sony FX3,Kiko,Location B - Public Market (Exterior),exterior,68.0,-65.5,41.2,0.61,31.2,DEGRADED,30.4,4,275,True,True
2026-08-29T14:04:00,424.0,CAM-04,Sony FX3,Dennis,Location B - Public Market (Exterior),exterior,45.0,-64.7,59.6,0.88,30.0,OK,36.0,17,82,True,True
2026-08-29T14:04:00,424.0,CAM-05,Blackmagic,Jorge,Location B - Public Market (Exterior),exterior,95.0,-70.5,54.3,0.79,30.6,DEGRADED,18.1,90,302,True,True
2026-08-29T14:04:30,424.5,CAM-01,Sony FX6,Ariel,Location B - Public Market (Exterior),exterior,18.0,-55.7,61.5,0.95,30.7,OK,48.6,0,35,True,True
2026-08-29T14:04:30,424.5,CAM-02,Sony FX6,Marlon,Location B - Public Market (Exterior),exterior,32.0,-60.9,61.3,0.92,31.1,OK,45.9,6,72,True,True
2026-08-29T14:04:30,424.5,CAM-03,Sony FX3,Kiko,Location B - Public Market (Exterior),exterior,68.0,-66.7,40.9,0.61,31.1,DEGRADED,27.2,40,407,True,True
2026-08-29T14:04:30,424.5,CAM-04,Sony FX3,Dennis,Location B - Public Market (Exterior),exterior,45.0,-62.1,59.2,0.88,31.2,OK,41.4,16,114,True,True
2026-08-29T14:04:30,424.5,CAM-05,Blackmagic,Jorge,Location B - Public Market (Exterior),exterior,95.0,-72.4,54.7,0.79,30.6,CRITICAL,6.4,51,153,True,True
2026-08-29T14:05:00,425.0,CAM-01,Sony FX6,Ariel,Location B - Public Market (Exterior),exterior,18.0,-57.5,62.0,0.95,31.3,OK,48.6,0,35,True,True
2026-08-29T14:05:00,425.0,CAM-02,Sony FX6,Marlon,Location B - Public Market (Exterior),exterior,32.0,-64.8,60.4,0.92,31.6,OK,31.8,10,101,True,True
2026-08-29T14:05:00,425.0,CAM-03,Sony FX3,Kiko,Location B - Public Market (Exterior),exterior,68.0,-68.8,40.8,0.61,28.6,DEGRADED,20.6,0,179,True,True
2026-08-29T14:05:00,425.0,CAM-04,Sony FX3,Dennis,Location B - Public Market (Exterior),exterior,45.0,-62.0,59.0,0.88,31.5,OK,41.8,15,108,True,True
2026-08-29T14:05:00,425.0,CAM-05,Blackmagic,Jorge,Location B - Public Market (Exterior),exterior,95.0,-70.5,54.1,0.79,31.3,DEGRADED,11.7,0,165,True,True
2026-08-29T14:05:30,425.5,CAM-01,Sony FX6,Ariel,Location B - Public Market (Exterior),exterior,18.0,-60.0,62.0,0.95,32.0,OK,48.6,0,35,True,True
2026-08-29T14:05:30,425.5,CAM-02,Sony FX6,Marlon,Location B - Public Market (Exterior),exterior,32.0,-63.0,60.1,0.92,29.9,OK,38.6,0,155,True,True
2026-08-29T14:05:30,425.5,CAM-03,Sony FX3,Kiko,Location B - Public Market (Exterior),exterior,68.0,-65.2,40.8,0.61,30.8,OK,31.9,7,300,True,True
2026-08-29T14:05:30,425.5,CAM-04,Sony FX3,Dennis,Location B - Public Market (Exterior),exterior,45.0,-66.0,59.1,0.88,30.8,DEGRADED,30.5,28,182,True,True
2026-08-29T14:05:30,425.5,CAM-05,Blackmagic,Jorge,Location B - Public Market (Exterior),exterior,95.0,-66.8,53.8,0.79,30.8,DEGRADED,24.3,39,404,True,True
2026-08-29T14:06:00,426.0,CAM-01,Sony FX6,Ariel,Location B - Public Market (Exterior),exterior,18.0,-56.9,61.9,0.95,31.2,OK,45.6,0,35,True,True
2026-08-29T14:06:00,426.0,CAM-02,Sony FX6,Marlon,Location B - Public Market (Exterior),exterior,32.0,-60.6,61.3,0.92,30.5,OK,44.7,5,55,True,True
2026-08-29T14:06:00,426.0,CAM-03,Sony FX3,Kiko,Location B - Public Market (Exterior),exterior,68.0,-64.6,40.3,0.61,30.7,OK,35.6,35,167,True,True
2026-08-29T14:06:00,426.0,CAM-04,Sony FX3,Dennis,Location B - Public Market (Exterior),exterior,45.0,-63.3,58.3,0.88,30.6,OK,39.9,6,161,True,True
2026-08-29T14:06:00,426.0,CAM-05,Blackmagic,Jorge,Location B - Public Market (Exterior),exterior,95.0,-64.5,53.3,0.79,30.0,OK,30.0,17,159,True,True
2026-08-29T14:06:30,426.5,CAM-01,Sony FX6,Ariel,Location B - Public Market (Exterior),exterior,18.0,-57.8,61.5,0.95,31.4,OK,49.5,0,35,True,True
2026-08-29T14:06:30,426.5,CAM-02,Sony FX6,Marlon,Location B - Public Market (Exterior),exterior,32.0,-58.4,60.7,0.92,31.2,OK,48.5,0,35,True,True
2026-08-29T14:06:30,426.5,CAM-03,Sony FX3,Kiko,Location B - Public Market (Exterior),exterior,68.0,-68.5,39.8,0.61,32.1,DEGRADED,21.9,4,131,True,True
2026-08-29T14:06:30,426.5,CAM-04,Sony FX3,Dennis,Location B - Public Market (Exterior),exterior,45.0,-62.5,58.5,0.88,30.0,OK,40.3,21,48,True,True
2026-08-29T14:06:30,426.5,CAM-05,Blackmagic,Jorge,Location B - Public Market (Exterior),exterior,95.0,-70.4,53.3,0.79,30.4,DEGRADED,15.3,13,192,True,True
2026-08-29T14:07:00,427.0,CAM-01,Sony FX6,Ariel,Location B - Public Market (Exterior),exterior,18.0,-59.8,61.4,0.95,30.7,OK,47.7,0,35,True,True
2026-08-29T14:07:00,427.0,CAM-02,Sony FX6,Marlon,Location B - Public Market (Exterior),exterior,32.0,-62.9,60.0,0.92,30.2,OK,38.6,24,60,True,True
2026-08-29T14:07:00,427.0,CAM-03,Sony FX3,Kiko,Location B - Public Market (Exterior),exterior,68.0,-66.6,40.0,0.61,30.9,DEGRADED,27.2,1,337,True,True
2026-08-29T14:07:00,427.0,CAM-04,Sony FX3,Dennis,Location B - Public Market (Exterior),exterior,45.0,-65.4,58.4,0.88,31.9,DEGRADED,29.7,27,331,True,True
2026-08-29T14:07:00,427.0,CAM-05,Blackmagic,Jorge,Location B - Public Market (Exterior),exterior,95.0,-67.7,53.7,0.79,30.8,DEGRADED,22.4,18,214,True,True
2026-08-29T14:07:30,427.5,CAM-01,Sony FX6,Ariel,Location B - Public Market (Exterior),exterior,18.0,-58.5,60.8,0.95,30.2,OK,49.4,0,35,True,True
2026-08-29T14:07:30,427.5,CAM-02,Sony FX6,Marlon,Location B - Public Market (Exterior),exterior,32.0,-57.7,59.8,0.92,31.9,OK,49.3,0,35,True,True
2026-08-29T14:07:30,427.5,CAM-03,Sony FX3,Kiko,Location B - Public Market (Exterior),exterior,68.0,-68.8,39.9,0.61,31.5,DEGRADED,18.9,17,328,True,True
2026-08-29T14:07:30,427.5,CAM-04,Sony FX3,Dennis,Location B - Public Market (Exterior),exterior,45.0,-62.5,58.2,0.88,30.7,OK,43.0,19,157,True,True
2026-08-29T14:07:30,427.5,CAM-05,Blackmagic,Jorge,Location B - Public Market (Exterior),exterior,95.0,-67.5,53.7,0.79,30.8,DEGRADED,25.5,60,433,True,True
2026-08-29T14:08:00,428.0,CAM-01,Sony FX6,Ariel,Location B - Public Market (Exterior),exterior,18.0,-55.7,60.8,0.95,31.3,OK,46.4,0,35,True,True
2026-08-29T14:08:00,428.0,CAM-02,Sony FX6,Marlon,Location B - Public Market (Exterior),exterior,32.0,-64.3,60.7,0.92,31.8,OK,33.3,33,214,True,True
2026-08-29T14:08:00,428.0,CAM-03,Sony FX3,Kiko,Location B - Public Market (Exterior),exterior,68.0,-67.8,40.0,0.61,29.3,DEGRADED,20.3,18,258,True,True
2026-08-29T14:08:00,428.0,CAM-04,Sony FX3,Dennis,Location B - Public Market (Exterior),exterior,45.0,-64.1,58.4,0.88,31.7,OK,37.2,22,213,True,True
2026-08-29T14:08:00,428.0,CAM-05,Blackmagic,Jorge,Location B - Public Market (Exterior),exterior,95.0,-68.5,53.1,0.79,30.6,DEGRADED,21.3,0,265,True,True
2026-08-29T14:08:30,428.5,CAM-01,Sony FX6,Ariel,Location B - Public Market (Exterior),exterior,18.0,-55.2,61.4,0.95,30.5,OK,49.6,0,35,True,True
2026-08-29T14:08:30,428.5,CAM-02,Sony FX6,Marlon,Location B - Public Market (Exterior),exterior,32.0,-60.8,59.6,0.92,30.6,OK,45.8,3,56,True,True
2026-08-29T14:08:30,428.5,CAM-03,Sony FX3,Kiko,Location B - Public Market (Exterior),exterior,68.0,-69.3,39.3,0.61,31.1,DEGRADED,19.5,1,301,True,True
2026-08-29T14:08:30,428.5,CAM-04,Sony FX3,Dennis,Location B - Public Market (Exterior),exterior,45.0,-63.2,57.6,0.88,32.2,OK,35.7,2,150,True,True
2026-08-29T14:08:30,428.5,CAM-05,Blackmagic,Jorge,Location B - Public Market (Exterior),exterior,95.0,-70.1,53.8,0.79,30.0,DEGRADED,13.0,17,520,True,True
2026-08-29T14:09:00,429.0,CAM-01,Sony FX6,Ariel,Location B - Public Market (Exterior),exterior,18.0,-57.8,61.3,0.95,29.5,OK,47.1,0,35,True,True
2026-08-29T14:09:00,429.0,CAM-02,Sony FX6,Marlon,Location B - Public Market (Exterior),exterior,32.0,-61.1,59.5,0.92,32.8,OK,42.3,7,67,True,True
2026-08-29T14:09:00,429.0,CAM-03,Sony FX3,Kiko,Location B - Public Market (Exterior),exterior,68.0,-64.8,38.8,0.61,31.4,OK,31.7,29,177,True,True
2026-08-29T14:09:00,429.0,CAM-04,Sony FX3,Dennis,Location B - Public Market (Exterior),exterior,45.0,-62.6,58.3,0.88,30.7,OK,39.6,10,144,True,True
2026-08-29T14:09:00,429.0,CAM-05,Blackmagic,Jorge,Location B - Public Market (Exterior),exterior,95.0,-62.7,52.6,0.79,31.4,OK,40.2,11,156,True,True
2026-08-29T14:09:30,429.5,CAM-01,Sony FX6,Ariel,Location B - Public Market (Exterior),exterior,18.0,-56.7,60.9,0.95,29.9,OK,47.0,0,35,True,True
2026-08-29T14:09:30,429.5,CAM-02,Sony FX6,Marlon,Location B - Public Market (Exterior),exterior,32.0,-62.9,59.7,0.92,31.0,OK,38.5,5,148,True,True
2026-08-29T14:09:30,429.5,CAM-03,Sony FX3,Kiko,Location B - Public Market (Exterior),exterior,68.0,-68.4,38.2,0.61,31.3,DEGRADED,18.5,33,70,True,True
2026-08-29T14:09:30,429.5,CAM-04,Sony FX3,Dennis,Location B - Public Market (Exterior),exterior,45.0,-62.4,57.7,0.88,31.1,OK,39.5,18,157,True,True
2026-08-29T14:09:30,429.5,CAM-05,Blackmagic,Jorge,Location B - Public Market (Exterior),exterior,95.0,-66.0,52.4,0.79,30.1,DEGRADED,28.6,15,189,True,True
2026-08-29T14:10:00,430.0,CAM-01,Sony FX6,Ariel,Location B - Public Market (Exterior),exterior,18.0,-57.2,61.7,0.95,30.5,OK,47.7,0,35,True,True
2026-08-29T14:10:00,430.0,CAM-02,Sony FX6,Marlon,Location B - Public Market (Exterior),exterior,32.0,-63.9,59.5,0.92,32.4,OK,35.9,6,264,True,True
2026-08-29T14:10:00,430.0,CAM-03,Sony FX3,Kiko,Location B - Public Market (Exterior),exterior,68.0,-68.5,38.6,0.61,30.8,DEGRADED,18.7,55,250,True,True
2026-08-29T14:10:00,430.0,CAM-04,Sony FX3,Dennis,Location B - Public Market (Exterior),exterior,45.0,-61.6,57.0,0.88,31.0,OK,46.2,13,119,True,True
2026-08-29T14:10:00,430.0,CAM-05,Blackmagic,Jorge,Location B - Public Market (Exterior),exterior,95.0,-69.1,52.6,0.79,32.8,DEGRADED,18.6,23,435,True,True
2026-08-29T14:10:30,430.5,CAM-01,Sony FX6,Ariel,Location B - Public Market (Exterior),exterior,18.0,-52.9,60.8,0.95,31.7,OK,49.7,0,35,True,True
2026-08-29T14:10:30,430.5,CAM-02,Sony FX6,Marlon,Location B - Public Market (Exterior),exterior,32.0,-62.5,59.1,0.92,32.1,OK,40.7,20,45,True,True
2026-08-29T14:10:30,430.5,CAM-03,Sony FX3,Kiko,Location B - Public Market (Exterior),exterior,68.0,-64.8,38.7,0.61,30.3,OK,33.7,35,196,True,True
2026-08-29T14:10:30,430.5,CAM-04,Sony FX3,Dennis,Location B - Public Market (Exterior),exterior,45.0,-64.7,56.8,0.88,32.5,OK,34.1,9,191,True,True
2026-08-29T14:10:30,430.5,CAM-05,Blackmagic,Jorge,Location B - Public Market (Exterior),exterior,95.0,-71.8,52.5,0.79,31.0,DEGRADED,9.8,28,127,True,True
2026-08-29T14:11:00,431.0,CAM-01,Sony FX6,Ariel,Location B - Public Market (Exterior),exterior,18.0,-57.5,60.7,0.95,31.8,OK,48.6,0,35,True,True
2026-08-29T14:11:00,431.0,CAM-02,Sony FX6,Marlon,Location B - Public Market (Exterior),exterior,32.0,-62.7,58.4,0.92,31.4,OK,41.3,2,123,True,True
2026-08-29T14:11:00,431.0,CAM-03,Sony FX3,Kiko,Location B - Public Market (Exterior),exterior,68.0,-66.0,38.7,0.61,30.6,DEGRADED,30.4,11,268,True,True
2026-08-29T14:11:00,431.0,CAM-04,Sony FX3,Dennis,Location B - Public Market (Exterior),exterior,45.0,-58.5,57.3,0.88,30.3,OK,47.9,0,35,True,True
2026-08-29T14:11:00,431.0,CAM-05,Blackmagic,Jorge,Location B - Public Market (Exterior),exterior,95.0,-67.4,52.0,0.79,31.0,DEGRADED,25.0,64,80,True,True
2026-08-29T14:11:30,431.5,CAM-01,Sony FX6,Ariel,Location B - Public Market (Exterior),exterior,18.0,-54.1,59.8,0.95,30.6,OK,46.7,0,35,True,True
2026-08-29T14:11:30,431.5,CAM-02,Sony FX6,Marlon,Location B - Public Market (Exterior),exterior,32.0,-62.0,58.8,0.92,30.7,OK,40.1,1,100,True,True
2026-08-29T14:11:30,431.5,CAM-03,Sony FX3,Kiko,Location B - Public Market (Exterior),exterior,68.0,-71.1,38.9,0.61,30.2,DEGRADED,12.3,8,434,True,True
2026-08-29T14:11:30,431.5,CAM-04,Sony FX3,Dennis,Location B - Public Market (Exterior),exterior,45.0,-62.5,56.8,0.88,30.2,OK,41.9,12,137,True,True
2026-08-29T14:11:30,431.5,CAM-05,Blackmagic,Jorge,Location B - Public Market (Exterior),exterior,95.0,-68.2,52.4,0.79,31.9,DEGRADED,20.0,66,220,True,True
2026-08-29T14:12:00,432.0,CAM-01,Sony FX6,Ariel,Location B - Public Market (Exterior),exterior,18.0,-55.6,60.1,0.95,31.3,OK,49.3,0,35,True,True
2026-08-29T14:12:00,432.0,CAM-02,Sony FX6,Marlon,Location B - Public Market (Exterior),exterior,32.0,-63.2,59.1,0.92,31.5,OK,38.9,10,90,True,True
2026-08-29T14:12:00,432.0,CAM-03,Sony FX3,Kiko,Location B - Public Market (Exterior),exterior,68.0,-66.3,38.6,0.61,31.1,DEGRADED,26.1,16,197,True,True
2026-08-29T14:12:00,432.0,CAM-04,Sony FX3,Dennis,Location B - Public Market (Exterior),exterior,45.0,-64.0,56.9,0.88,32.0,OK,33.9,12,60,True,True
2026-08-29T14:12:00,432.0,CAM-05,Blackmagic,Jorge,Location B - Public Market (Exterior),exterior,95.0,-69.8,51.6,0.79,30.9,DEGRADED,18.2,50,406,True,True
2026-08-29T14:12:30,432.5,CAM-01,Sony FX6,Ariel,Location B - Public Market (Exterior),exterior,18.0,-56.1,60.8,0.95,31.0,OK,47.8,0,35,True,True
2026-08-29T14:12:30,432.5,CAM-02,Sony FX6,Marlon,Location B - Public Market (Exterior),exterior,32.0,-58.9,59.4,0.92,31.6,OK,50.3,0,35,True,True
2026-08-29T14:12:30,432.5,CAM-03,Sony FX3,Kiko,Location B - Public Market (Exterior),exterior,68.0,-67.4,37.5,0.61,31.7,DEGRADED,24.9,51,89,True,True
2026-08-29T14:12:30,432.5,CAM-04,Sony FX3,Dennis,Location B - Public Market (Exterior),exterior,45.0,-65.4,57.6,0.88,30.5,DEGRADED,31.6,5,128,True,True
2026-08-29T14:12:30,432.5,CAM-05,Blackmagic,Jorge,Location B - Public Market (Exterior),exterior,95.0,-67.9,51.5,0.79,31.6,DEGRADED,25.8,39,316,True,True
2026-08-29T14:13:00,433.0,CAM-01,Sony FX6,Ariel,Location B - Public Market (Exterior),exterior,18.0,-61.6,60.1,0.95,31.6,OK,41.1,11,61,True,True
2026-08-29T14:13:00,433.0,CAM-02,Sony FX6,Marlon,Location B - Public Market (Exterior),exterior,32.0,-58.3,58.1,0.92,32.4,OK,47.2,0,35,True,True
2026-08-29T14:13:00,433.0,CAM-03,Sony FX3,Kiko,Location B - Public Market (Exterior),exterior,68.0,-65.3,37.5,0.61,31.7,DEGRADED,29.8,6,94,True,True
2026-08-29T14:13:00,433.0,CAM-04,Sony FX3,Dennis,Location B - Public Market (Exterior),exterior,45.0,-63.8,56.2,0.88,31.5,OK,35.4,27,63,True,True
2026-08-29T14:13:00,433.0,CAM-05,Blackmagic,Jorge,Location B - Public Market (Exterior),exterior,95.0,-69.5,51.9,0.79,32.3,DEGRADED,18.8,63,221,True,True
2026-08-29T14:13:30,433.5,CAM-01,Sony FX6,Ariel,Location B - Public Market (Exterior),exterior,18.0,-56.0,60.4,0.95,29.3,OK,48.2,0,35,True,True
2026-08-29T14:13:30,433.5,CAM-02,Sony FX6,Marlon,Location B - Public Market (Exterior),exterior,32.0,-63.4,57.9,0.92,30.7,OK,35.6,14,192,True,True
2026-08-29T14:13:30,433.5,CAM-03,Sony FX3,Kiko,Location B - Public Market (Exterior),exterior,68.0,-64.4,36.8,0.61,32.5,OK,31.9,27,196,True,True
2026-08-29T14:13:30,433.5,CAM-04,Sony FX3,Dennis,Location B - Public Market (Exterior),exterior,45.0,-65.6,56.7,0.88,30.8,DEGRADED,28.5,40,183,True,True
2026-08-29T14:13:30,433.5,CAM-05,Blackmagic,Jorge,Location B - Public Market (Exterior),exterior,95.0,-70.4,51.8,0.79,30.0,DEGRADED,13.2,36,574,True,True
2026-08-29T14:14:00,434.0,CAM-01,Sony FX6,Ariel,Location B - Public Market (Exterior),exterior,18.0,-55.8,60.4,0.95,32.1,OK,48.2,0,35,True,True
2026-08-29T14:14:00,434.0,CAM-02,Sony FX6,Marlon,Location B - Public Market (Exterior),exterior,32.0,-60.3,58.1,0.92,31.8,OK,48.8,1,42,True,True
2026-08-29T14:14:00,434.0,CAM-03,Sony FX3,Kiko,Location B - Public Market (Exterior),exterior,68.0,-65.8,36.7,0.61,31.5,DEGRADED,29.2,45,246,True,True
2026-08-29T14:14:00,434.0,CAM-04,Sony FX3,Dennis,Location B - Public Market (Exterior),exterior,45.0,-63.4,56.2,0.88,30.9,OK,36.9,0,180,True,True
2026-08-29T14:14:00,434.0,CAM-05,Blackmagic,Jorge,Location B - Public Market (Exterior),exterior,95.0,-70.3,51.6,0.79,31.4,DEGRADED,15.3,47,445,True,True
2026-08-29T14:14:30,434.5,CAM-01,Sony FX6,Ariel,Location B - Public Market (Exterior),exterior,18.0,-53.5,60.2,0.95,30.4,OK,50.2,0,35,True,True
2026-08-29T14:14:30,434.5,CAM-02,Sony FX6,Marlon,Location B - Public Market (Exterior),exterior,32.0,-62.4,57.4,0.92,30.8,OK,40.5,0,98,True,True
2026-08-29T14:14:30,434.5,CAM-03,Sony FX3,Kiko,Location B - Public Market (Exterior),exterior,68.0,-69.6,36.8,0.61,30.3,DEGRADED,14.7,81,394,True,True
2026-08-29T14:14:30,434.5,CAM-04,Sony FX3,Dennis,Location B - Public Market (Exterior),exterior,45.0,-60.3,55.7,0.88,31.2,OK,48.3,1,48,True,True
2026-08-29T14:14:30,434.5,CAM-05,Blackmagic,Jorge,Location B - Public Market (Exterior),exterior,95.0,-71.6,52.1,0.79,30.7,DEGRADED,10.5,61,388,True,True
2026-08-29T14:15:00,435.0,CAM-01,Sony FX6,Ariel,Location B - Public Market (Exterior),exterior,18.0,-55.7,59.6,0.95,31.1,OK,51.2,0,35,True,True
2026-08-29T14:15:00,435.0,CAM-02,Sony FX6,Marlon,Location B - Public Market (Exterior),exterior,32.0,-64.0,57.6,0.92,30.7,OK,34.2,5,247,True,True
2026-08-29T14:15:00,435.0,CAM-03,Sony FX3,Kiko,Location B - Public Market (Exterior),exterior,68.0,-60.4,37.6,0.61,30.6,OK,46.7,2,46,True,True
2026-08-29T14:15:00,435.0,CAM-04,Sony FX3,Dennis,Location B - Public Market (Exterior),exterior,45.0,-61.9,56.6,0.88,30.6,OK,43.7,4,137,True,True
2026-08-29T14:15:00,435.0,CAM-05,Blackmagic,Jorge,Location B - Public Market (Exterior),exterior,95.0,-63.3,50.6,0.79,30.6,OK,37.4,0,198,True,True
2026-08-29T14:15:30,435.5,CAM-01,Sony FX6,Ariel,Location B - Public Market (Exterior),exterior,18.0,-58.5,58.8,0.95,30.9,OK,47.7,0,35,True,True
2026-08-29T14:15:30,435.5,CAM-02,Sony FX6,Marlon,Location B - Public Market (Exterior),exterior,32.0,-62.3,58.7,0.92,31.2,OK,39.4,12,116,True,True
2026-08-29T14:15:30,435.5,CAM-03,Sony FX3,Kiko,Location B - Public Market (Exterior),exterior,68.0,-67.1,36.9,0.61,32.0,DEGRADED,27.7,26,322,True,True
2026-08-29T14:15:30,435.5,CAM-04,Sony FX3,Dennis,Location B - Public Market (Exterior),exterior,45.0,-64.1,55.3,0.88,30.8,OK,33.9,8,257,True,True
2026-08-29T14:15:30,435.5,CAM-05,Blackmagic,Jorge,Location B - Public Market (Exterior),exterior,95.0,-66.0,50.4,0.79,30.1,DEGRADED,30.4,46,126,True,True
2026-08-29T14:16:00,436.0,CAM-01,Sony FX6,Ariel,Location B - Public Market (Exterior),exterior,18.0,-52.3,59.3,0.95,31.2,OK,48.1,0,35,True,True
2026-08-29T14:16:00,436.0,CAM-02,Sony FX6,Marlon,Location B - Public Market (Exterior),exterior,32.0,-61.8,57.8,0.92,30.6,OK,42.5,0,137,True,True
2026-08-29T14:16:00,436.0,CAM-03,Sony FX3,Kiko,Location B - Public Market (Exterior),exterior,68.0,-64.7,36.1,0.61,31.9,OK,33.5,43,114,True,True
2026-08-29T14:16:00,436.0,CAM-04,Sony FX3,Dennis,Location B - Public Market (Exterior),exterior,45.0,-64.0,55.7,0.88,30.2,OK,37.9,22,91,True,True
2026-08-29T14:16:00,436.0,CAM-05,Blackmagic,Jorge,Location B - Public Market (Exterior),exterior,95.0,-69.9,50.5,0.79,31.2,DEGRADED,19.7,65,425,True,True
2026-08-29T14:16:30,436.5,CAM-01,Sony FX6,Ariel,Location B - Public Market (Exterior),exterior,18.0,-57.9,59.2,0.95,31.1,OK,46.5,0,35,True,True
2026-08-29T14:16:30,436.5,CAM-02,Sony FX6,Marlon,Location B - Public Market (Exterior),exterior,32.0,-65.1,57.7,0.92,31.3,OK,32.3,30,203,True,True
2026-08-29T14:16:30,436.5,CAM-03,Sony FX3,Kiko,Location B - Public Market (Exterior),exterior,68.0,-70.0,37.3,0.61,31.0,DEGRADED,14.7,42,465,True,True
2026-08-29T14:16:30,436.5,CAM-04,Sony FX3,Dennis,Location B - Public Market (Exterior),exterior,45.0,-63.6,56.3,0.88,31.7,OK,36.5,24,64,True,True
2026-08-29T14:16:30,436.5,CAM-05,Blackmagic,Jorge,Location B - Public Market (Exterior),exterior,95.0,-65.0,49.6,0.79,31.7,OK,32.3,25,114,True,True
2026-08-29T14:17:00,437.0,CAM-01,Sony FX6,Ariel,Location B - Public Market (Exterior),exterior,18.0,-56.8,58.7,0.95,31.6,OK,46.8,0,35,True,True
2026-08-29T14:17:00,437.0,CAM-02,Sony FX6,Marlon,Location B - Public Market (Exterior),exterior,32.0,-62.5,57.4,0.92,31.7,OK,41.5,23,149,True,True
2026-08-29T14:17:00,437.0,CAM-03,Sony FX3,Kiko,Location B - Public Market (Exterior),exterior,68.0,-64.9,36.5,0.61,31.3,OK,37.8,33,152,True,True
2026-08-29T14:17:00,437.0,CAM-04,Sony FX3,Dennis,Location B - Public Market (Exterior),exterior,45.0,-60.0,55.9,0.88,30.2,OK,49.0,0,35,True,True
2026-08-29T14:17:00,437.0,CAM-05,Blackmagic,Jorge,Location B - Public Market (Exterior),exterior,95.0,-71.2,50.7,0.79,31.3,DEGRADED,11.6,55,588,True,True
2026-08-29T14:17:30,437.5,CAM-01,Sony FX6,Ariel,Location B - Public Market (Exterior),exterior,18.0,-56.1,59.8,0.95,30.1,OK,48.8,0,35,True,True
2026-08-29T14:17:30,437.5,CAM-02,Sony FX6,Marlon,Location B - Public Market (Exterior),exterior,32.0,-58.4,57.9,0.92,32.0,OK,46.2,0,35,True,True
2026-08-29T14:17:30,437.5,CAM-03,Sony FX3,Kiko,Location B - Public Market (Exterior),exterior,68.0,-65.7,36.2,0.61,30.2,DEGRADED,30.5,27,278,True,True
2026-08-29T14:17:30,437.5,CAM-04,Sony FX3,Dennis,Location B - Public Market (Exterior),exterior,45.0,-60.1,55.7,0.88,31.4,OK,49.7,0,37,True,True
2026-08-29T14:17:30,437.5,CAM-05,Blackmagic,Jorge,Location B - Public Market (Exterior),exterior,95.0,-68.1,50.3,0.79,29.9,DEGRADED,21.4,51,391,True,True
2026-08-29T14:18:00,438.0,CAM-01,Sony FX6,Ariel,Location B - Public Market (Exterior),exterior,18.0,-57.0,58.8,0.95,30.7,OK,49.9,0,35,True,True
2026-08-29T14:18:00,438.0,CAM-02,Sony FX6,Marlon,Location B - Public Market (Exterior),exterior,32.0,-59.6,57.7,0.92,30.3,OK,46.8,0,35,True,True
2026-08-29T14:18:00,438.0,CAM-03,Sony FX3,Kiko,Location B - Public Market (Exterior),exterior,68.0,-68.4,35.5,0.61,30.7,DEGRADED,22.9,14,330,True,True
2026-08-29T14:18:00,438.0,CAM-04,Sony FX3,Dennis,Location B - Public Market (Exterior),exterior,45.0,-60.9,55.4,0.88,30.3,OK,48.2,7,86,True,True
2026-08-29T14:18:00,438.0,CAM-05,Blackmagic,Jorge,Location B - Public Market (Exterior),exterior,95.0,-69.6,51.1,0.79,32.5,DEGRADED,19.6,34,332,True,True
2026-08-29T14:18:30,438.5,CAM-01,Sony FX6,Ariel,Location B - Public Market (Exterior),exterior,18.0,-59.6,58.4,0.95,31.4,OK,47.8,0,35,True,True
2026-08-29T14:18:30,438.5,CAM-02,Sony FX6,Marlon,Location B - Public Market (Exterior),exterior,32.0,-59.7,57.0,0.92,31.8,OK,49.0,0,35,True,True
2026-08-29T14:18:30,438.5,CAM-03,Sony FX3,Kiko,Location B - Public Market (Exterior),exterior,68.0,-63.7,35.6,0.61,32.6,OK,36.9,12,58,True,True
2026-08-29T14:18:30,438.5,CAM-04,Sony FX3,Dennis,Location B - Public Market (Exterior),exterior,45.0,-63.8,55.1,0.88,30.8,OK,38.2,6,251,True,True
2026-08-29T14:18:30,438.5,CAM-05,Blackmagic,Jorge,Location B - Public Market (Exterior),exterior,95.0,-73.0,50.0,0.79,30.5,CRITICAL,7.8,6,256,True,True
2026-08-29T14:19:00,439.0,CAM-01,Sony FX6,Ariel,Location B - Public Market (Exterior),exterior,18.0,-55.9,58.6,0.95,31.1,OK,48.7,0,35,True,True
2026-08-29T14:19:00,439.0,CAM-02,Sony FX6,Marlon,Location B - Public Market (Exterior),exterior,32.0,-61.7,57.1,0.92,29.5,OK,42.4,0,68,True,True
2026-08-29T14:19:00,439.0,CAM-03,Sony FX3,Kiko,Location B - Public Market (Exterior),exterior,68.0,-71.6,35.0,0.61,30.1,DEGRADED,12.1,37,728,True,True
2026-08-29T14:19:00,439.0,CAM-04,Sony FX3,Dennis,Location B - Public Market (Exterior),exterior,45.0,-61.2,55.9,0.88,30.5,OK,44.7,1,77,True,True
2026-08-29T14:19:00,439.0,CAM-05,Blackmagic,Jorge,Location B - Public Market (Exterior),exterior,95.0,-72.1,50.7,0.79,33.0,CRITICAL,9.6,72,96,True,True
2026-08-29T14:19:30,439.5,CAM-01,Sony FX6,Ariel,Location B - Public Market (Exterior),exterior,18.0,-56.0,58.7,0.95,31.4,OK,49.3,0,35,True,True
2026-08-29T14:19:30,439.5,CAM-02,Sony FX6,Marlon,Location B - Public Market (Exterior),exterior,32.0,-62.0,56.6,0.92,30.4,OK,42.9,14,114,True,True
2026-08-29T14:19:30,439.5,CAM-03,Sony FX3,Kiko,Location B - Public Market (Exterior),exterior,68.0,-63.0,35.2,0.61,30.2,OK,41.2,19,182,True,True
2026-08-29T14:19:30,439.5,CAM-04,Sony FX3,Dennis,Location B - Public Market (Exterior),exterior,45.0,-63.3,54.8,0.88,32.9,OK,36.2,11,123,True,True
2026-08-29T14:19:30,439.5,CAM-05,Blackmagic,Jorge,Location B - Public Market (Exterior),exterior,95.0,-68.2,49.6,0.79,31.7,DEGRADED,22.2,69,430,True,True
2026-08-29T14:20:00,440.0,CAM-01,Sony FX6,Ariel,Location B - Public Market (Exterior),exterior,18.0,-58.3,58.6,0.95,31.5,OK,47.6,0,35,True,True
2026-08-29T14:20:00,440.0,CAM-02,Sony FX6,Marlon,Location B - Public Market (Exterior),exterior,32.0,-62.8,57.2,0.92,30.1,OK,38.5,21,101,True,True
2026-08-29T14:20:00,440.0,CAM-03,Sony FX3,Kiko,Location B - Public Market (Exterior),exterior,68.0,-65.3,34.9,0.61,31.0,DEGRADED,29.9,9,144,True,True
2026-08-29T14:20:00,440.0,CAM-04,Sony FX3,Dennis,Location B - Public Market (Exterior),exterior,45.0,-63.6,54.7,0.88,31.7,OK,36.0,18,135,True,True
2026-08-29T14:20:00,440.0,CAM-05,Blackmagic,Jorge,Location B - Public Market (Exterior),exterior,95.0,-67.5,50.2,0.79,30.1,DEGRADED,24.1,27,190,True,True
2026-08-29T14:20:30,440.5,CAM-01,Sony FX6,Ariel,Location B - Public Market (Exterior),exterior,18.0,-57.6,58.4,0.95,31.9,OK,45.9,0,35,True,True
2026-08-29T14:20:30,440.5,CAM-02,Sony FX6,Marlon,Location B - Public Market (Exterior),exterior,32.0,-58.5,56.9,0.92,30.5,OK,47.3,0,35,True,True
2026-08-29T14:20:30,440.5,CAM-03,Sony FX3,Kiko,Location B - Public Market (Exterior),exterior,68.0,-65.9,34.4,0.61,31.3,DEGRADED,31.9,13,139,True,True
2026-08-29T14:20:30,440.5,CAM-04,Sony FX3,Dennis,Location B - Public Market (Exterior),exterior,45.0,-61.2,54.8,0.88,30.4,OK,43.4,5,63,True,True
2026-08-29T14:20:30,440.5,CAM-05,Blackmagic,Jorge,Location B - Public Market (Exterior),exterior,95.0,-68.4,49.0,0.79,30.9,DEGRADED,21.6,77,83,True,True
2026-08-29T14:21:00,441.0,CAM-01,Sony FX6,Ariel,Location B - Public Market (Exterior),exterior,18.0,-56.3,58.4,0.95,29.7,OK,48.6,0,35,True,True
2026-08-29T14:21:00,441.0,CAM-02,Sony FX6,Marlon,Location B - Public Market (Exterior),exterior,32.0,-62.1,57.6,0.92,31.1,OK,38.8,11,125,True,True
2026-08-29T14:21:00,441.0,CAM-03,Sony FX3,Kiko,Location B - Public Market (Exterior),exterior,68.0,-71.0,35.0,0.61,30.6,DEGRADED,12.9,99,272,True,True
2026-08-29T14:21:00,441.0,CAM-04,Sony FX3,Dennis,Location B - Public Market (Exterior),exterior,45.0,-66.8,54.1,0.88,29.9,DEGRADED,22.8,0,276,True,True
2026-08-29T14:21:00,441.0,CAM-05,Blackmagic,Jorge,Location B - Public Market (Exterior),exterior,95.0,-66.4,49.7,0.79,29.7,DEGRADED,31.6,6,74,True,True
2026-08-29T14:21:30,441.5,CAM-01,Sony FX6,Ariel,Location B - Public Market (Exterior),exterior,18.0,-54.8,58.4,0.95,33.5,OK,48.1,0,35,True,True
2026-08-29T14:21:30,441.5,CAM-02,Sony FX6,Marlon,Location B - Public Market (Exterior),exterior,32.0,-62.9,56.5,0.92,30.1,OK,41.3,3,121,True,True
2026-08-29T14:21:30,441.5,CAM-03,Sony FX3,Kiko,Location B - Public Market (Exterior),exterior,68.0,-66.7,35.1,0.61,30.7,DEGRADED,25.6,13,246,True,True
2026-08-29T14:21:30,441.5,CAM-04,Sony FX3,Dennis,Location B - Public Market (Exterior),exterior,45.0,-61.2,54.1,0.88,31.5,OK,46.6,8,46,True,True
2026-08-29T14:21:30,441.5,CAM-05,Blackmagic,Jorge,Location B - Public Market (Exterior),exterior,95.0,-66.7,49.9,0.79,30.4,DEGRADED,26.0,54,212,True,True
2026-08-29T14:22:00,442.0,CAM-01,Sony FX6,Ariel,Location B - Public Market (Exterior),exterior,18.0,-56.1,58.3,0.95,30.9,OK,49.9,0,35,True,True
2026-08-29T14:22:00,442.0,CAM-02,Sony FX6,Marlon,Location B - Public Market (Exterior),exterior,32.0,-59.8,57.0,0.92,31.2,OK,48.3,0,35,True,True
2026-08-29T14:22:00,442.0,CAM-03,Sony FX3,Kiko,Location B - Public Market (Exterior),exterior,68.0,-65.1,35.0,0.61,30.6,OK,32.7,45,129,True,True
2026-08-29T14:22:00,442.0,CAM-04,Sony FX3,Dennis,Location B - Public Market (Exterior),exterior,45.0,-63.2,53.4,0.88,31.4,OK,35.1,18,152,True,True
2026-08-29T14:22:00,442.0,CAM-05,Blackmagic,Jorge,Location B - Public Market (Exterior),exterior,95.0,-69.1,49.5,0.79,30.1,DEGRADED,15.9,29,253,True,True
2026-08-29T14:22:30,442.5,CAM-01,Sony FX6,Ariel,Location B - Public Market (Exterior),exterior,18.0,-57.1,57.5,0.95,30.8,OK,48.1,0,35,True,True
2026-08-29T14:22:30,442.5,CAM-02,Sony FX6,Marlon,Location B - Public Market (Exterior),exterior,32.0,-59.5,57.1,0.92,30.5,OK,48.5,0,35,True,True
2026-08-29T14:22:30,442.5,CAM-03,Sony FX3,Kiko,Location B - Public Market (Exterior),exterior,68.0,-65.1,34.2,0.61,31.6,OK,32.4,22,330,True,True
2026-08-29T14:22:30,442.5,CAM-04,Sony FX3,Dennis,Location B - Public Market (Exterior),exterior,45.0,-64.2,53.7,0.88,31.0,OK,32.0,10,75,True,True
2026-08-29T14:22:30,442.5,CAM-05,Blackmagic,Jorge,Location B - Public Market (Exterior),exterior,95.0,-68.7,49.1,0.79,31.0,DEGRADED,20.9,79,388,True,True
2026-08-29T14:23:00,443.0,CAM-01,Sony FX6,Ariel,Location B - Public Market (Exterior),exterior,18.0,-57.4,57.7,0.95,30.8,OK,47.6,0,35,True,True
2026-08-29T14:23:00,443.0,CAM-02,Sony FX6,Marlon,Location B - Public Market (Exterior),exterior,32.0,-60.3,56.0,0.92,31.1,OK,46.0,1,41,True,True
2026-08-29T14:23:00,443.0,CAM-03,Sony FX3,Kiko,Location B - Public Market (Exterior),exterior,68.0,-63.1,34.3,0.61,31.6,OK,37.6,0,104,True,True
2026-08-29T14:23:00,443.0,CAM-04,Sony FX3,Dennis,Location B - Public Market (Exterior),exterior,45.0,-65.7,53.9,0.88,31.9,DEGRADED,31.9,48,282,True,True
2026-08-29T14:23:00,443.0,CAM-05,Blackmagic,Jorge,Location B - Public Market (Exterior),exterior,95.0,-70.1,49.2,0.79,31.6,DEGRADED,12.2,89,197,True,True
2026-08-29T14:23:30,443.5,CAM-01,Sony FX6,Ariel,Location B - Public Market (Exterior),exterior,18.0,-56.3,56.8,0.95,30.0,OK,47.6,0,35,True,True
2026-08-29T14:23:30,443.5,CAM-02,Sony FX6,Marlon,Location B - Public Market (Exterior),exterior,32.0,-64.0,56.9,0.92,30.4,OK,33.4,2,133,True,True
2026-08-29T14:23:30,443.5,CAM-03,Sony FX3,Kiko,Location B - Public Market (Exterior),exterior,68.0,-65.5,33.4,0.61,29.9,DEGRADED,32.6,7,111,True,True
2026-08-29T14:23:30,443.5,CAM-04,Sony FX3,Dennis,Location B - Public Market (Exterior),exterior,45.0,-63.7,53.9,0.88,31.0,OK,37.9,26,141,True,True
2026-08-29T14:23:30,443.5,CAM-05,Blackmagic,Jorge,Location B - Public Market (Exterior),exterior,95.0,-71.6,49.0,0.79,32.2,DEGRADED,11.8,31,97,True,True
2026-08-29T14:24:00,444.0,CAM-01,Sony FX6,Ariel,Location B - Public Market (Exterior),exterior,18.0,-57.5,57.7,0.95,31.8,OK,46.9,0,35,True,True
2026-08-29T14:24:00,444.0,CAM-02,Sony FX6,Marlon,Location B - Public Market (Exterior),exterior,32.0,-61.1,56.8,0.92,29.8,OK,46.9,0,41,True,True
2026-08-29T14:24:00,444.0,CAM-03,Sony FX3,Kiko,Location B - Public Market (Exterior),exterior,68.0,-67.1,33.4,0.61,31.9,DEGRADED,25.1,7,318,True,True
2026-08-29T14:24:00,444.0,CAM-04,Sony FX3,Dennis,Location B - Public Market (Exterior),exterior,45.0,-64.5,54.4,0.88,30.8,OK,32.9,28,170,True,True
2026-08-29T14:24:00,444.0,CAM-05,Blackmagic,Jorge,Location B - Public Market (Exterior),exterior,95.0,-65.3,49.4,0.79,32.4,DEGRADED,30.4,44,119,True,True
2026-08-29T14:24:30,444.5,CAM-01,Sony FX6,Ariel,Location B - Public Market (Exterior),exterior,18.0,-56.6,57.4,0.95,29.9,OK,49.0,0,35,True,True
2026-08-29T14:24:30,444.5,CAM-02,Sony FX6,Marlon,Location B - Public Market (Exterior),exterior,32.0,-62.7,55.9,0.92,30.7,OK,38.8,14,83,True,True
2026-08-29T14:24:30,444.5,CAM-03,Sony FX3,Kiko,Location B - Public Market (Exterior),exterior,68.0,-67.2,33.4,0.61,30.8,DEGRADED,25.9,30,377,True,True
2026-08-29T14:24:30,444.5,CAM-04,Sony FX3,Dennis,Location B - Public Market (Exterior),exterior,45.0,-63.1,53.9,0.88,31.6,OK,39.4,13,47,True,True
2026-08-29T14:24:30,444.5,CAM-05,Blackmagic,Jorge,Location B - Public Market (Exterior),exterior,95.0,-69.9,48.3,0.79,30.1,DEGRADED,15.2,67,281,True,True
2026-08-29T14:25:00,445.0,CAM-01,Sony FX6,Ariel,Location B - Public Market (Exterior),exterior,18.0,-56.6,57.4,0.95,31.0,OK,48.2,0,35,True,True
2026-08-29T14:25:00,445.0,CAM-02,Sony FX6,Marlon,Location B - Public Market (Exterior),exterior,32.0,-60.8,55.4,0.92,31.2,OK,44.4,3,65,True,True
2026-08-29T14:25:00,445.0,CAM-03,Sony FX3,Kiko,Location B - Public Market (Exterior),exterior,68.0,-63.6,32.8,0.61,30.7,OK,37.8,1,169,True,True
2026-08-29T14:25:00,445.0,CAM-04,Sony FX3,Dennis,Location B - Public Market (Exterior),exterior,45.0,-65.9,53.7,0.88,30.5,DEGRADED,29.8,42,148,True,True
2026-08-29T14:25:00,445.0,CAM-05,Blackmagic,Jorge,Location B - Public Market (Exterior),exterior,95.0,-71.5,48.1,0.79,31.2,DEGRADED,12.7,74,518,True,True
2026-08-29T14:25:30,445.5,CAM-01,Sony FX6,Ariel,Location B - Public Market (Exterior),exterior,18.0,-57.4,57.2,0.95,30.9,OK,47.2,0,35,True,True
2026-08-29T14:25:30,445.5,CAM-02,Sony FX6,Marlon,Location B - Public Market (Exterior),exterior,32.0,-60.4,55.7,0.92,31.0,OK,48.6,0,40,True,True
2026-08-29T14:25:30,445.5,CAM-03,Sony FX3,Kiko,Location B - Public Market (Exterior),exterior,68.0,-62.9,33.3,0.61,31.5,OK,39.4,10,62,True,True
2026-08-29T14:25:30,445.5,CAM-04,Sony FX3,Dennis,Location B - Public Market (Exterior),exterior,45.0,-64.0,53.8,0.88,31.8,OK,36.3,20,132,True,True
2026-08-29T14:25:30,445.5,CAM-05,Blackmagic,Jorge,Location B - Public Market (Exterior),exterior,95.0,-68.6,48.4,0.79,30.5,DEGRADED,20.2,58,493,True,True
2026-08-29T14:26:00,446.0,CAM-01,Sony FX6,Ariel,Location B - Public Market (Exterior),exterior,18.0,-58.4,56.5,0.95,30.8,OK,45.9,0,35,True,True
2026-08-29T14:26:00,446.0,CAM-02,Sony FX6,Marlon,Location B - Public Market (Exterior),exterior,32.0,-60.9,56.0,0.92,30.8,OK,44.6,7,62,True,True
2026-08-29T14:26:00,446.0,CAM-03,Sony FX3,Kiko,Location B - Public Market (Exterior),exterior,68.0,-66.3,33.3,0.61,32.3,DEGRADED,28.0,34,168,True,True
2026-08-29T14:26:00,446.0,CAM-04,Sony FX3,Dennis,Location B - Public Market (Exterior),exterior,45.0,-66.0,53.5,0.88,31.2,DEGRADED,28.9,7,145,True,True
2026-08-29T14:26:00,446.0,CAM-05,Blackmagic,Jorge,Location B - Public Market (Exterior),exterior,95.0,-69.5,47.5,0.79,32.7,DEGRADED,16.9,40,303,True,True
2026-08-29T14:26:30,446.5,CAM-01,Sony FX6,Ariel,Location B - Public Market (Exterior),exterior,18.0,-57.4,57.2,0.95,31.4,OK,45.4,0,35,True,True
2026-08-29T14:26:30,446.5,CAM-02,Sony FX6,Marlon,Location B - Public Market (Exterior),exterior,32.0,-61.7,55.6,0.92,30.1,OK,43.0,1,52,True,True
2026-08-29T14:26:30,446.5,CAM-03,Sony FX3,Kiko,Location B - Public Market (Exterior),exterior,68.0,-65.6,32.1,0.61,30.0,DEGRADED,28.2,15,138,True,True
2026-08-29T14:26:30,446.5,CAM-04,Sony FX3,Dennis,Location B - Public Market (Exterior),exterior,45.0,-65.4,53.8,0.88,31.5,DEGRADED,31.9,17,305,True,True
2026-08-29T14:26:30,446.5,CAM-05,Blackmagic,Jorge,Location B - Public Market (Exterior),exterior,95.0,-70.6,47.8,0.79,30.4,DEGRADED,14.1,44,483,True,True
2026-08-29T14:27:00,447.0,CAM-01,Sony FX6,Ariel,Location B - Public Market (Exterior),exterior,18.0,-54.4,57.1,0.95,30.2,OK,48.0,0,35,True,True
2026-08-29T14:27:00,447.0,CAM-02,Sony FX6,Marlon,Location B - Public Market (Exterior),exterior,32.0,-63.0,55.1,0.92,31.5,OK,39.5,23,202,True,True
2026-08-29T14:27:00,447.0,CAM-03,Sony FX3,Kiko,Location B - Public Market (Exterior),exterior,68.0,-67.8,32.7,0.61,31.8,DEGRADED,23.3,15,109,True,True
2026-08-29T14:27:00,447.0,CAM-04,Sony FX3,Dennis,Location B - Public Market (Exterior),exterior,45.0,-67.6,53.0,0.88,30.3,DEGRADED,23.9,70,135,True,True
2026-08-29T14:27:00,447.0,CAM-05,Blackmagic,Jorge,Location B - Public Market (Exterior),exterior,95.0,-66.5,48.4,0.79,32.2,DEGRADED,26.1,17,199,True,True
2026-08-29T14:27:30,447.5,CAM-01,Sony FX6,Ariel,Location B - Public Market (Exterior),exterior,18.0,-55.4,56.7,0.95,30.4,OK,48.9,0,35,True,True
2026-08-29T14:27:30,447.5,CAM-02,Sony FX6,Marlon,Location B - Public Market (Exterior),exterior,32.0,-60.8,55.5,0.92,30.9,OK,44.9,3,73,True,True
2026-08-29T14:27:30,447.5,CAM-03,Sony FX3,Kiko,Location B - Public Market (Exterior),exterior,68.0,-66.9,32.2,0.61,30.6,DEGRADED,24.6,19,150,True,True
2026-08-29T14:27:30,447.5,CAM-04,Sony FX3,Dennis,Location B - Public Market (Exterior),exterior,45.0,-68.9,52.4,0.88,31.0,DEGRADED,18.5,76,201,True,True
2026-08-29T14:27:30,447.5,CAM-05,Blackmagic,Jorge,Location B - Public Market (Exterior),exterior,95.0,-67.0,47.8,0.79,30.6,DEGRADED,27.3,36,295,True,True
2026-08-29T14:28:00,448.0,CAM-01,Sony FX6,Ariel,Location B - Public Market (Exterior),exterior,18.0,-53.0,55.9,0.95,31.2,OK,49.9,0,35,True,True
2026-08-29T14:28:00,448.0,CAM-02,Sony FX6,Marlon,Location B - Public Market (Exterior),exterior,32.0,-58.4,55.1,0.92,29.9,OK,48.2,0,35,True,True
2026-08-29T14:28:00,448.0,CAM-03,Sony FX3,Kiko,Location B - Public Market (Exterior),exterior,68.0,-65.7,33.0,0.61,31.1,DEGRADED,27.8,9,361,True,True
2026-08-29T14:28:00,448.0,CAM-04,Sony FX3,Dennis,Location B - Public Market (Exterior),exterior,45.0,-62.9,52.4,0.88,31.4,OK,38.5,17,124,True,True
2026-08-29T14:28:00,448.0,CAM-05,Blackmagic,Jorge,Location B - Public Market (Exterior),exterior,95.0,-66.8,47.8,0.79,31.0,DEGRADED,26.8,57,81,True,True
2026-08-29T14:28:30,448.5,CAM-01,Sony FX6,Ariel,Location B - Public Market (Exterior),exterior,18.0,-57.3,55.7,0.95,30.7,OK,47.7,0,35,True,True
2026-08-29T14:28:30,448.5,CAM-02,Sony FX6,Marlon,Location B - Public Market (Exterior),exterior,32.0,-59.7,55.3,0.92,30.8,OK,48.0,0,35,True,True
2026-08-29T14:28:30,448.5,CAM-03,Sony FX3,Kiko,Location B - Public Market (Exterior),exterior,68.0,-72.1,31.4,0.61,30.8,CRITICAL,9.6,93,310,True,True
2026-08-29T14:28:30,448.5,CAM-04,Sony FX3,Dennis,Location B - Public Market (Exterior),exterior,45.0,-66.4,53.1,0.88,31.3,DEGRADED,25.2,39,359,True,True
2026-08-29T14:28:30,448.5,CAM-05,Blackmagic,Jorge,Location B - Public Market (Exterior),exterior,95.0,-70.5,47.6,0.79,30.2,DEGRADED,13.0,5,171,True,True
2026-08-29T14:29:00,449.0,CAM-01,Sony FX6,Ariel,Location B - Public Market (Exterior),exterior,18.0,-56.4,56.1,0.95,31.5,OK,48.9,0,35,True,True
2026-08-29T14:29:00,449.0,CAM-02,Sony FX6,Marlon,Location B - Public Market (Exterior),exterior,32.0,-59.1,54.8,0.92,30.9,OK,46.1,0,35,True,True
2026-08-29T14:29:00,449.0,CAM-03,Sony FX3,Kiko,Location B - Public Market (Exterior),exterior,68.0,-61.0,31.5,0.61,30.2,OK,45.5,5,77,True,True
2026-08-29T14:29:00,449.0,CAM-04,Sony FX3,Dennis,Location B - Public Market (Exterior),exterior,45.0,-60.2,52.6,0.88,30.5,OK,48.0,1,38,True,True
2026-08-29T14:29:00,449.0,CAM-05,Blackmagic,Jorge,Location B - Public Market (Exterior),exterior,95.0,-66.2,47.7,0.79,31.8,DEGRADED,28.0,20,343,True,True
2026-08-29T14:29:30,449.5,CAM-01,Sony FX6,Ariel,Location B - Public Market (Exterior),exterior,18.0,-57.2,55.4,0.95,31.9,OK,49.2,0,35,True,True
2026-08-29T14:29:30,449.5,CAM-02,Sony FX6,Marlon,Location B - Public Market (Exterior),exterior,32.0,-58.9,54.4,0.92,32.3,OK,49.5,0,35,True,True
2026-08-29T14:29:30,449.5,CAM-03,Sony FX3,Kiko,Location B - Public Market (Exterior),exterior,68.0,-67.1,31.1,0.61,31.2,DEGRADED,25.0,35,440,True,True
2026-08-29T14:29:30,449.5,CAM-04,Sony FX3,Dennis,Location B - Public Market (Exterior),exterior,45.0,-63.8,52.4,0.88,31.4,OK,38.5,17,140,True,True
2026-08-29T14:29:30,449.5,CAM-05,Blackmagic,Jorge,Location B - Public Market (Exterior),exterior,95.0,-70.1,47.2,0.79,30.8,DEGRADED,14.8,36,529,True,True
2026-08-29T14:30:00,450.0,CAM-01,Sony FX6,Ariel,Location B - Public Market (Exterior),exterior,18.0,-58.0,55.6,0.95,32.1,OK,50.0,0,35,True,True
2026-08-29T14:30:00,450.0,CAM-02,Sony FX6,Marlon,Location B - Public Market (Exterior),exterior,32.0,-62.8,54.5,0.92,32.5,OK,39.7,8,140,True,True
2026-08-29T14:30:00,450.0,CAM-03,Sony FX3,Kiko,Location B - Public Market (Exterior),exterior,68.0,-64.0,31.6,0.61,31.4,OK,36.4,11,166,True,True
2026-08-29T14:30:00,450.0,CAM-04,Sony FX3,Dennis,Location B - Public Market (Exterior),exterior,45.0,-64.3,52.7,0.88,30.4,OK,31.2,32,108,True,True
2026-08-29T14:30:00,450.0,CAM-05,Blackmagic,Jorge,Location B - Public Market (Exterior),exterior,95.0,-71.1,46.8,0.79,31.0,DEGRADED,11.7,49,252,True,True
2026-08-29T14:30:30,450.5,CAM-01,Sony FX6,Ariel,Location B - Public Market (Exterior),exterior,18.0,-57.4,55.3,0.95,32.0,OK,50.7,0,35,True,True
2026-08-29T14:30:30,450.5,CAM-02,Sony FX6,Marlon,Location B - Public Market (Exterior),exterior,32.0,-58.0,54.9,0.92,32.0,OK,48.9,0,35,True,True
2026-08-29T14:30:30,450.5,CAM-03,Sony FX3,Kiko,Location B - Public Market (Exterior),exterior,68.0,-65.8,31.2,0.61,30.8,DEGRADED,25.2,51,140,True,True
2026-08-29T14:30:30,450.5,CAM-04,Sony FX3,Dennis,Location B - Public Market (Exterior),exterior,45.0,-65.8,52.4,0.88,31.8,DEGRADED,32.6,44,380,True,True
2026-08-29T14:30:30,450.5,CAM-05,Blackmagic,Jorge,Location B - Public Market (Exterior),exterior,95.0,-69.3,46.6,0.79,32.2,DEGRADED,18.8,34,369,True,True
2026-08-29T14:31:00,451.0,CAM-01,Sony FX6,Ariel,Location B - Public Market (Exterior),exterior,18.0,-57.2,56.1,0.95,31.6,OK,45.9,0,35,True,True
2026-08-29T14:31:00,451.0,CAM-02,Sony FX6,Marlon,Location B - Public Market (Exterior),exterior,32.0,-59.3,54.5,0.92,31.2,OK,46.0,0,35,True,True
2026-08-29T14:31:00,451.0,CAM-03,Sony FX3,Kiko,Location B - Public Market (Exterior),exterior,68.0,-68.5,31.2,0.61,30.6,DEGRADED,19.6,75,90,True,True
2026-08-29T14:31:00,451.0,CAM-04,Sony FX3,Dennis,Location B - Public Market (Exterior),exterior,45.0,-66.4,51.9,0.88,30.4,DEGRADED,30.4,34,227,True,True
2026-08-29T14:31:00,451.0,CAM-05,Blackmagic,Jorge,Location B - Public Market (Exterior),exterior,95.0,-72.0,46.2,0.79,33.3,CRITICAL,10.5,68,665,True,True
2026-08-29T14:31:30,451.5,CAM-01,Sony FX6,Ariel,Location B - Public Market (Exterior),exterior,18.0,-57.8,55.2,0.95,29.9,OK,45.6,0,35,True,True
2026-08-29T14:31:30,451.5,CAM-02,Sony FX6,Marlon,Location B - Public Market (Exterior),exterior,32.0,-59.1,54.0,0.92,30.7,OK,48.0,0,35,True,True
2026-08-29T14:31:30,451.5,CAM-03,Sony FX3,Kiko,Location B - Public Market (Exterior),exterior,68.0,-71.4,31.1,0.61,30.1,DEGRADED,12.0,14,386,True,True
2026-08-29T14:31:30,451.5,CAM-04,Sony FX3,Dennis,Location B - Public Market (Exterior),exterior,45.0,-63.2,52.5,0.88,32.8,OK,38.0,9,164,True,True
2026-08-29T14:31:30,451.5,CAM-05,Blackmagic,Jorge,Location B - Public Market (Exterior),exterior,95.0,-70.9,46.2,0.79,31.3,DEGRADED,12.9,62,615,True,True
2026-08-29T14:32:00,452.0,CAM-01,Sony FX6,Ariel,Location B - Public Market (Exterior),exterior,18.0,-56.3,55.3,0.95,31.3,OK,46.6,0,35,True,True
2026-08-29T14:32:00,452.0,CAM-02,Sony FX6,Marlon,Location B - Public Market (Exterior),exterior,32.0,-60.9,54.4,0.92,31.3,OK,44.7,4,71,True,True
2026-08-29T14:32:00,452.0,CAM-03,Sony FX3,Kiko,Location B - Public Market (Exterior),exterior,68.0,-67.0,31.0,0.61,30.4,DEGRADED,29.4,57,169,True,True
2026-08-29T14:32:00,452.0,CAM-04,Sony FX3,Dennis,Location B - Public Market (Exterior),exterior,45.0,-65.1,51.5,0.88,31.4,OK,32.7,38,270,True,True
2026-08-29T14:32:00,452.0,CAM-05,Blackmagic,Jorge,Location B - Public Market (Exterior),exterior,95.0,-65.7,46.6,0.79,30.3,DEGRADED,30.3,47,86,True,True
2026-08-29T14:32:30,452.5,CAM-01,Sony FX6,Ariel,Location B - Public Market (Exterior),exterior,18.0,-58.4,55.0,0.95,29.8,OK,44.5,0,35,True,True
2026-08-29T14:32:30,452.5,CAM-02,Sony FX6,Marlon,Location B - Public Market (Exterior),exterior,32.0,-63.3,53.6,0.92,31.7,OK,38.5,5,147,True,True
2026-08-29T14:32:30,452.5,CAM-03,Sony FX3,Kiko,Location B - Public Market (Exterior),exterior,68.0,-67.6,29.8,0.61,30.3,DEGRADED,23.9,58,122,True,True
2026-08-29T14:32:30,452.5,CAM-04,Sony FX3,Dennis,Location B - Public Market (Exterior),exterior,45.0,-59.9,50.8,0.88,30.6,OK,46.1,0,35,True,True
2026-08-29T14:32:30,452.5,CAM-05,Blackmagic,Jorge,Location B - Public Market (Exterior),exterior,95.0,-69.3,46.5,0.79,32.1,DEGRADED,16.7,2,176,True,True
2026-08-29T14:33:00,453.0,CAM-01,Sony FX6,Ariel,Location B - Public Market (Exterior),exterior,18.0,-59.4,55.7,0.95,31.4,OK,49.8,0,35,True,True
2026-08-29T14:33:00,453.0,CAM-02,Sony FX6,Marlon,Location B - Public Market (Exterior),exterior,32.0,-59.5,53.8,0.92,30.4,OK,49.0,0,35,True,True
2026-08-29T14:33:00,453.0,CAM-03,Sony FX3,Kiko,Location B - Public Market (Exterior),exterior,68.0,-67.6,30.5,0.61,31.4,DEGRADED,24.9,16,228,True,True
2026-08-29T14:33:00,453.0,CAM-04,Sony FX3,Dennis,Location B - Public Market (Exterior),exterior,45.0,-64.4,51.7,0.88,32.4,OK,35.0,32,99,True,True
2026-08-29T14:33:00,453.0,CAM-05,Blackmagic,Jorge,Location B - Public Market (Exterior),exterior,95.0,-70.5,45.6,0.79,31.4,DEGRADED,11.9,29,241,True,True
2026-08-29T14:33:30,453.5,CAM-01,Sony FX6,Ariel,Location B - Public Market (Exterior),exterior,18.0,-58.0,55.0,0.95,31.8,OK,48.0,0,35,True,True
2026-08-29T14:33:30,453.5,CAM-02,Sony FX6,Marlon,Location B - Public Market (Exterior),exterior,32.0,-61.3,54.0,0.92,31.4,OK,41.7,6,56,True,True
2026-08-29T14:33:30,453.5,CAM-03,Sony FX3,Kiko,Location B - Public Market (Exterior),exterior,68.0,-66.2,30.5,0.61,29.7,DEGRADED,30.7,42,192,True,True
2026-08-29T14:33:30,453.5,CAM-04,Sony FX3,Dennis,Location B - Public Market (Exterior),exterior,45.0,-62.1,51.4,0.88,31.8,OK,41.7,15,138,True,True
2026-08-29T14:33:30,453.5,CAM-05,Blackmagic,Jorge,Location B - Public Market (Exterior),exterior,95.0,-67.9,46.4,0.79,30.3,DEGRADED,22.2,45,125,True,True
2026-08-29T14:34:00,454.0,CAM-01,Sony FX6,Ariel,Location B - Public Market (Exterior),exterior,18.0,-57.3,55.1,0.95,30.9,OK,49.4,0,35,True,True
2026-08-29T14:34:00,454.0,CAM-02,Sony FX6,Marlon,Location B - Public Market (Exterior),exterior,32.0,-64.5,54.5,0.92,31.7,OK,31.9,39,256,True,True
2026-08-29T14:34:00,454.0,CAM-03,Sony FX3,Kiko,Location B - Public Market (Exterior),exterior,68.0,-63.3,30.0,0.61,32.3,OK,35.1,25,208,True,True
2026-08-29T14:34:00,454.0,CAM-04,Sony FX3,Dennis,Location B - Public Market (Exterior),exterior,45.0,-63.5,51.9,0.88,32.3,OK,35.1,13,113,True,True
2026-08-29T14:34:00,454.0,CAM-05,Blackmagic,Jorge,Location B - Public Market (Exterior),exterior,95.0,-69.1,46.1,0.79,31.5,DEGRADED,17.7,3,304,True,True
2026-08-29T14:34:30,454.5,CAM-01,Sony FX6,Ariel,Location B - Public Market (Exterior),exterior,18.0,-56.3,54.5,0.95,32.4,OK,48.1,0,35,True,True
2026-08-29T14:34:30,454.5,CAM-02,Sony FX6,Marlon,Location B - Public Market (Exterior),exterior,32.0,-59.4,53.8,0.92,29.2,OK,49.0,0,35,True,True
2026-08-29T14:34:30,454.5,CAM-03,Sony FX3,Kiko,Location B - Public Market (Exterior),exterior,68.0,-68.1,29.6,0.61,29.5,DEGRADED,24.8,32,334,True,True
2026-08-29T14:34:30,454.5,CAM-04,Sony FX3,Dennis,Location B - Public Market (Exterior),exterior,45.0,-64.8,51.2,0.88,32.2,OK,32.9,20,283,True,True
2026-08-29T14:34:30,454.5,CAM-05,Blackmagic,Jorge,Location B - Public Market (Exterior),exterior,95.0,-71.5,45.2,0.79,31.6,DEGRADED,10.0,5,626,True,True
2026-08-29T14:35:00,455.0,CAM-01,Sony FX6,Ariel,Location B - Public Market (Exterior),exterior,18.0,-60.6,54.2,0.95,32.8,OK,48.0,1,54,True,True
2026-08-29T14:35:00,455.0,CAM-02,Sony FX6,Marlon,Location B - Public Market (Exterior),exterior,32.0,-59.6,52.4,0.92,31.8,OK,47.3,0,35,True,True
2026-08-29T14:35:00,455.0,CAM-03,Sony FX3,Kiko,Location B - Public Market (Exterior),exterior,68.0,-67.8,30.0,0.61,30.5,DEGRADED,25.0,5,384,True,True
2026-08-29T14:35:00,455.0,CAM-04,Sony FX3,Dennis,Location B - Public Market (Exterior),exterior,45.0,-63.9,51.3,0.88,31.8,OK,36.5,10,173,True,True
2026-08-29T14:35:00,455.0,CAM-05,Blackmagic,Jorge,Location B - Public Market (Exterior),exterior,95.0,-68.9,45.4,0.79,30.9,DEGRADED,20.5,80,374,True,True
2026-08-29T14:35:30,455.5,CAM-01,Sony FX6,Ariel,Location B - Public Market (Exterior),exterior,18.0,-58.6,54.4,0.95,30.8,OK,48.0,0,35,True,True
2026-08-29T14:35:30,455.5,CAM-02,Sony FX6,Marlon,Location B - Public Market (Exterior),exterior,32.0,-63.3,54.0,0.92,30.1,OK,35.4,12,178,True,True
2026-08-29T14:35:30,455.5,CAM-03,Sony FX3,Kiko,Location B - Public Market (Exterior),exterior,68.0,-66.0,29.2,0.61,30.9,DEGRADED,29.2,46,310,True,True
2026-08-29T14:35:30,455.5,CAM-04,Sony FX3,Dennis,Location B - Public Market (Exterior),exterior,45.0,-63.6,51.4,0.88,30.7,OK,36.3,27,157,True,True
2026-08-29T14:35:30,455.5,CAM-05,Blackmagic,Jorge,Location B - Public Market (Exterior),exterior,95.0,-67.7,45.9,0.79,30.4,DEGRADED,23.8,2,121,True,True
2026-08-29T14:36:00,456.0,CAM-01,Sony FX6,Ariel,Location B - Public Market (Exterior),exterior,18.0,-53.0,54.9,0.95,31.6,OK,46.6,0,35,True,True
2026-08-29T14:36:00,456.0,CAM-02,Sony FX6,Marlon,Location B - Public Market (Exterior),exterior,32.0,-62.3,53.2,0.92,29.9,OK,42.6,11,145,True,True
2026-08-29T14:36:00,456.0,CAM-03,Sony FX3,Kiko,Location B - Public Market (Exterior),exterior,68.0,-68.9,28.8,0.61,31.0,DEGRADED,21.7,47,448,True,True
2026-08-29T14:36:00,456.0,CAM-04,Sony FX3,Dennis,Location B - Public Market (Exterior),exterior,45.0,-65.8,51.3,0.88,31.7,DEGRADED,29.9,17,172,True,True
2026-08-29T14:36:00,456.0,CAM-05,Blackmagic,Jorge,Location B - Public Market (Exterior),exterior,95.0,-64.5,45.5,0.79,31.3,OK,33.7,32,163,True,True
2026-08-29T14:36:30,456.5,CAM-01,Sony FX6,Ariel,Location B - Public Market (Exterior),exterior,18.0,-59.8,54.2,0.95,32.3,OK,49.4,0,35,True,True
2026-08-29T14:36:30,456.5,CAM-02,Sony FX6,Marlon,Location B - Public Market (Exterior),exterior,32.0,-62.5,53.9,0.92,31.3,OK,39.3,20,144,True,True
2026-08-29T14:36:30,456.5,CAM-03,Sony FX3,Kiko,Location B - Public Market (Exterior),exterior,68.0,-69.0,29.3,0.61,31.0,DEGRADED,18.7,18,236,True,True
2026-08-29T14:36:30,456.5,CAM-04,Sony FX3,Dennis,Location B - Public Market (Exterior),exterior,45.0,-60.3,51.6,0.88,31.0,OK,46.0,0,40,True,True
2026-08-29T14:36:30,456.5,CAM-05,Blackmagic,Jorge,Location B - Public Market (Exterior),exterior,95.0,-69.9,45.1,0.79,29.9,DEGRADED,16.2,69,473,True,True
2026-08-29T14:37:00,457.0,CAM-01,Sony FX6,Ariel,Location B - Public Market (Exterior),exterior,18.0,-56.8,54.9,0.95,30.8,OK,47.2,0,35,True,True
2026-08-29T14:37:00,457.0,CAM-02,Sony FX6,Marlon,Location B - Public Market (Exterior),exterior,32.0,-63.3,53.1,0.92,31.9,OK,34.7,13,88,True,True
2026-08-29T14:37:00,457.0,CAM-03,Sony FX3,Kiko,Location B - Public Market (Exterior),exterior,68.0,-64.7,29.3,0.61,30.9,OK,34.3,20,166,True,True
2026-08-29T14:37:00,457.0,CAM-04,Sony FX3,Dennis,Location B - Public Market (Exterior),exterior,45.0,-65.6,50.0,0.88,29.5,DEGRADED,32.4,23,155,True,True
2026-08-29T14:37:00,457.0,CAM-05,Blackmagic,Jorge,Location B - Public Market (Exterior),exterior,95.0,-65.7,45.3,0.79,32.5,DEGRADED,28.0,32,317,True,True
2026-08-29T14:37:30,457.5,CAM-01,Sony FX6,Ariel,Location B - Public Market (Exterior),exterior,18.0,-57.4,54.7,0.95,31.1,OK,46.6,0,35,True,True
2026-08-29T14:37:30,457.5,CAM-02,Sony FX6,Marlon,Location B - Public Market (Exterior),exterior,32.0,-61.0,53.1,0.92,30.3,OK,44.8,5,86,True,True
2026-08-29T14:37:30,457.5,CAM-03,Sony FX3,Kiko,Location B - Public Market (Exterior),exterior,68.0,-68.7,28.9,0.61,31.0,DEGRADED,23.0,2,436,True,True
2026-08-29T14:37:30,457.5,CAM-04,Sony FX3,Dennis,Location B - Public Market (Exterior),exterior,45.0,-63.3,51.0,0.88,30.2,OK,38.3,0,209,True,True
2026-08-29T14:37:30,457.5,CAM-05,Blackmagic,Jorge,Location B - Public Market (Exterior),exterior,95.0,-64.3,45.1,0.79,30.3,OK,34.9,12,159,True,True
2026-08-29T14:38:00,458.0,CAM-01,Sony FX6,Ariel,Location B - Public Market (Exterior),exterior,18.0,-56.8,54.3,0.95,30.6,OK,49.5,0,35,True,True
2026-08-29T14:38:00,458.0,CAM-02,Sony FX6,Marlon,Location B - Public Market (Exterior),exterior,32.0,-58.4,52.8,0.92,31.3,OK,45.9,0,35,True,True
2026-08-29T14:38:00,458.0,CAM-03,Sony FX3,Kiko,Location B - Public Market (Exterior),exterior,68.0,-66.6,27.9,0.61,30.5,DEGRADED,27.9,31,150,True,True
2026-08-29T14:38:00,458.0,CAM-04,Sony FX3,Dennis,Location B - Public Market (Exterior),exterior,45.0,-63.9,50.8,0.88,31.1,OK,39.8,29,193,True,True
2026-08-29T14:38:00,458.0,CAM-05,Blackmagic,Jorge,Location B - Public Market (Exterior),exterior,95.0,-70.1,45.0,0.79,32.7,DEGRADED,14.7,81,149,True,True
2026-08-29T14:38:30,458.5,CAM-01,Sony FX6,Ariel,Location B - Public Market (Exterior),exterior,18.0,-62.5,54.6,0.95,29.8,OK,37.6,15,46,True,True
2026-08-29T14:38:30,458.5,CAM-02,Sony FX6,Marlon,Location B - Public Market (Exterior),exterior,32.0,-59.5,52.5,0.92,34.1,OK,49.1,0,35,True,True
2026-08-29T14:38:30,458.5,CAM-03,Sony FX3,Kiko,Location B - Public Market (Exterior),exterior,68.0,-66.7,27.7,0.61,29.8,DEGRADED,25.3,22,219,True,True
2026-08-29T14:38:30,458.5,CAM-04,Sony FX3,Dennis,Location B - Public Market (Exterior),exterior,45.0,-60.5,50.7,0.88,30.2,OK,45.3,3,60,True,True
2026-08-29T14:38:30,458.5,CAM-05,Blackmagic,Jorge,Location B - Public Market (Exterior),exterior,95.0,-67.7,44.7,0.79,32.3,DEGRADED,25.2,36,388,True,True
2026-08-29T14:39:00,459.0,CAM-01,Sony FX6,Ariel,Location B - Public Market (Exterior),exterior,18.0,-61.9,54.2,0.95,30.7,OK,42.3,12,92,True,True
2026-08-29T14:39:00,459.0,CAM-02,Sony FX6,Marlon,Location B - Public Market (Exterior),exterior,32.0,-62.0,52.5,0.92,30.3,OK,39.9,9,117,True,True
2026-08-29T14:39:00,459.0,CAM-03,Sony FX3,Kiko,Location B - Public Market (Exterior),exterior,68.0,-66.8,28.7,0.61,30.3,DEGRADED,25.5,41,359,True,True
2026-08-29T14:39:00,459.0,CAM-04,Sony FX3,Dennis,Location B - Public Market (Exterior),exterior,45.0,-66.9,50.8,0.88,31.0,DEGRADED,25.7,24,114,True,True
2026-08-29T14:39:00,459.0,CAM-05,Blackmagic,Jorge,Location B - Public Market (Exterior),exterior,95.0,-73.7,45.2,0.79,30.9,CRITICAL,4.0,82,141,True,True
2026-08-29T14:39:30,459.5,CAM-01,Sony FX6,Ariel,Location B - Public Market (Exterior),exterior,18.0,-57.8,53.2,0.95,31.0,OK,47.9,0,35,True,True
2026-08-29T14:39:30,459.5,CAM-02,Sony FX6,Marlon,Location B - Public Market (Exterior),exterior,32.0,-65.9,52.3,0.92,31.4,DEGRADED,28.1,46,283,True,True
2026-08-29T14:39:30,459.5,CAM-03,Sony FX3,Kiko,Location B - Public Market (Exterior),exterior,68.0,-68.0,27.8,0.61,31.3,DEGRADED,22.1,4,97,True,True
2026-08-29T14:39:30,459.5,CAM-04,Sony FX3,Dennis,Location B - Public Market (Exterior),exterior,45.0,-61.6,49.8,0.88,30.5,OK,43.8,4,119,True,True
2026-08-29T14:39:30,459.5,CAM-05,Blackmagic,Jorge,Location B - Public Market (Exterior),exterior,95.0,-68.0,45.0,0.79,31.7,DEGRADED,23.3,55,219,True,True
2026-08-29T14:40:00,460.0,CAM-01,Sony FX6,Ariel,"Location C - Rooftop (Exterior, Night)",exterior,18.0,-54.1,100.0,0.95,30.9,OK,48.7,0,35,True,True
2026-08-29T14:40:00,460.0,CAM-02,Sony FX6,Marlon,"Location C - Rooftop (Exterior, Night)",exterior,32.0,-58.0,100.0,0.92,32.3,OK,46.2,0,35,True,True
2026-08-29T14:40:00,460.0,CAM-03,Sony FX3,Kiko,"Location C - Rooftop (Exterior, Night)",exterior,68.0,-62.7,99.6,0.61,31.1,OK,40.8,2,184,True,True
2026-08-29T14:40:00,460.0,CAM-04,Sony FX3,Dennis,"Location C - Rooftop (Exterior, Night)",exterior,45.0,-61.9,99.4,0.88,30.4,OK,42.6,15,95,True,True
2026-08-29T14:40:00,460.0,CAM-05,Blackmagic,Jorge,"Location C - Rooftop (Exterior, Night)",exterior,95.0,-66.0,100.0,0.79,32.8,DEGRADED,28.2,4,285,True,True
2026-08-29T14:40:30,460.5,CAM-01,Sony FX6,Ariel,"Location C - Rooftop (Exterior, Night)",exterior,18.0,-51.9,99.9,0.95,30.6,OK,48.8,0,35,True,True
2026-08-29T14:40:30,460.5,CAM-02,Sony FX6,Marlon,"Location C - Rooftop (Exterior, Night)",exterior,32.0,-59.6,100.0,0.92,29.9,OK,51.0,0,35,True,True
2026-08-29T14:40:30,460.5,CAM-03,Sony FX3,Kiko,"Location C - Rooftop (Exterior, Night)",exterior,68.0,-64.1,100.0,0.61,31.7,OK,36.2,12,252,True,True
2026-08-29T14:40:30,460.5,CAM-04,Sony FX3,Dennis,"Location C - Rooftop (Exterior, Night)",exterior,45.0,-60.1,99.7,0.88,30.4,OK,47.1,0,39,True,True
2026-08-29T14:40:30,460.5,CAM-05,Blackmagic,Jorge,"Location C - Rooftop (Exterior, Night)",exterior,95.0,-64.3,100.0,0.79,33.2,OK,34.2,13,246,True,True
2026-08-29T14:41:00,461.0,CAM-01,Sony FX6,Ariel,"Location C - Rooftop (Exterior, Night)",exterior,18.0,-50.8,98.9,0.95,31.7,OK,49.1,0,35,True,True
2026-08-29T14:41:00,461.0,CAM-02,Sony FX6,Marlon,"Location C - Rooftop (Exterior, Night)",exterior,32.0,-63.1,99.5,0.92,31.5,OK,38.7,15,213,True,True
2026-08-29T14:41:00,461.0,CAM-03,Sony FX3,Kiko,"Location C - Rooftop (Exterior, Night)",exterior,68.0,-59.3,100.0,0.61,31.1,OK,45.6,0,35,True,True
2026-08-29T14:41:00,461.0,CAM-04,Sony FX3,Dennis,"Location C - Rooftop (Exterior, Night)",exterior,45.0,-58.8,99.9,0.88,30.5,OK,48.8,0,35,True,True
2026-08-29T14:41:00,461.0,CAM-05,Blackmagic,Jorge,"Location C - Rooftop (Exterior, Night)",exterior,95.0,-63.3,100.0,0.79,31.9,OK,38.7,11,133,True,True
2026-08-29T14:41:30,461.5,CAM-01,Sony FX6,Ariel,"Location C - Rooftop (Exterior, Night)",exterior,18.0,-50.7,98.7,0.95,31.9,OK,45.6,0,35,True,True
2026-08-29T14:41:30,461.5,CAM-02,Sony FX6,Marlon,"Location C - Rooftop (Exterior, Night)",exterior,32.0,-56.2,99.8,0.92,30.5,OK,48.2,0,35,True,True
2026-08-29T14:41:30,461.5,CAM-03,Sony FX3,Kiko,"Location C - Rooftop (Exterior, Night)",exterior,68.0,-63.4,99.3,0.61,31.0,OK,38.5,20,117,True,True
2026-08-29T14:41:30,461.5,CAM-04,Sony FX3,Dennis,"Location C - Rooftop (Exterior, Night)",exterior,45.0,-57.2,98.8,0.88,30.9,OK,48.4,0,35,True,True
2026-08-29T14:41:30,461.5,CAM-05,Blackmagic,Jorge,"Location C - Rooftop (Exterior, Night)",exterior,95.0,-63.2,99.6,0.79,32.1,OK,39.0,26,158,True,True
2026-08-29T14:42:00,462.0,CAM-01,Sony FX6,Ariel,"Location C - Rooftop (Exterior, Night)",exterior,18.0,-52.3,99.3,0.95,30.5,OK,47.2,0,35,True,True
2026-08-29T14:42:00,462.0,CAM-02,Sony FX6,Marlon,"Location C - Rooftop (Exterior, Night)",exterior,32.0,-61.5,99.9,0.92,29.8,OK,44.2,4,123,True,True
2026-08-29T14:42:00,462.0,CAM-03,Sony FX3,Kiko,"Location C - Rooftop (Exterior, Night)",exterior,68.0,-64.5,99.9,0.61,31.0,OK,32.6,24,88,True,True
2026-08-29T14:42:00,462.0,CAM-04,Sony FX3,Dennis,"Location C - Rooftop (Exterior, Night)",exterior,45.0,-56.3,99.2,0.88,30.4,OK,47.2,0,35,True,True
2026-08-29T14:42:00,462.0,CAM-05,Blackmagic,Jorge,"Location C - Rooftop (Exterior, Night)",exterior,95.0,-62.9,99.7,0.79,31.0,OK,38.0,11,63,True,True
2026-08-29T14:42:30,462.5,CAM-01,Sony FX6,Ariel,"Location C - Rooftop (Exterior, Night)",exterior,18.0,-54.7,99.1,0.95,30.2,OK,46.2,0,35,True,True
2026-08-29T14:42:30,462.5,CAM-02,Sony FX6,Marlon,"Location C - Rooftop (Exterior, Night)",exterior,32.0,-57.9,98.6,0.92,30.7,OK,46.2,0,35,True,True
2026-08-29T14:42:30,462.5,CAM-03,Sony FX3,Kiko,"Location C - Rooftop (Exterior, Night)",exterior,68.0,-60.8,99.6,0.61,30.6,OK,45.9,6,79,True,True
2026-08-29T14:42:30,462.5,CAM-04,Sony FX3,Dennis,"Location C - Rooftop (Exterior, Night)",exterior,45.0,-59.8,99.5,0.88,31.3,OK,46.7,0,35,True,True
2026-08-29T14:42:30,462.5,CAM-05,Blackmagic,Jorge,"Location C - Rooftop (Exterior, Night)",exterior,95.0,-64.7,98.6,0.79,30.3,OK,32.3,6,193,True,True
2026-08-29T14:43:00,463.0,CAM-01,Sony FX6,Ariel,"Location C - Rooftop (Exterior, Night)",exterior,18.0,-55.7,99.0,0.95,31.4,OK,45.8,0,35,True,True
2026-08-29T14:43:00,463.0,CAM-02,Sony FX6,Marlon,"Location C - Rooftop (Exterior, Night)",exterior,32.0,-59.1,99.2,0.92,31.3,OK,46.0,0,35,True,True
2026-08-29T14:43:00,463.0,CAM-03,Sony FX3,Kiko,"Location C - Rooftop (Exterior, Night)",exterior,68.0,-66.9,99.0,0.61,30.2,DEGRADED,25.4,45,123,True,True
2026-08-29T14:43:00,463.0,CAM-04,Sony FX3,Dennis,"Location C - Rooftop (Exterior, Night)",exterior,45.0,-54.9,99.4,0.88,30.1,OK,45.2,0,35,True,True
2026-08-29T14:43:00,463.0,CAM-05,Blackmagic,Jorge,"Location C - Rooftop (Exterior, Night)",exterior,95.0,-66.7,99.2,0.79,31.3,DEGRADED,24.8,58,116,True,True
2026-08-29T14:43:30,463.5,CAM-01,Sony FX6,Ariel,"Location C - Rooftop (Exterior, Night)",exterior,18.0,-55.0,99.5,0.95,31.5,OK,50.2,0,35,True,True
2026-08-29T14:43:30,463.5,CAM-02,Sony FX6,Marlon,"Location C - Rooftop (Exterior, Night)",exterior,32.0,-63.0,99.1,0.92,30.2,OK,36.6,4,153,True,True
2026-08-29T14:43:30,463.5,CAM-03,Sony FX3,Kiko,"Location C - Rooftop (Exterior, Night)",exterior,68.0,-63.6,98.7,0.61,30.5,OK,37.3,0,208,True,True
2026-08-29T14:43:30,463.5,CAM-04,Sony FX3,Dennis,"Location C - Rooftop (Exterior, Night)",exterior,45.0,-59.5,98.9,0.88,30.3,OK,48.7,0,35,True,True
2026-08-29T14:43:30,463.5,CAM-05,Blackmagic,Jorge,"Location C - Rooftop (Exterior, Night)",exterior,95.0,-69.3,99.2,0.79,30.6,DEGRADED,16.3,29,446,True,True
2026-08-29T14:44:00,464.0,CAM-01,Sony FX6,Ariel,"Location C - Rooftop (Exterior, Night)",exterior,18.0,-49.6,99.2,0.95,29.6,OK,45.0,0,35,True,True
2026-08-29T14:44:00,464.0,CAM-02,Sony FX6,Marlon,"Location C - Rooftop (Exterior, Night)",exterior,32.0,-60.6,99.4,0.92,31.1,OK,46.7,2,58,True,True
2026-08-29T14:44:00,464.0,CAM-03,Sony FX3,Kiko,"Location C - Rooftop (Exterior, Night)",exterior,68.0,-65.6,99.1,0.61,31.2,DEGRADED,32.0,27,348,True,True
2026-08-29T14:44:00,464.0,CAM-04,Sony FX3,Dennis,"Location C - Rooftop (Exterior, Night)",exterior,45.0,-64.6,99.3,0.88,30.3,OK,35.2,39,211,True,True
2026-08-29T14:44:00,464.0,CAM-05,Blackmagic,Jorge,"Location C - Rooftop (Exterior, Night)",exterior,95.0,-65.1,98.7,0.79,29.4,OK,34.1,19,91,True,True
2026-08-29T14:44:30,464.5,CAM-01,Sony FX6,Ariel,"Location C - Rooftop (Exterior, Night)",exterior,18.0,-50.2,98.6,0.95,31.3,OK,48.1,0,35,True,True
2026-08-29T14:44:30,464.5,CAM-02,Sony FX6,Marlon,"Location C - Rooftop (Exterior, Night)",exterior,32.0,-57.2,99.3,0.92,31.8,OK,47.2,0,35,True,True
2026-08-29T14:44:30,464.5,CAM-03,Sony FX3,Kiko,"Location C - Rooftop (Exterior, Night)",exterior,68.0,-67.5,98.6,0.61,31.0,DEGRADED,21.9,15,72,True,True
2026-08-29T14:44:30,464.5,CAM-04,Sony FX3,Dennis,"Location C - Rooftop (Exterior, Night)",exterior,45.0,-62.1,99.5,0.88,30.8,OK,38.3,10,137,True,True
2026-08-29T14:44:30,464.5,CAM-05,Blackmagic,Jorge,"Location C - Rooftop (Exterior, Night)",exterior,95.0,-65.2,98.1,0.79,29.2,OK,30.0,27,145,True,True
2026-08-29T14:45:00,465.0,CAM-01,Sony FX6,Ariel,"Location C - Rooftop (Exterior, Night)",exterior,18.0,-57.1,98.5,0.95,30.9,OK,50.7,0,35,True,True
2026-08-29T14:45:00,465.0,CAM-02,Sony FX6,Marlon,"Location C - Rooftop (Exterior, Night)",exterior,32.0,-57.7,99.2,0.92,30.0,OK,47.3,0,35,True,True
2026-08-29T14:45:00,465.0,CAM-03,Sony FX3,Kiko,"Location C - Rooftop (Exterior, Night)",exterior,68.0,-64.5,98.3,0.61,32.0,OK,34.3,30,84,True,True
2026-08-29T14:45:00,465.0,CAM-04,Sony FX3,Dennis,"Location C - Rooftop (Exterior, Night)",exterior,45.0,-60.7,98.3,0.88,31.2,OK,44.7,3,58,True,True
2026-08-29T14:45:00,465.0,CAM-05,Blackmagic,Jorge,"Location C - Rooftop (Exterior, Night)",exterior,95.0,-64.5,98.2,0.79,31.2,OK,30.8,13,226,True,True
2026-08-29T14:45:30,465.5,CAM-01,Sony FX6,Ariel,"Location C - Rooftop (Exterior, Night)",exterior,18.0,-51.2,99.4,0.95,30.2,OK,49.6,0,35,True,True
2026-08-29T14:45:30,465.5,CAM-02,Sony FX6,Marlon,"Location C - Rooftop (Exterior, Night)",exterior,32.0,-57.1,98.5,0.92,32.1,OK,46.7,0,35,True,True
2026-08-29T14:45:30,465.5,CAM-03,Sony FX3,Kiko,"Location C - Rooftop (Exterior, Night)",exterior,68.0,-62.0,98.2,0.61,31.0,OK,42.6,8,100,True,True
2026-08-29T14:45:30,465.5,CAM-04,Sony FX3,Dennis,"Location C - Rooftop (Exterior, Night)",exterior,45.0,-61.8,99.0,0.88,30.4,OK,45.7,7,133,True,True
2026-08-29T14:45:30,465.5,CAM-05,Blackmagic,Jorge,"Location C - Rooftop (Exterior, Night)",exterior,95.0,-67.2,98.1,0.79,30.4,DEGRADED,24.0,21,286,True,True
2026-08-29T14:46:00,466.0,CAM-01,Sony FX6,Ariel,"Location C - Rooftop (Exterior, Night)",exterior,18.0,-55.7,98.7,0.95,30.9,OK,49.3,0,35,True,True
2026-08-29T14:46:00,466.0,CAM-02,Sony FX6,Marlon,"Location C - Rooftop (Exterior, Night)",exterior,32.0,-56.2,98.7,0.92,31.6,OK,51.4,0,35,True,True
2026-08-29T14:46:00,466.0,CAM-03,Sony FX3,Kiko,"Location C - Rooftop (Exterior, Night)",exterior,68.0,-62.7,97.5,0.61,29.7,OK,36.9,17,119,True,True
2026-08-29T14:46:00,466.0,CAM-04,Sony FX3,Dennis,"Location C - Rooftop (Exterior, Night)",exterior,45.0,-62.7,98.4,0.88,30.7,OK,43.2,1,141,True,True
2026-08-29T14:46:00,466.0,CAM-05,Blackmagic,Jorge,"Location C - Rooftop (Exterior, Night)",exterior,95.0,-63.4,98.3,0.79,32.4,OK,34.9,13,110,True,True
2026-08-29T14:46:30,466.5,CAM-01,Sony FX6,Ariel,"Location C - Rooftop (Exterior, Night)",exterior,18.0,-51.3,99.0,0.95,31.8,OK,49.4,0,35,True,True
2026-08-29T14:46:30,466.5,CAM-02,Sony FX6,Marlon,"Location C - Rooftop (Exterior, Night)",exterior,32.0,-57.5,99.0,0.92,30.6,OK,49.0,0,35,True,True
2026-08-29T14:46:30,466.5,CAM-03,Sony FX3,Kiko,"Location C - Rooftop (Exterior, Night)",exterior,68.0,-67.4,98.0,0.61,30.3,DEGRADED,23.3,41,163,True,True
2026-08-29T14:46:30,466.5,CAM-04,Sony FX3,Dennis,"Location C - Rooftop (Exterior, Night)",exterior,45.0,-61.2,97.5,0.88,32.9,OK,45.3,3,73,True,True
2026-08-29T14:46:30,466.5,CAM-05,Blackmagic,Jorge,"Location C - Rooftop (Exterior, Night)",exterior,95.0,-63.8,98.9,0.79,30.6,OK,36.4,1,211,True,True
2026-08-29T14:47:00,467.0,CAM-01,Sony FX6,Ariel,"Location C - Rooftop (Exterior, Night)",exterior,18.0,-55.1,98.8,0.95,30.7,OK,47.3,0,35,True,True
2026-08-29T14:47:00,467.0,CAM-02,Sony FX6,Marlon,"Location C - Rooftop (Exterior, Night)",exterior,32.0,-58.5,98.8,0.92,31.0,OK,46.7,0,35,True,True
2026-08-29T14:47:00,467.0,CAM-03,Sony FX3,Kiko,"Location C - Rooftop (Exterior, Night)",exterior,68.0,-65.3,97.8,0.61,30.1,DEGRADED,30.3,12,250,True,True
2026-08-29T14:47:00,467.0,CAM-04,Sony FX3,Dennis,"Location C - Rooftop (Exterior, Night)",exterior,45.0,-59.5,98.3,0.88,30.4,OK,46.7,0,35,True,True
2026-08-29T14:47:00,467.0,CAM-05,Blackmagic,Jorge,"Location C - Rooftop (Exterior, Night)",exterior,95.0,-64.2,98.9,0.79,30.7,OK,34.4,33,256,True,True
2026-08-29T14:47:30,467.5,CAM-01,Sony FX6,Ariel,"Location C - Rooftop (Exterior, Night)",exterior,18.0,-55.5,98.4,0.95,31.3,OK,46.2,0,35,True,True
2026-08-29T14:47:30,467.5,CAM-02,Sony FX6,Marlon,"Location C - Rooftop (Exterior, Night)",exterior,32.0,-56.4,98.4,0.92,30.9,OK,49.6,0,35,True,True
2026-08-29T14:47:30,467.5,CAM-03,Sony FX3,Kiko,"Location C - Rooftop (Exterior, Night)",exterior,68.0,-62.0,97.6,0.61,30.4,OK,40.5,15,147,True,True
2026-08-29T14:47:30,467.5,CAM-04,Sony FX3,Dennis,"Location C - Rooftop (Exterior, Night)",exterior,45.0,-59.3,97.8,0.88,30.7,OK,46.3,0,35,True,True
2026-08-29T14:47:30,467.5,CAM-05,Blackmagic,Jorge,"Location C - Rooftop (Exterior, Night)",exterior,95.0,-64.2,98.8,0.79,31.4,OK,33.5,22,76,True,True
2026-08-29T14:48:00,468.0,CAM-01,Sony FX6,Ariel,"Location C - Rooftop (Exterior, Night)",exterior,18.0,-55.2,97.6,0.95,31.3,OK,46.7,0,35,True,True
2026-08-29T14:48:00,468.0,CAM-02,Sony FX6,Marlon,"Location C - Rooftop (Exterior, Night)",exterior,32.0,-59.6,97.4,0.92,30.8,OK,48.3,0,35,True,True
2026-08-29T14:48:00,468.0,CAM-03,Sony FX3,Kiko,"Location C - Rooftop (Exterior, Night)",exterior,68.0,-57.7,96.8,0.61,30.7,OK,45.1,0,35,True,True
2026-08-29T14:48:00,468.0,CAM-04,Sony FX3,Dennis,"Location C - Rooftop (Exterior, Night)",exterior,45.0,-64.4,97.7,0.88,30.6,OK,32.5,35,187,True,True
2026-08-29T14:48:00,468.0,CAM-05,Blackmagic,Jorge,"Location C - Rooftop (Exterior, Night)",exterior,95.0,-64.4,97.9,0.79,31.3,OK,35.0,38,143,True,True
2026-08-29T14:48:30,468.5,CAM-01,Sony FX6,Ariel,"Location C - Rooftop (Exterior, Night)",exterior,18.0,-56.6,98.1,0.95,30.8,OK,49.5,0,35,True,True
2026-08-29T14:48:30,468.5,CAM-02,Sony FX6,Marlon,"Location C - Rooftop (Exterior, Night)",exterior,32.0,-55.9,97.3,0.92,31.2,OK,47.5,0,35,True,True
2026-08-29T14:48:30,468.5,CAM-03,Sony FX3,Kiko,"Location C - Rooftop (Exterior, Night)",exterior,68.0,-64.1,96.9,0.61,30.1,OK,34.8,14,67,True,True
2026-08-29T14:48:30,468.5,CAM-04,Sony FX3,Dennis,"Location C - Rooftop (Exterior, Night)",exterior,45.0,-63.4,97.6,0.88,30.6,OK,39.7,19,80,True,True
2026-08-29T14:48:30,468.5,CAM-05,Blackmagic,Jorge,"Location C - Rooftop (Exterior, Night)",exterior,95.0,-65.3,97.8,0.79,32.0,DEGRADED,30.0,8,281,True,True
2026-08-29T14:49:00,469.0,CAM-01,Sony FX6,Ariel,"Location C - Rooftop (Exterior, Night)",exterior,18.0,-53.8,97.4,0.95,30.3,OK,46.3,0,35,True,True
2026-08-29T14:49:00,469.0,CAM-02,Sony FX6,Marlon,"Location C - Rooftop (Exterior, Night)",exterior,32.0,-59.9,98.0,0.92,30.3,OK,50.9,0,35,True,True
2026-08-29T14:49:00,469.0,CAM-03,Sony FX3,Kiko,"Location C - Rooftop (Exterior, Night)",exterior,68.0,-64.2,97.3,0.61,30.3,OK,32.7,25,123,True,True
2026-08-29T14:49:00,469.0,CAM-04,Sony FX3,Dennis,"Location C - Rooftop (Exterior, Night)",exterior,45.0,-58.0,97.7,0.88,30.1,OK,48.3,0,35,True,True
2026-08-29T14:49:00,469.0,CAM-05,Blackmagic,Jorge,"Location C - Rooftop (Exterior, Night)",exterior,95.0,-70.5,97.1,0.79,30.8,DEGRADED,11.6,26,437,True,True
2026-08-29T14:49:30,469.5,CAM-01,Sony FX6,Ariel,"Location C - Rooftop (Exterior, Night)",exterior,18.0,-51.9,97.5,0.95,32.2,OK,47.2,0,35,True,True
2026-08-29T14:49:30,469.5,CAM-02,Sony FX6,Marlon,"Location C - Rooftop (Exterior, Night)",exterior,32.0,-57.2,98.2,0.92,28.5,OK,49.0,0,35,True,True
2026-08-29T14:49:30,469.5,CAM-03,Sony FX3,Kiko,"Location C - Rooftop (Exterior, Night)",exterior,68.0,-60.2,96.4,0.61,29.5,OK,48.1,1,42,True,True
2026-08-29T14:49:30,469.5,CAM-04,Sony FX3,Dennis,"Location C - Rooftop (Exterior, Night)",exterior,45.0,-60.6,98.2,0.88,31.5,OK,44.1,3,53,True,True
2026-08-29T14:49:30,469.5,CAM-05,Blackmagic,Jorge,"Location C - Rooftop (Exterior, Night)",exterior,95.0,-63.1,98.2,0.79,30.1,OK,38.4,11,65,True,True
2026-08-29T14:50:00,470.0,CAM-01,Sony FX6,Ariel,"Location C - Rooftop (Exterior, Night)",exterior,18.0,-55.7,98.2,0.95,30.9,OK,46.3,0,35,True,True
2026-08-29T14:50:00,470.0,CAM-02,Sony FX6,Marlon,"Location C - Rooftop (Exterior, Night)",exterior,32.0,-56.5,97.3,0.92,31.3,OK,50.2,0,35,True,True
2026-08-29T14:50:00,470.0,CAM-03,Sony FX3,Kiko,"Location C - Rooftop (Exterior, Night)",exterior,68.0,-68.8,96.2,0.61,30.9,DEGRADED,20.1,63,439,True,True
2026-08-29T14:50:00,470.0,CAM-04,Sony FX3,Dennis,"Location C - Rooftop (Exterior, Night)",exterior,45.0,-59.4,96.8,0.88,29.9,OK,48.2,0,35,True,True
2026-08-29T14:50:00,470.0,CAM-05,Blackmagic,Jorge,"Location C - Rooftop (Exterior, Night)",exterior,95.0,-68.7,97.2,0.79,30.6,DEGRADED,20.7,72,328,True,True
2026-08-29T14:50:30,470.5,CAM-01,Sony FX6,Ariel,"Location C - Rooftop (Exterior, Night)",exterior,18.0,-51.4,97.3,0.95,31.4,OK,48.7,0,35,True,True
2026-08-29T14:50:30,470.5,CAM-02,Sony FX6,Marlon,"Location C - Rooftop (Exterior, Night)",exterior,32.0,-58.3,96.8,0.92,30.4,OK,46.8,0,35,True,True
2026-08-29T14:50:30,470.5,CAM-03,Sony FX3,Kiko,"Location C - Rooftop (Exterior, Night)",exterior,68.0,-63.2,96.9,0.61,31.9,OK,37.7,21,93,True,True
2026-08-29T14:50:30,470.5,CAM-04,Sony FX3,Dennis,"Location C - Rooftop (Exterior, Night)",exterior,45.0,-57.1,97.3,0.88,29.5,OK,48.2,0,35,True,True
2026-08-29T14:50:30,470.5,CAM-05,Blackmagic,Jorge,"Location C - Rooftop (Exterior, Night)",exterior,95.0,-66.2,97.6,0.79,30.8,DEGRADED,26.3,57,239,True,True
2026-08-29T14:51:00,471.0,CAM-01,Sony FX6,Ariel,"Location C - Rooftop (Exterior, Night)",exterior,18.0,-52.9,98.4,0.95,30.0,OK,49.8,0,35,True,True
2026-08-29T14:51:00,471.0,CAM-02,Sony FX6,Marlon,"Location C - Rooftop (Exterior, Night)",exterior,32.0,-56.5,98.1,0.92,31.3,OK,48.4,0,35,True,True
2026-08-29T14:51:00,471.0,CAM-03,Sony FX3,Kiko,"Location C - Rooftop (Exterior, Night)",exterior,68.0,-63.5,95.9,0.61,32.1,OK,38.3,30,139,True,True
2026-08-29T14:51:00,471.0,CAM-04,Sony FX3,Dennis,"Location C - Rooftop (Exterior, Night)",exterior,45.0,-59.9,96.9,0.88,32.0,OK,48.4,0,35,True,True
2026-08-29T14:51:00,471.0,CAM-05,Blackmagic,Jorge,"Location C - Rooftop (Exterior, Night)",exterior,95.0,-67.4,96.9,0.79,32.4,DEGRADED,26.2,10,375,True,True
2026-08-29T14:51:30,471.5,CAM-01,Sony FX6,Ariel,"Location C - Rooftop (Exterior, Night)",exterior,18.0,-56.6,97.9,0.95,31.1,OK,49.9,0,35,True,True
2026-08-29T14:51:30,471.5,CAM-02,Sony FX6,Marlon,"Location C - Rooftop (Exterior, Night)",exterior,32.0,-61.1,97.5,0.92,30.7,OK,45.3,4,100,True,True
2026-08-29T14:51:30,471.5,CAM-03,Sony FX3,Kiko,"Location C - Rooftop (Exterior, Night)",exterior,68.0,-65.4,96.3,0.61,30.4,DEGRADED,32.2,20,204,True,True
2026-08-29T14:51:30,471.5,CAM-04,Sony FX3,Dennis,"Location C - Rooftop (Exterior, Night)",exterior,45.0,-61.5,97.2,0.88,30.4,OK,42.9,1,58,True,True
2026-08-29T14:51:30,471.5,CAM-05,Blackmagic,Jorge,"Location C - Rooftop (Exterior, Night)",exterior,95.0,-64.2,96.1,0.79,31.0,OK,32.5,2,96,True,True
2026-08-29T14:52:00,472.0,CAM-01,Sony FX6,Ariel,"Location C - Rooftop (Exterior, Night)",exterior,18.0,-57.8,96.7,0.95,30.7,OK,49.6,0,35,True,True
2026-08-29T14:52:00,472.0,CAM-02,Sony FX6,Marlon,"Location C - Rooftop (Exterior, Night)",exterior,32.0,-61.9,97.5,0.92,31.6,OK,41.3,12,119,True,True
2026-08-29T14:52:00,472.0,CAM-03,Sony FX3,Kiko,"Location C - Rooftop (Exterior, Night)",exterior,68.0,-66.4,96.0,0.61,32.5,DEGRADED,25.1,16,405,True,True
2026-08-29T14:52:00,472.0,CAM-04,Sony FX3,Dennis,"Location C - Rooftop (Exterior, Night)",exterior,45.0,-59.1,97.6,0.88,32.2,OK,47.6,0,35,True,True
2026-08-29T14:52:00,472.0,CAM-05,Blackmagic,Jorge,"Location C - Rooftop (Exterior, Night)",exterior,95.0,-66.3,96.4,0.79,30.3,DEGRADED,29.4,49,258,True,True
2026-08-29T14:52:30,472.5,CAM-01,Sony FX6,Ariel,"Location C - Rooftop (Exterior, Night)",exterior,18.0,-51.6,97.7,0.95,28.8,OK,47.7,0,35,True,True
2026-08-29T14:52:30,472.5,CAM-02,Sony FX6,Marlon,"Location C - Rooftop (Exterior, Night)",exterior,32.0,-58.8,96.8,0.92,30.8,OK,45.3,0,35,True,True
2026-08-29T14:52:30,472.5,CAM-03,Sony FX3,Kiko,"Location C - Rooftop (Exterior, Night)",exterior,68.0,-62.8,95.3,0.61,29.6,OK,38.9,10,193,True,True
2026-08-29T14:52:30,472.5,CAM-04,Sony FX3,Dennis,"Location C - Rooftop (Exterior, Night)",exterior,45.0,-57.1,97.3,0.88,30.1,OK,44.7,0,35,True,True
2026-08-29T14:52:30,472.5,CAM-05,Blackmagic,Jorge,"Location C - Rooftop (Exterior, Night)",exterior,95.0,-65.8,97.1,0.79,30.8,DEGRADED,30.2,20,358,True,True
2026-08-29T14:53:00,473.0,CAM-01,Sony FX6,Ariel,"Location C - Rooftop (Exterior, Night)",exterior,18.0,-57.3,96.6,0.95,29.6,OK,47.2,0,35,True,True
2026-08-29T14:53:00,473.0,CAM-02,Sony FX6,Marlon,"Location C - Rooftop (Exterior, Night)",exterior,32.0,-59.3,96.7,0.92,32.3,OK,47.6,0,35,True,True
2026-08-29T14:53:00,473.0,CAM-03,Sony FX3,Kiko,"Location C - Rooftop (Exterior, Night)",exterior,68.0,-64.7,95.0,0.61,30.6,OK,33.7,16,269,True,True
2026-08-29T14:53:00,473.0,CAM-04,Sony FX3,Dennis,"Location C - Rooftop (Exterior, Night)",exterior,45.0,-61.3,97.6,0.88,31.3,OK,44.3,9,78,True,True
2026-08-29T14:53:00,473.0,CAM-05,Blackmagic,Jorge,"Location C - Rooftop (Exterior, Night)",exterior,95.0,-62.7,95.7,0.79,30.7,OK,40.2,23,74,True,True
2026-08-29T14:53:30,473.5,CAM-01,Sony FX6,Ariel,"Location C - Rooftop (Exterior, Night)",exterior,18.0,-50.7,96.7,0.95,31.3,OK,48.8,0,35,True,True
2026-08-29T14:53:30,473.5,CAM-02,Sony FX6,Marlon,"Location C - Rooftop (Exterior, Night)",exterior,32.0,-55.6,97.1,0.92,29.2,OK,49.3,0,35,True,True
2026-08-29T14:53:30,473.5,CAM-03,Sony FX3,Kiko,"Location C - Rooftop (Exterior, Night)",exterior,68.0,-60.1,95.5,0.61,30.8,OK,49.4,0,37,True,True
2026-08-29T14:53:30,473.5,CAM-04,Sony FX3,Dennis,"Location C - Rooftop (Exterior, Night)",exterior,45.0,-60.0,96.7,0.88,32.1,OK,49.0,0,35,True,True
2026-08-29T14:53:30,473.5,CAM-05,Blackmagic,Jorge,"Location C - Rooftop (Exterior, Night)",exterior,95.0,-65.6,96.4,0.79,31.4,DEGRADED,30.6,8,122,True,True
2026-08-29T14:54:00,474.0,CAM-01,Sony FX6,Ariel,"Location C - Rooftop (Exterior, Night)",exterior,18.0,-55.1,96.9,0.95,29.4,OK,47.8,0,35,True,True
2026-08-29T14:54:00,474.0,CAM-02,Sony FX6,Marlon,"Location C - Rooftop (Exterior, Night)",exterior,32.0,-57.4,96.6,0.92,28.8,OK,46.0,0,35,True,True
2026-08-29T14:54:00,474.0,CAM-03,Sony FX3,Kiko,"Location C - Rooftop (Exterior, Night)",exterior,68.0,-61.1,95.3,0.61,31.1,OK,43.0,7,62,True,True
2026-08-29T14:54:00,474.0,CAM-04,Sony FX3,Dennis,"Location C - Rooftop (Exterior, Night)",exterior,45.0,-63.5,96.6,0.88,30.9,OK,36.3,13,236,True,True
2026-08-29T14:54:00,474.0,CAM-05,Blackmagic,Jorge,"Location C - Rooftop (Exterior, Night)",exterior,95.0,-66.2,96.1,0.79,29.5,DEGRADED,27.3,22,76,True,True
2026-08-29T14:54:30,474.5,CAM-01,Sony FX6,Ariel,"Location C - Rooftop (Exterior, Night)",exterior,18.0,-54.8,97.1,0.95,31.2,OK,47.0,0,35,True,True
2026-08-29T14:54:30,474.5,CAM-02,Sony FX6,Marlon,"Location C - Rooftop (Exterior, Night)",exterior,32.0,-55.7,97.2,0.92,30.2,OK,45.8,0,35,True,True
2026-08-29T14:54:30,474.5,CAM-03,Sony FX3,Kiko,"Location C - Rooftop (Exterior, Night)",exterior,68.0,-64.1,95.3,0.61,31.2,OK,35.1,27,208,True,True
2026-08-29T14:54:30,474.5,CAM-04,Sony FX3,Dennis,"Location C - Rooftop (Exterior, Night)",exterior,45.0,-59.9,97.0,0.88,29.7,OK,50.2,0,35,True,True
2026-08-29T14:54:30,474.5,CAM-05,Blackmagic,Jorge,"Location C - Rooftop (Exterior, Night)",exterior,95.0,-62.1,95.8,0.79,31.0,OK,39.1,4,58,True,True
2026-08-29T14:55:00,475.0,CAM-01,Sony FX6,Ariel,"Location C - Rooftop (Exterior, Night)",exterior,18.0,-50.9,95.2,0.95,30.7,OK,46.1,0,35,True,True
2026-08-29T14:55:00,475.0,CAM-02,Sony FX6,Marlon,"Location C - Rooftop (Exterior, Night)",exterior,32.0,-54.0,96.7,0.92,30.7,OK,47.8,0,35,True,True
2026-08-29T14:55:00,475.0,CAM-03,Sony FX3,Kiko,"Location C - Rooftop (Exterior, Night)",exterior,68.0,-65.4,94.4,0.61,31.6,DEGRADED,30.8,5,157,True,True
2026-08-29T14:55:00,475.0,CAM-04,Sony FX3,Dennis,"Location C - Rooftop (Exterior, Night)",exterior,45.0,-60.3,96.8,0.88,30.5,OK,45.9,0,50,True,True
2026-08-29T14:55:00,475.0,CAM-05,Blackmagic,Jorge,"Location C - Rooftop (Exterior, Night)",exterior,95.0,-63.4,95.7,0.79,31.5,OK,37.1,13,188,True,True
2026-08-29T14:55:30,475.5,CAM-01,Sony FX6,Ariel,"Location C - Rooftop (Exterior, Night)",exterior,18.0,-53.9,95.9,0.95,30.2,OK,47.9,0,35,True,True
2026-08-29T14:55:30,475.5,CAM-02,Sony FX6,Marlon,"Location C - Rooftop (Exterior, Night)",exterior,32.0,-54.6,95.6,0.92,31.2,OK,50.6,0,35,True,True
2026-08-29T14:55:30,475.5,CAM-03,Sony FX3,Kiko,"Location C - Rooftop (Exterior, Night)",exterior,68.0,-65.1,94.4,0.61,30.5,OK,29.8,3,171,True,True
2026-08-29T14:55:30,475.5,CAM-04,Sony FX3,Dennis,"Location C - Rooftop (Exterior, Night)",exterior,45.0,-64.7,96.4,0.88,30.8,OK,33.5,13,295,True,True
2026-08-29T14:55:30,475.5,CAM-05,Blackmagic,Jorge,"Location C - Rooftop (Exterior, Night)",exterior,95.0,-66.6,95.9,0.79,30.7,DEGRADED,25.6,1,121,True,True
2026-08-29T14:56:00,476.0,CAM-01,Sony FX6,Ariel,"Location C - Rooftop (Exterior, Night)",exterior,18.0,-53.4,96.4,0.95,31.1,OK,47.4,0,35,True,True
2026-08-29T14:56:00,476.0,CAM-02,Sony FX6,Marlon,"Location C - Rooftop (Exterior, Night)",exterior,32.0,-56.3,96.4,0.92,29.9,OK,47.8,0,35,True,True
2026-08-29T14:56:00,476.0,CAM-03,Sony FX3,Kiko,"Location C - Rooftop (Exterior, Night)",exterior,68.0,-61.7,94.3,0.61,31.6,OK,39.8,7,88,True,True
2026-08-29T14:56:00,476.0,CAM-04,Sony FX3,Dennis,"Location C - Rooftop (Exterior, Night)",exterior,45.0,-64.7,96.0,0.88,30.8,OK,32.0,15,185,True,True
2026-08-29T14:56:00,476.0,CAM-05,Blackmagic,Jorge,"Location C - Rooftop (Exterior, Night)",exterior,95.0,-61.6,95.1,0.79,30.9,OK,43.6,13,103,True,True
2026-08-29T14:56:30,476.5,CAM-01,Sony FX6,Ariel,"Location C - Rooftop (Exterior, Night)",exterior,18.0,-53.0,96.2,0.95,30.2,OK,49.2,0,35,True,True
2026-08-29T14:56:30,476.5,CAM-02,Sony FX6,Marlon,"Location C - Rooftop (Exterior, Night)",exterior,32.0,-59.8,95.9,0.92,31.1,OK,49.5,0,35,True,True
2026-08-29T14:56:30,476.5,CAM-03,Sony FX3,Kiko,"Location C - Rooftop (Exterior, Night)",exterior,68.0,-67.2,94.3,0.61,29.5,DEGRADED,25.8,29,88,True,True
2026-08-29T14:56:30,476.5,CAM-04,Sony FX3,Dennis,"Location C - Rooftop (Exterior, Night)",exterior,45.0,-61.5,96.1,0.88,30.1,OK,46.5,11,119,True,True
2026-08-29T14:56:30,476.5,CAM-05,Blackmagic,Jorge,"Location C - Rooftop (Exterior, Night)",exterior,95.0,-64.8,95.0,0.79,30.0,OK,30.5,37,225,True,True
2026-08-29T14:57:00,477.0,CAM-01,Sony FX6,Ariel,"Location C - Rooftop (Exterior, Night)",exterior,18.0,-55.6,96.1,0.95,31.1,OK,48.9,0,35,True,True
2026-08-29T14:57:00,477.0,CAM-02,Sony FX6,Marlon,"Location C - Rooftop (Exterior, Night)",exterior,32.0,-56.3,95.4,0.92,30.3,OK,50.2,0,35,True,True
2026-08-29T14:57:00,477.0,CAM-03,Sony FX3,Kiko,"Location C - Rooftop (Exterior, Night)",exterior,68.0,-61.2,93.9,0.61,31.1,OK,42.9,3,75,True,True
2026-08-29T14:57:00,477.0,CAM-04,Sony FX3,Dennis,"Location C - Rooftop (Exterior, Night)",exterior,45.0,-58.5,95.8,0.88,31.6,OK,46.8,0,35,True,True
2026-08-29T14:57:00,477.0,CAM-05,Blackmagic,Jorge,"Location C - Rooftop (Exterior, Night)",exterior,95.0,-72.0,95.0,0.79,29.8,CRITICAL,11.5,94,191,True,True
2026-08-29T14:57:30,477.5,CAM-01,Sony FX6,Ariel,"Location C - Rooftop (Exterior, Night)",exterior,18.0,-51.2,96.1,0.95,32.0,OK,45.4,0,35,True,True
2026-08-29T14:57:30,477.5,CAM-02,Sony FX6,Marlon,"Location C - Rooftop (Exterior, Night)",exterior,32.0,-54.9,95.4,0.92,30.7,OK,48.4,0,35,True,True
2026-08-29T14:57:30,477.5,CAM-03,Sony FX3,Kiko,"Location C - Rooftop (Exterior, Night)",exterior,68.0,-60.7,93.7,0.61,30.7,OK,47.3,1,66,True,True
2026-08-29T14:57:30,477.5,CAM-04,Sony FX3,Dennis,"Location C - Rooftop (Exterior, Night)",exterior,45.0,-62.5,95.8,0.88,29.6,OK,39.8,3,99,True,True
2026-08-29T14:57:30,477.5,CAM-05,Blackmagic,Jorge,"Location C - Rooftop (Exterior, Night)",exterior,95.0,-67.2,95.0,0.79,30.0,DEGRADED,28.0,45,369,True,True
2026-08-29T14:58:00,478.0,CAM-01,Sony FX6,Ariel,"Location C - Rooftop (Exterior, Night)",exterior,18.0,-56.6,95.6,0.95,30.9,OK,50.3,0,35,True,True
2026-08-29T14:58:00,478.0,CAM-02,Sony FX6,Marlon,"Location C - Rooftop (Exterior, Night)",exterior,32.0,-61.6,96.1,0.92,30.2,OK,44.3,8,124,True,True
2026-08-29T14:58:00,478.0,CAM-03,Sony FX3,Kiko,"Location C - Rooftop (Exterior, Night)",exterior,68.0,-59.9,93.3,0.61,30.5,OK,48.6,0,35,True,True
2026-08-29T14:58:00,478.0,CAM-04,Sony FX3,Dennis,"Location C - Rooftop (Exterior, Night)",exterior,45.0,-60.9,95.5,0.88,31.1,OK,43.5,3,61,True,True
2026-08-29T14:58:00,478.0,CAM-05,Blackmagic,Jorge,"Location C - Rooftop (Exterior, Night)",exterior,95.0,-67.6,94.7,0.79,31.0,DEGRADED,22.7,40,416,True,True
2026-08-29T14:58:30,478.5,CAM-01,Sony FX6,Ariel,"Location C - Rooftop (Exterior, Night)",exterior,18.0,-53.0,95.9,0.95,30.5,OK,48.2,0,35,True,True
2026-08-29T14:58:30,478.5,CAM-02,Sony FX6,Marlon,"Location C - Rooftop (Exterior, Night)",exterior,32.0,-61.0,95.8,0.92,32.7,OK,46.7,7,94,True,True
2026-08-29T14:58:30,478.5,CAM-03,Sony FX3,Kiko,"Location C - Rooftop (Exterior, Night)",exterior,68.0,-61.2,93.7,0.61,30.5,OK,44.6,8,67,True,True
2026-08-29T14:58:30,478.5,CAM-04,Sony FX3,Dennis,"Location C - Rooftop (Exterior, Night)",exterior,45.0,-57.2,95.3,0.88,31.3,OK,48.9,0,35,True,True
2026-08-29T14:58:30,478.5,CAM-05,Blackmagic,Jorge,"Location C - Rooftop (Exterior, Night)",exterior,95.0,-65.4,94.7,0.79,31.7,DEGRADED,32.3,46,132,True,True
2026-08-29T14:59:00,479.0,CAM-01,Sony FX6,Ariel,"Location C - Rooftop (Exterior, Night)",exterior,18.0,-56.8,96.1,0.95,31.7,OK,45.1,0,35,True,True
2026-08-29T14:59:00,479.0,CAM-02,Sony FX6,Marlon,"Location C - Rooftop (Exterior, Night)",exterior,32.0,-62.6,96.3,0.92,31.0,OK,40.8,22,103,True,True
2026-08-29T14:59:00,479.0,CAM-03,Sony FX3,Kiko,"Location C - Rooftop (Exterior, Night)",exterior,68.0,-63.9,93.3,0.61,30.5,OK,37.1,14,220,True,True
2026-08-29T14:59:00,479.0,CAM-04,Sony FX3,Dennis,"Location C - Rooftop (Exterior, Night)",exterior,45.0,-61.1,95.1,0.88,30.4,OK,44.4,7,42,True,True
2026-08-29T14:59:00,479.0,CAM-05,Blackmagic,Jorge,"Location C - Rooftop (Exterior, Night)",exterior,95.0,-64.6,93.9,0.79,30.9,OK,35.1,35,140,True,True
2026-08-29T14:59:30,479.5,CAM-01,Sony FX6,Ariel,"Location C - Rooftop (Exterior, Night)",exterior,18.0,-57.7,95.3,0.95,30.8,OK,48.6,0,35,True,True
2026-08-29T14:59:30,479.5,CAM-02,Sony FX6,Marlon,"Location C - Rooftop (Exterior, Night)",exterior,32.0,-57.7,94.9,0.92,31.5,OK,48.1,0,35,True,True
2026-08-29T14:59:30,479.5,CAM-03,Sony FX3,Kiko,"Location C - Rooftop (Exterior, Night)",exterior,68.0,-60.7,93.5,0.61,30.0,OK,49.4,2,76,True,True
2026-08-29T14:59:30,479.5,CAM-04,Sony FX3,Dennis,"Location C - Rooftop (Exterior, Night)",exterior,45.0,-58.3,95.1,0.88,31.3,OK,46.4,0,35,True,True
2026-08-29T14:59:30,479.5,CAM-05,Blackmagic,Jorge,"Location C - Rooftop (Exterior, Night)",exterior,95.0,-68.5,94.4,0.79,30.2,DEGRADED,21.3,53,89,True,True
2026-08-29T15:00:00,480.0,CAM-01,Sony FX6,Ariel,"Location C - Rooftop (Exterior, Night)",exterior,18.0,-54.9,94.4,0.95,31.3,OK,49.0,0,35,True,True
2026-08-29T15:00:00,480.0,CAM-02,Sony FX6,Marlon,"Location C - Rooftop (Exterior, Night)",exterior,32.0,-57.2,95.1,0.92,32.7,OK,47.4,0,35,True,True
2026-08-29T15:00:00,480.0,CAM-03,Sony FX3,Kiko,"Location C - Rooftop (Exterior, Night)",exterior,68.0,-58.4,92.3,0.61,31.2,OK,45.8,0,35,True,True
2026-08-29T15:00:00,480.0,CAM-04,Sony FX3,Dennis,"Location C - Rooftop (Exterior, Night)",exterior,45.0,-62.8,94.9,0.88,31.8,OK,38.2,5,171,True,True
2026-08-29T15:00:00,480.0,CAM-05,Blackmagic,Jorge,"Location C - Rooftop (Exterior, Night)",exterior,95.0,-62.0,94.8,0.79,31.4,OK,39.8,14,62,True,True
2026-08-29T15:00:30,480.5,CAM-01,Sony FX6,Ariel,"Location C - Rooftop (Exterior, Night)",exterior,18.0,-52.9,94.8,0.95,30.6,OK,46.7,0,35,True,True
2026-08-29T15:00:30,480.5,CAM-02,Sony FX6,Marlon,"Location C - Rooftop (Exterior, Night)",exterior,32.0,-57.6,95.8,0.92,30.1,OK,47.5,0,35,True,True
2026-08-29T15:00:30,480.5,CAM-03,Sony FX3,Kiko,"Location C - Rooftop (Exterior, Night)",exterior,68.0,-62.6,92.7,0.61,30.3,OK,39.5,16,67,True,True
2026-08-29T15:00:30,480.5,CAM-04,Sony FX3,Dennis,"Location C - Rooftop (Exterior, Night)",exterior,45.0,-57.0,95.0,0.88,30.9,OK,45.8,0,35,True,True
2026-08-29T15:00:30,480.5,CAM-05,Blackmagic,Jorge,"Location C - Rooftop (Exterior, Night)",exterior,95.0,-67.4,94.3,0.79,31.3,DEGRADED,24.1,19,271,True,True
2026-08-29T15:01:00,481.0,CAM-01,Sony FX6,Ariel,"Location C - Rooftop (Exterior, Night)",exterior,18.0,-51.1,95.7,0.95,32.5,OK,49.3,0,35,True,True
2026-08-29T15:01:00,481.0,CAM-02,Sony FX6,Marlon,"Location C - Rooftop (Exterior, Night)",exterior,32.0,-56.6,94.7,0.92,30.9,OK,45.4,0,35,True,True
2026-08-29T15:01:00,481.0,CAM-03,Sony FX3,Kiko,"Location C - Rooftop (Exterior, Night)",exterior,68.0,-64.2,92.0,0.61,30.8,OK,37.3,9,221,True,True
2026-08-29T15:01:00,481.0,CAM-04,Sony FX3,Dennis,"Location C - Rooftop (Exterior, Night)",exterior,45.0,-57.8,94.9,0.88,31.1,OK,46.8,0,35,True,True
2026-08-29T15:01:00,481.0,CAM-05,Blackmagic,Jorge,"Location C - Rooftop (Exterior, Night)",exterior,95.0,-65.4,94.2,0.79,31.9,DEGRADED,30.4,24,329,True,True
2026-08-29T15:01:30,481.5,CAM-01,Sony FX6,Ariel,"Location C - Rooftop (Exterior, Night)",exterior,18.0,-54.5,94.8,0.95,29.9,OK,47.5,0,35,True,True
2026-08-29T15:01:30,481.5,CAM-02,Sony FX6,Marlon,"Location C - Rooftop (Exterior, Night)",exterior,32.0,-56.7,94.6,0.92,31.5,OK,47.9,0,35,True,True
2026-08-29T15:01:30,481.5,CAM-03,Sony FX3,Kiko,"Location C - Rooftop (Exterior, Night)",exterior,68.0,-63.6,92.8,0.61,30.3,OK,38.4,20,142,True,True
2026-08-29T15:01:30,481.5,CAM-04,Sony FX3,Dennis,"Location C - Rooftop (Exterior, Night)",exterior,45.0,-59.8,94.7,0.88,31.7,OK,49.0,0,35,True,True
2026-08-29T15:01:30,481.5,CAM-05,Blackmagic,Jorge,"Location C - Rooftop (Exterior, Night)",exterior,95.0,-66.7,94.0,0.79,30.5,DEGRADED,25.6,35,79,True,True
2026-08-29T15:02:00,482.0,CAM-01,Sony FX6,Ariel,"Location C - Rooftop (Exterior, Night)",exterior,18.0,-53.2,94.7,0.95,30.9,OK,46.6,0,35,True,True
2026-08-29T15:02:00,482.0,CAM-02,Sony FX6,Marlon,"Location C - Rooftop (Exterior, Night)",exterior,32.0,-55.6,94.7,0.92,31.6,OK,48.0,0,35,True,True
2026-08-29T15:02:00,482.0,CAM-03,Sony FX3,Kiko,"Location C - Rooftop (Exterior, Night)",exterior,68.0,-65.2,92.1,0.61,31.9,OK,34.2,16,336,True,True
2026-08-29T15:02:00,482.0,CAM-04,Sony FX3,Dennis,"Location C - Rooftop (Exterior, Night)",exterior,45.0,-61.8,94.2,0.88,30.8,OK,42.9,7,63,True,True
2026-08-29T15:02:00,482.0,CAM-05,Blackmagic,Jorge,"Location C - Rooftop (Exterior, Night)",exterior,95.0,-67.4,93.6,0.79,30.9,DEGRADED,25.2,1,390,True,True
2026-08-29T15:02:30,482.5,CAM-01,Sony FX6,Ariel,"Location C - Rooftop (Exterior, Night)",exterior,18.0,-56.6,95.6,0.95,30.5,OK,50.8,0,35,True,True
2026-08-29T15:02:30,482.5,CAM-02,Sony FX6,Marlon,"Location C - Rooftop (Exterior, Night)",exterior,32.0,-56.4,94.4,0.92,31.6,OK,45.4,0,35,True,True
2026-08-29T15:02:30,482.5,CAM-03,Sony FX3,Kiko,"Location C - Rooftop (Exterior, Night)",exterior,68.0,-61.2,92.3,0.61,30.0,OK,44.0,7,51,True,True
2026-08-29T15:02:30,482.5,CAM-04,Sony FX3,Dennis,"Location C - Rooftop (Exterior, Night)",exterior,45.0,-63.4,93.6,0.88,32.7,OK,36.5,23,93,True,True
2026-08-29T15:02:30,482.5,CAM-05,Blackmagic,Jorge,"Location C - Rooftop (Exterior, Night)",exterior,95.0,-63.4,93.5,0.79,31.2,OK,35.5,27,97,True,True
2026-08-29T15:03:00,483.0,CAM-01,Sony FX6,Ariel,"Location C - Rooftop (Exterior, Night)",exterior,18.0,-53.3,95.0,0.95,30.5,OK,47.0,0,35,True,True
2026-08-29T15:03:00,483.0,CAM-02,Sony FX6,Marlon,"Location C - Rooftop (Exterior, Night)",exterior,32.0,-59.3,94.5,0.92,31.8,OK,47.8,0,35,True,True
2026-08-29T15:03:00,483.0,CAM-03,Sony FX3,Kiko,"Location C - Rooftop (Exterior, Night)",exterior,68.0,-66.1,92.1,0.61,30.4,DEGRADED,31.5,49,280,True,True
2026-08-29T15:03:00,483.0,CAM-04,Sony FX3,Dennis,"Location C - Rooftop (Exterior, Night)",exterior,45.0,-58.8,93.8,0.88,29.8,OK,46.9,0,35,True,True
2026-08-29T15:03:00,483.0,CAM-05,Blackmagic,Jorge,"Location C - Rooftop (Exterior, Night)",exterior,95.0,-67.4,93.1,0.79,31.6,DEGRADED,25.5,59,462,True,True
2026-08-29T15:03:30,483.5,CAM-01,Sony FX6,Ariel,"Location C - Rooftop (Exterior, Night)",exterior,18.0,-56.4,94.1,0.95,30.9,OK,47.9,0,35,True,True
2026-08-29T15:03:30,483.5,CAM-02,Sony FX6,Marlon,"Location C - Rooftop (Exterior, Night)",exterior,32.0,-60.5,94.4,0.92,32.1,OK,48.6,1,56,True,True
2026-08-29T15:03:30,483.5,CAM-03,Sony FX3,Kiko,"Location C - Rooftop (Exterior, Night)",exterior,68.0,-59.1,91.4,0.61,31.4,OK,48.8,0,35,True,True
2026-08-29T15:03:30,483.5,CAM-04,Sony FX3,Dennis,"Location C - Rooftop (Exterior, Night)",exterior,45.0,-62.9,94.4,0.88,32.3,OK,39.5,19,90,True,True
2026-08-29T15:03:30,483.5,CAM-05,Blackmagic,Jorge,"Location C - Rooftop (Exterior, Night)",exterior,95.0,-62.7,92.5,0.79,32.0,OK,38.2,3,82,True,True
2026-08-29T15:04:00,484.0,CAM-01,Sony FX6,Ariel,"Location C - Rooftop (Exterior, Night)",exterior,18.0,-53.0,94.4,0.95,29.6,OK,48.7,0,35,True,True
2026-08-29T15:04:00,484.0,CAM-02,Sony FX6,Marlon,"Location C - Rooftop (Exterior, Night)",exterior,32.0,-58.3,95.3,0.92,30.5,OK,49.7,0,35,True,True
2026-08-29T15:04:00,484.0,CAM-03,Sony FX3,Kiko,"Location C - Rooftop (Exterior, Night)",exterior,68.0,-65.0,91.0,0.61,31.8,OK,33.5,10,329,True,True
2026-08-29T15:04:00,484.0,CAM-04,Sony FX3,Dennis,"Location C - Rooftop (Exterior, Night)",exterior,45.0,-65.2,93.3,0.88,30.8,OK,34.0,7,223,True,True
2026-08-29T15:04:00,484.0,CAM-05,Blackmagic,Jorge,"Location C - Rooftop (Exterior, Night)",exterior,95.0,-68.2,92.7,0.79,32.1,DEGRADED,21.3,24,259,True,True
2026-08-29T15:04:30,484.5,CAM-01,Sony FX6,Ariel,"Location C - Rooftop (Exterior, Night)",exterior,18.0,-56.9,94.6,0.95,31.3,OK,45.4,0,35,True,True
2026-08-29T15:04:30,484.5,CAM-02,Sony FX6,Marlon,"Location C - Rooftop (Exterior, Night)",exterior,32.0,-57.7,94.1,0.92,31.4,OK,49.4,0,35,True,True
2026-08-29T15:04:30,484.5,CAM-03,Sony FX3,Kiko,"Location C - Rooftop (Exterior, Night)",exterior,68.0,-66.9,91.3,0.61,30.9,DEGRADED,26.0,46,117,True,True
2026-08-29T15:04:30,484.5,CAM-04,Sony FX3,Dennis,"Location C - Rooftop (Exterior, Night)",exterior,45.0,-63.0,93.7,0.88,30.7,OK,36.4,12,188,True,True
2026-08-29T15:04:30,484.5,CAM-05,Blackmagic,Jorge,"Location C - Rooftop (Exterior, Night)",exterior,95.0,-69.2,93.6,0.79,30.6,DEGRADED,17.6,38,323,True,True
2026-08-29T15:05:00,485.0,CAM-01,Sony FX6,Ariel,"Location C - Rooftop (Exterior, Night)",exterior,18.0,-52.1,93.7,0.95,30.5,OK,50.0,0,35,True,True
2026-08-29T15:05:00,485.0,CAM-02,Sony FX6,Marlon,"Location C - Rooftop (Exterior, Night)",exterior,32.0,-57.2,94.3,0.92,30.2,OK,49.0,0,35,True,True
2026-08-29T15:05:00,485.0,CAM-03,Sony FX3,Kiko,"Location C - Rooftop (Exterior, Night)",exterior,68.0,-61.0,91.1,0.61,32.4,OK,44.0,2,70,True,True
2026-08-29T15:05:00,485.0,CAM-04,Sony FX3,Dennis,"Location C - Rooftop (Exterior, Night)",exterior,45.0,-61.7,93.5,0.88,31.1,OK,44.5,9,68,True,True
2026-08-29T15:05:00,485.0,CAM-05,Blackmagic,Jorge,"Location C - Rooftop (Exterior, Night)",exterior,95.0,-63.3,92.5,0.79,30.2,OK,34.8,24,175,True,True
2026-08-29T15:05:30,485.5,CAM-01,Sony FX6,Ariel,"Location C - Rooftop (Exterior, Night)",exterior,18.0,-52.8,94.5,0.95,30.8,OK,46.7,0,35,True,True
2026-08-29T15:05:30,485.5,CAM-02,Sony FX6,Marlon,"Location C - Rooftop (Exterior, Night)",exterior,32.0,-57.5,93.7,0.92,31.0,OK,48.3,0,35,True,True
2026-08-29T15:05:30,485.5,CAM-03,Sony FX3,Kiko,"Location C - Rooftop (Exterior, Night)",exterior,68.0,-63.2,91.7,0.61,30.9,OK,37.3,29,123,True,True
2026-08-29T15:05:30,485.5,CAM-04,Sony FX3,Dennis,"Location C - Rooftop (Exterior, Night)",exterior,45.0,-59.2,93.8,0.88,30.8,OK,49.6,0,35,True,True
2026-08-29T15:05:30,485.5,CAM-05,Blackmagic,Jorge,"Location C - Rooftop (Exterior, Night)",exterior,95.0,-66.9,92.8,0.79,31.2,DEGRADED,25.1,15,196,True,True
2026-08-29T15:06:00,486.0,CAM-01,Sony FX6,Ariel,"Location C - Rooftop (Exterior, Night)",exterior,18.0,-54.4,94.1,0.95,31.6,OK,48.3,0,35,True,True
2026-08-29T15:06:00,486.0,CAM-02,Sony FX6,Marlon,"Location C - Rooftop (Exterior, Night)",exterior,32.0,-54.6,93.9,0.92,30.5,OK,49.1,0,35,True,True
2026-08-29T15:06:00,486.0,CAM-03,Sony FX3,Kiko,"Location C - Rooftop (Exterior, Night)",exterior,68.0,-61.4,89.7,0.61,30.7,OK,48.7,0,52,True,True
2026-08-29T15:06:00,486.0,CAM-04,Sony FX3,Dennis,"Location C - Rooftop (Exterior, Night)",exterior,45.0,-57.1,93.0,0.88,30.1,OK,44.8,0,35,True,True
2026-08-29T15:06:00,486.0,CAM-05,Blackmagic,Jorge,"Location C - Rooftop (Exterior, Night)",exterior,95.0,-66.6,92.6,0.79,31.6,DEGRADED,24.2,8,147,True,True
2026-08-29T15:06:30,486.5,CAM-01,Sony FX6,Ariel,"Location C - Rooftop (Exterior, Night)",exterior,18.0,-53.8,93.8,0.95,30.0,OK,48.2,0,35,True,True
2026-08-29T15:06:30,486.5,CAM-02,Sony FX6,Marlon,"Location C - Rooftop (Exterior, Night)",exterior,32.0,-56.4,93.1,0.92,32.3,OK,45.9,0,35,True,True
2026-08-29T15:06:30,486.5,CAM-03,Sony FX3,Kiko,"Location C - Rooftop (Exterior, Night)",exterior,68.0,-63.5,90.1,0.61,32.8,OK,36.0,31,169,True,True
2026-08-29T15:06:30,486.5,CAM-04,Sony FX3,Dennis,"Location C - Rooftop (Exterior, Night)",exterior,45.0,-59.6,93.2,0.88,30.4,OK,45.2,0,35,True,True
2026-08-29T15:06:30,486.5,CAM-05,Blackmagic,Jorge,"Location C - Rooftop (Exterior, Night)",exterior,95.0,-61.8,93.3,0.79,30.5,OK,42.7,16,105,True,True
2026-08-29T15:07:00,487.0,CAM-01,Sony FX6,Ariel,"Location C - Rooftop (Exterior, Night)",exterior,18.0,-52.8,94.0,0.95,31.0,OK,50.9,0,35,True,True
2026-08-29T15:07:00,487.0,CAM-02,Sony FX6,Marlon,"Location C - Rooftop (Exterior, Night)",exterior,32.0,-55.1,94.1,0.92,30.2,OK,45.3,0,35,True,True
2026-08-29T15:07:00,487.0,CAM-03,Sony FX3,Kiko,"Location C - Rooftop (Exterior, Night)",exterior,68.0,-63.5,90.0,0.61,32.1,OK,39.0,0,134,True,True
2026-08-29T15:07:00,487.0,CAM-04,Sony FX3,Dennis,"Location C - Rooftop (Exterior, Night)",exterior,45.0,-59.8,93.3,0.88,31.4,OK,49.1,0,35,True,True
2026-08-29T15:07:00,487.0,CAM-05,Blackmagic,Jorge,"Location C - Rooftop (Exterior, Night)",exterior,95.0,-64.4,91.9,0.79,30.2,OK,34.7,36,128,True,True
2026-08-29T15:07:30,487.5,CAM-01,Sony FX6,Ariel,"Location C - Rooftop (Exterior, Night)",exterior,18.0,-55.3,93.1,0.95,29.4,OK,49.6,0,35,True,True
2026-08-29T15:07:30,487.5,CAM-02,Sony FX6,Marlon,"Location C - Rooftop (Exterior, Night)",exterior,32.0,-58.9,93.3,0.92,31.6,OK,48.6,0,35,True,True
2026-08-29T15:07:30,487.5,CAM-03,Sony FX3,Kiko,"Location C - Rooftop (Exterior, Night)",exterior,68.0,-61.1,89.6,0.61,30.3,OK,43.5,5,70,True,True
2026-08-29T15:07:30,487.5,CAM-04,Sony FX3,Dennis,"Location C - Rooftop (Exterior, Night)",exterior,45.0,-57.9,93.4,0.88,32.4,OK,48.6,0,35,True,True
2026-08-29T15:07:30,487.5,CAM-05,Blackmagic,Jorge,"Location C - Rooftop (Exterior, Night)",exterior,95.0,-66.8,92.5,0.79,30.2,DEGRADED,26.0,32,331,True,True
2026-08-29T15:08:00,488.0,CAM-01,Sony FX6,Ariel,"Location C - Rooftop (Exterior, Night)",exterior,18.0,-54.1,93.3,0.95,31.3,OK,46.7,0,35,True,True
2026-08-29T15:08:00,488.0,CAM-02,Sony FX6,Marlon,"Location C - Rooftop (Exterior, Night)",exterior,32.0,-54.9,93.3,0.92,30.6,OK,46.8,0,35,True,True
2026-08-29T15:08:00,488.0,CAM-03,Sony FX3,Kiko,"Location C - Rooftop (Exterior, Night)",exterior,68.0,-64.5,89.8,0.61,30.0,OK,33.8,0,292,True,True
2026-08-29T15:08:00,488.0,CAM-04,Sony FX3,Dennis,"Location C - Rooftop (Exterior, Night)",exterior,45.0,-60.6,92.8,0.88,32.1,OK,46.1,3,60,True,True
2026-08-29T15:08:00,488.0,CAM-05,Blackmagic,Jorge,"Location C - Rooftop (Exterior, Night)",exterior,95.0,-63.8,92.1,0.79,31.3,OK,36.7,7,139,True,True
2026-08-29T15:08:30,488.5,CAM-01,Sony FX6,Ariel,"Location C - Rooftop (Exterior, Night)",exterior,18.0,-51.3,93.5,0.95,30.8,OK,45.7,0,35,True,True
2026-08-29T15:08:30,488.5,CAM-02,Sony FX6,Marlon,"Location C - Rooftop (Exterior, Night)",exterior,32.0,-55.9,93.3,0.92,29.4,OK,49.1,0,35,True,True
2026-08-29T15:08:30,488.5,CAM-03,Sony FX3,Kiko,"Location C - Rooftop (Exterior, Night)",exterior,68.0,-61.1,89.7,0.61,30.5,OK,43.4,2,73,True,True
2026-08-29T15:08:30,488.5,CAM-04,Sony FX3,Dennis,"Location C - Rooftop (Exterior, Night)",exterior,45.0,-64.3,93.3,0.88,30.9,OK,36.0,22,279,True,True
2026-08-29T15:08:30,488.5,CAM-05,Blackmagic,Jorge,"Location C - Rooftop (Exterior, Night)",exterior,95.0,-67.4,92.4,0.79,30.3,DEGRADED,25.0,59,204,True,True
2026-08-29T15:09:00,489.0,CAM-01,Sony FX6,Ariel,"Location C - Rooftop (Exterior, Night)",exterior,18.0,-55.0,93.3,0.95,30.3,OK,48.6,0,35,True,True
2026-08-29T15:09:00,489.0,CAM-02,Sony FX6,Marlon,"Location C - Rooftop (Exterior, Night)",exterior,32.0,-56.8,92.4,0.92,31.2,OK,49.2,0,35,True,True
2026-08-29T15:09:00,489.0,CAM-03,Sony FX3,Kiko,"Location C - Rooftop (Exterior, Night)",exterior,68.0,-60.3,89.7,0.61,30.0,OK,47.8,0,48,True,True
2026-08-29T15:09:00,489.0,CAM-04,Sony FX3,Dennis,"Location C - Rooftop (Exterior, Night)",exterior,45.0,-58.5,93.1,0.88,31.8,OK,47.6,0,35,True,True
2026-08-29T15:09:00,489.0,CAM-05,Blackmagic,Jorge,"Location C - Rooftop (Exterior, Night)",exterior,95.0,-65.1,91.3,0.79,30.4,OK,31.8,32,83,True,True
2026-08-29T15:09:30,489.5,CAM-01,Sony FX6,Ariel,"Location C - Rooftop (Exterior, Night)",exterior,18.0,-56.8,93.2,0.95,32.1,OK,49.6,0,35,True,True
2026-08-29T15:09:30,489.5,CAM-02,Sony FX6,Marlon,"Location C - Rooftop (Exterior, Night)",exterior,32.0,-58.5,93.4,0.92,31.9,OK,50.4,0,35,True,True
2026-08-29T15:09:30,489.5,CAM-03,Sony FX3,Kiko,"Location C - Rooftop (Exterior, Night)",exterior,68.0,-61.8,89.7,0.61,31.3,OK,41.0,0,48,True,True
2026-08-29T15:09:30,489.5,CAM-04,Sony FX3,Dennis,"Location C - Rooftop (Exterior, Night)",exterior,45.0,-61.9,93.1,0.88,33.5,OK,42.9,12,113,True,True
2026-08-29T15:09:30,489.5,CAM-05,Blackmagic,Jorge,"Location C - Rooftop (Exterior, Night)",exterior,95.0,-67.9,91.5,0.79,31.4,DEGRADED,25.5,29,269,True,True
2026-08-29T15:10:00,490.0,CAM-01,Sony FX6,Ariel,"Location C - Rooftop (Exterior, Night)",exterior,18.0,-56.5,93.0,0.95,30.9,OK,48.6,0,35,True,True
2026-08-29T15:10:00,490.0,CAM-02,Sony FX6,Marlon,"Location C - Rooftop (Exterior, Night)",exterior,32.0,-57.5,92.5,0.92,29.6,OK,47.6,0,35,True,True
2026-08-29T15:10:00,490.0,CAM-03,Sony FX3,Kiko,"Location C - Rooftop (Exterior, Night)",exterior,68.0,-61.8,89.3,0.61,31.4,OK,43.3,15,141,True,True
2026-08-29T15:10:00,490.0,CAM-04,Sony FX3,Dennis,"Location C - Rooftop (Exterior, Night)",exterior,45.0,-66.3,92.6,0.88,30.8,DEGRADED,29.4,33,399,True,True
2026-08-29T15:10:00,490.0,CAM-05,Blackmagic,Jorge,"Location C - Rooftop (Exterior, Night)",exterior,95.0,-71.3,92.3,0.79,30.3,DEGRADED,12.6,53,394,True,True
2026-08-29T15:10:30,490.5,CAM-01,Sony FX6,Ariel,"Location C - Rooftop (Exterior, Night)",exterior,18.0,-53.6,93.1,0.95,30.4,OK,47.1,0,35,True,True
2026-08-29T15:10:30,490.5,CAM-02,Sony FX6,Marlon,"Location C - Rooftop (Exterior, Night)",exterior,32.0,-57.4,92.1,0.92,31.5,OK,48.3,0,35,True,True
2026-08-29T15:10:30,490.5,CAM-03,Sony FX3,Kiko,"Location C - Rooftop (Exterior, Night)",exterior,68.0,-61.8,88.8,0.61,30.1,OK,44.0,7,127,True,True
2026-08-29T15:10:30,490.5,CAM-04,Sony FX3,Dennis,"Location C - Rooftop (Exterior, Night)",exterior,45.0,-59.0,92.3,0.88,31.7,OK,48.7,0,35,True,True
2026-08-29T15:10:30,490.5,CAM-05,Blackmagic,Jorge,"Location C - Rooftop (Exterior, Night)",exterior,95.0,-65.9,92.4,0.79,31.3,DEGRADED,28.4,47,350,True,True
2026-08-29T15:11:00,491.0,CAM-01,Sony FX6,Ariel,"Location C - Rooftop (Exterior, Night)",exterior,18.0,-53.1,92.8,0.95,30.8,OK,48.3,0,35,True,True
2026-08-29T15:11:00,491.0,CAM-02,Sony FX6,Marlon,"Location C - Rooftop (Exterior, Night)",exterior,32.0,-56.7,93.1,0.92,30.0,OK,48.1,0,35,True,True
2026-08-29T15:11:00,491.0,CAM-03,Sony FX3,Kiko,"Location C - Rooftop (Exterior, Night)",exterior,68.0,-65.4,88.5,0.61,30.6,DEGRADED,31.4,4,99,True,True
2026-08-29T15:11:00,491.0,CAM-04,Sony FX3,Dennis,"Location C - Rooftop (Exterior, Night)",exterior,45.0,-61.8,92.5,0.88,29.6,OK,41.4,14,72,True,True
2026-08-29T15:11:00,491.0,CAM-05,Blackmagic,Jorge,"Location C - Rooftop (Exterior, Night)",exterior,95.0,-64.8,91.6,0.79,31.2,OK,31.5,24,121,True,True
2026-08-29T15:11:30,491.5,CAM-01,Sony FX6,Ariel,"Location C - Rooftop (Exterior, Night)",exterior,18.0,-56.1,92.6,0.95,30.9,OK,46.9,0,35,True,True
2026-08-29T15:11:30,491.5,CAM-02,Sony FX6,Marlon,"Location C - Rooftop (Exterior, Night)",exterior,32.0,-58.2,92.6,0.92,32.4,OK,47.0,0,35,True,True
2026-08-29T15:11:30,491.5,CAM-03,Sony FX3,Kiko,"Location C - Rooftop (Exterior, Night)",exterior,68.0,-62.0,88.7,0.61,30.5,OK,39.7,15,146,True,True
2026-08-29T15:11:30,491.5,CAM-04,Sony FX3,Dennis,"Location C - Rooftop (Exterior, Night)",exterior,45.0,-59.6,91.6,0.88,31.0,OK,50.0,0,35,True,True
2026-08-29T15:11:30,491.5,CAM-05,Blackmagic,Jorge,"Location C - Rooftop (Exterior, Night)",exterior,95.0,-66.0,92.1,0.79,31.4,DEGRADED,25.8,31,309,True,True
2026-08-29T15:12:00,492.0,CAM-01,Sony FX6,Ariel,"Location C - Rooftop (Exterior, Night)",exterior,18.0,-52.0,91.9,0.95,31.4,OK,46.0,0,35,True,True
2026-08-29T15:12:00,492.0,CAM-02,Sony FX6,Marlon,"Location C - Rooftop (Exterior, Night)",exterior,32.0,-60.3,92.8,0.92,29.6,OK,45.2,2,43,True,True
2026-08-29T15:12:00,492.0,CAM-03,Sony FX3,Kiko,"Location C - Rooftop (Exterior, Night)",exterior,68.0,-66.8,88.2,0.61,30.5,DEGRADED,30.1,13,92,True,True
2026-08-29T15:12:00,492.0,CAM-04,Sony FX3,Dennis,"Location C - Rooftop (Exterior, Night)",exterior,45.0,-57.3,92.4,0.88,30.6,OK,47.9,0,35,True,True
2026-08-29T15:12:00,492.0,CAM-05,Blackmagic,Jorge,"Location C - Rooftop (Exterior, Night)",exterior,95.0,-66.8,90.8,0.79,31.7,DEGRADED,25.8,5,330,True,True
2026-08-29T15:12:30,492.5,CAM-01,Sony FX6,Ariel,"Location C - Rooftop (Exterior, Night)",exterior,18.0,-52.2,92.9,0.95,30.0,OK,48.7,0,35,True,True
2026-08-29T15:12:30,492.5,CAM-02,Sony FX6,Marlon,"Location C - Rooftop (Exterior, Night)",exterior,32.0,-55.9,92.3,0.92,32.3,OK,48.0,0,35,True,True
2026-08-29T15:12:30,492.5,CAM-03,Sony FX3,Kiko,"Location C - Rooftop (Exterior, Night)",exterior,68.0,-61.2,88.0,0.61,30.6,OK,46.8,5,54,True,True
2026-08-29T15:12:30,492.5,CAM-04,Sony FX3,Dennis,"Location C - Rooftop (Exterior, Night)",exterior,45.0,-59.3,91.9,0.88,31.3,OK,46.7,0,35,True,True
2026-08-29T15:12:30,492.5,CAM-05,Blackmagic,Jorge,"Location C - Rooftop (Exterior, Night)",exterior,95.0,-70.8,91.1,0.79,31.4,DEGRADED,14.5,98,440,True,True
2026-08-29T15:13:00,493.0,CAM-01,Sony FX6,Ariel,"Location C - Rooftop (Exterior, Night)",exterior,18.0,-53.4,91.9,0.95,30.9,OK,49.1,0,35,True,True
2026-08-29T15:13:00,493.0,CAM-02,Sony FX6,Marlon,"Location C - Rooftop (Exterior, Night)",exterior,32.0,-58.3,92.7,0.92,29.4,OK,46.4,0,35,True,True
2026-08-29T15:13:00,493.0,CAM-03,Sony FX3,Kiko,"Location C - Rooftop (Exterior, Night)",exterior,68.0,-61.7,88.0,0.61,31.5,OK,43.2,11,136,True,True
2026-08-29T15:13:00,493.0,CAM-04,Sony FX3,Dennis,"Location C - Rooftop (Exterior, Night)",exterior,45.0,-60.7,92.0,0.88,29.6,OK,42.9,0,70,True,True
2026-08-29T15:13:00,493.0,CAM-05,Blackmagic,Jorge,"Location C - Rooftop (Exterior, Night)",exterior,95.0,-64.2,90.8,0.79,31.0,OK,32.9,9,67,True,True
2026-08-29T15:13:30,493.5,CAM-01,Sony FX6,Ariel,"Location C - Rooftop (Exterior, Night)",exterior,18.0,-54.4,92.1,0.95,29.1,OK,48.3,0,35,True,True
2026-08-29T15:13:30,493.5,CAM-02,Sony FX6,Marlon,"Location C - Rooftop (Exterior, Night)",exterior,32.0,-57.5,92.0,0.92,30.2,OK,47.7,0,35,True,True
2026-08-29T15:13:30,493.5,CAM-03,Sony FX3,Kiko,"Location C - Rooftop (Exterior, Night)",exterior,68.0,-61.6,88.1,0.61,30.4,OK,43.8,4,46,True,True
2026-08-29T15:13:30,493.5,CAM-04,Sony FX3,Dennis,"Location C - Rooftop (Exterior, Night)",exterior,45.0,-65.4,92.0,0.88,30.1,DEGRADED,31.9,44,171,True,True
2026-08-29T15:13:30,493.5,CAM-05,Blackmagic,Jorge,"Location C - Rooftop (Exterior, Night)",exterior,95.0,-67.4,90.3,0.79,30.4,DEGRADED,24.2,17,93,True,True
2026-08-29T15:14:00,494.0,CAM-01,Sony FX6,Ariel,"Location C - Rooftop (Exterior, Night)",exterior,18.0,-50.8,92.2,0.95,30.7,OK,48.4,0,35,True,True
2026-08-29T15:14:00,494.0,CAM-02,Sony FX6,Marlon,"Location C - Rooftop (Exterior, Night)",exterior,32.0,-60.3,92.0,0.92,31.0,OK,45.4,2,49,True,True
2026-08-29T15:14:00,494.0,CAM-03,Sony FX3,Kiko,"Location C - Rooftop (Exterior, Night)",exterior,68.0,-62.8,88.2,0.61,30.4,OK,38.5,5,77,True,True
2026-08-29T15:14:00,494.0,CAM-04,Sony FX3,Dennis,"Location C - Rooftop (Exterior, Night)",exterior,45.0,-59.7,91.5,0.88,30.6,OK,47.9,0,35,True,True
2026-08-29T15:14:00,494.0,CAM-05,Blackmagic,Jorge,"Location C - Rooftop (Exterior, Night)",exterior,95.0,-68.8,90.2,0.79,32.2,DEGRADED,15.7,22,81,True,True
2026-08-29T15:14:30,494.5,CAM-01,Sony FX6,Ariel,"Location C - Rooftop (Exterior, Night)",exterior,18.0,-52.4,91.9,0.95,30.5,OK,51.5,0,35,True,True
2026-08-29T15:14:30,494.5,CAM-02,Sony FX6,Marlon,"Location C - Rooftop (Exterior, Night)",exterior,32.0,-60.0,91.5,0.92,31.1,OK,49.1,0,35,True,True
2026-08-29T15:14:30,494.5,CAM-03,Sony FX3,Kiko,"Location C - Rooftop (Exterior, Night)",exterior,68.0,-65.3,87.4,0.61,30.8,DEGRADED,29.7,46,124,True,True
2026-08-29T15:14:30,494.5,CAM-04,Sony FX3,Dennis,"Location C - Rooftop (Exterior, Night)",exterior,45.0,-57.8,91.3,0.88,30.4,OK,45.5,0,35,True,True
2026-08-29T15:14:30,494.5,CAM-05,Blackmagic,Jorge,"Location C - Rooftop (Exterior, Night)",exterior,95.0,-61.8,89.9,0.79,31.0,OK,40.9,11,101,True,True
2026-08-29T15:15:00,495.0,CAM-01,Sony FX6,Ariel,"Location C - Rooftop (Exterior, Night)",exterior,18.0,-52.7,92.4,0.95,31.6,OK,47.9,0,35,True,True
2026-08-29T15:15:00,495.0,CAM-02,Sony FX6,Marlon,"Location C - Rooftop (Exterior, Night)",exterior,32.0,-58.1,91.2,0.92,31.3,OK,47.0,0,35,True,True
2026-08-29T15:15:00,495.0,CAM-03,Sony FX3,Kiko,"Location C - Rooftop (Exterior, Night)",exterior,68.0,-64.9,87.2,0.61,29.4,OK,33.8,12,190,True,True
2026-08-29T15:15:00,495.0,CAM-04,Sony FX3,Dennis,"Location C - Rooftop (Exterior, Night)",exterior,45.0,-61.2,90.3,0.88,31.4,OK,46.5,6,63,True,True
2026-08-29T15:15:00,495.0,CAM-05,Blackmagic,Jorge,"Location C - Rooftop (Exterior, Night)",exterior,95.0,-69.8,90.1,0.79,31.6,DEGRADED,16.4,56,549,True,True
2026-08-29T15:15:30,495.5,CAM-01,Sony FX6,Ariel,"Location C - Rooftop (Exterior, Night)",exterior,18.0,-55.2,91.4,0.95,30.7,OK,48.2,0,35,True,True
2026-08-29T15:15:30,495.5,CAM-02,Sony FX6,Marlon,"Location C - Rooftop (Exterior, Night)",exterior,32.0,-56.3,91.4,0.92,31.1,OK,48.7,0,35,True,True
2026-08-29T15:15:30,495.5,CAM-03,Sony FX3,Kiko,"Location C - Rooftop (Exterior, Night)",exterior,68.0,-67.2,87.8,0.61,30.3,DEGRADED,25.6,37,104,True,True
2026-08-29T15:15:30,495.5,CAM-04,Sony FX3,Dennis,"Location C - Rooftop (Exterior, Night)",exterior,45.0,-57.5,90.6,0.88,30.6,OK,48.2,0,35,True,True
2026-08-29T15:15:30,495.5,CAM-05,Blackmagic,Jorge,"Location C - Rooftop (Exterior, Night)",exterior,95.0,-65.2,90.2,0.79,30.7,OK,29.5,29,327,True,True
2026-08-29T15:16:00,496.0,CAM-01,Sony FX6,Ariel,"Location C - Rooftop (Exterior, Night)",exterior,18.0,-55.2,91.9,0.95,30.8,OK,49.0,0,35,True,True
2026-08-29T15:16:00,496.0,CAM-02,Sony FX6,Marlon,"Location C - Rooftop (Exterior, Night)",exterior,32.0,-58.9,91.5,0.92,30.4,OK,52.0,0,35,True,True
2026-08-29T15:16:00,496.0,CAM-03,Sony FX3,Kiko,"Location C - Rooftop (Exterior, Night)",exterior,68.0,-58.7,87.0,0.61,30.5,OK,47.4,0,35,True,True
2026-08-29T15:16:00,496.0,CAM-04,Sony FX3,Dennis,"Location C - Rooftop (Exterior, Night)",exterior,45.0,-59.8,90.8,0.88,30.2,OK,47.6,0,35,True,True
2026-08-29T15:16:00,496.0,CAM-05,Blackmagic,Jorge,"Location C - Rooftop (Exterior, Night)",exterior,95.0,-64.4,90.3,0.79,29.8,OK,32.1,2,58,True,True
2026-08-29T15:16:30,496.5,CAM-01,Sony FX6,Ariel,"Location C - Rooftop (Exterior, Night)",exterior,18.0,-52.0,91.4,0.95,31.2,OK,48.2,0,35,True,True
2026-08-29T15:16:30,496.5,CAM-02,Sony FX6,Marlon,"Location C - Rooftop (Exterior, Night)",exterior,32.0,-56.6,90.7,0.92,31.0,OK,47.4,0,35,True,True
2026-08-29T15:16:30,496.5,CAM-03,Sony FX3,Kiko,"Location C - Rooftop (Exterior, Night)",exterior,68.0,-60.6,87.1,0.61,31.2,OK,47.2,1,63,True,True
2026-08-29T15:16:30,496.5,CAM-04,Sony FX3,Dennis,"Location C - Rooftop (Exterior, Night)",exterior,45.0,-62.2,90.5,0.88,31.2,OK,41.5,4,49,True,True
2026-08-29T15:16:30,496.5,CAM-05,Blackmagic,Jorge,"Location C - Rooftop (Exterior, Night)",exterior,95.0,-65.7,89.4,0.79,30.7,DEGRADED,28.9,45,270,True,True
2026-08-29T15:17:00,497.0,CAM-01,Sony FX6,Ariel,"Location C - Rooftop (Exterior, Night)",exterior,18.0,-56.0,91.8,0.95,32.1,OK,48.7,0,35,True,True
2026-08-29T15:17:00,497.0,CAM-02,Sony FX6,Marlon,"Location C - Rooftop (Exterior, Night)",exterior,32.0,-56.1,90.4,0.92,30.5,OK,48.1,0,35,True,True
2026-08-29T15:17:00,497.0,CAM-03,Sony FX3,Kiko,"Location C - Rooftop (Exterior, Night)",exterior,68.0,-63.4,87.0,0.61,31.9,OK,38.7,29,137,True,True
2026-08-29T15:17:00,497.0,CAM-04,Sony FX3,Dennis,"Location C - Rooftop (Exterior, Night)",exterior,45.0,-62.5,90.3,0.88,29.5,OK,41.7,8,89,True,True
2026-08-29T15:17:00,497.0,CAM-05,Blackmagic,Jorge,"Location C - Rooftop (Exterior, Night)",exterior,95.0,-68.2,90.0,0.79,31.2,DEGRADED,22.2,75,318,True,True
2026-08-29T15:17:30,497.5,CAM-01,Sony FX6,Ariel,"Location C - Rooftop (Exterior, Night)",exterior,18.0,-53.6,91.3,0.95,31.1,OK,48.6,0,35,True,True
2026-08-29T15:17:30,497.5,CAM-02,Sony FX6,Marlon,"Location C - Rooftop (Exterior, Night)",exterior,32.0,-58.6,91.5,0.92,32.0,OK,48.8,0,35,True,True
2026-08-29T15:17:30,497.5,CAM-03,Sony FX3,Kiko,"Location C - Rooftop (Exterior, Night)",exterior,68.0,-61.8,86.5,0.61,31.0,OK,43.0,10,103,True,True
2026-08-29T15:17:30,497.5,CAM-04,Sony FX3,Dennis,"Location C - Rooftop (Exterior, Night)",exterior,45.0,-61.6,90.7,0.88,31.9,OK,41.8,0,117,True,True
2026-08-29T15:17:30,497.5,CAM-05,Blackmagic,Jorge,"Location C - Rooftop (Exterior, Night)",exterior,95.0,-65.9,89.6,0.79,31.0,DEGRADED,30.2,31,80,True,True
2026-08-29T15:18:00,498.0,CAM-01,Sony FX6,Ariel,"Location C - Rooftop (Exterior, Night)",exterior,18.0,-55.4,91.1,0.95,31.3,OK,49.2,0,35,True,True
2026-08-29T15:18:00,498.0,CAM-02,Sony FX6,Marlon,"Location C - Rooftop (Exterior, Night)",exterior,32.0,-55.6,90.5,0.92,30.3,OK,49.0,0,35,True,True
2026-08-29T15:18:00,498.0,CAM-03,Sony FX3,Kiko,"Location C - Rooftop (Exterior, Night)",exterior,68.0,-65.2,86.0,0.61,30.9,OK,34.3,27,302,True,True
2026-08-29T15:18:00,498.0,CAM-04,Sony FX3,Dennis,"Location C - Rooftop (Exterior, Night)",exterior,45.0,-59.6,90.7,0.88,31.4,OK,49.9,0,35,True,True
2026-08-29T15:18:00,498.0,CAM-05,Blackmagic,Jorge,"Location C - Rooftop (Exterior, Night)",exterior,95.0,-66.2,89.1,0.79,32.4,DEGRADED,27.5,43,208,True,True
2026-08-29T15:18:30,498.5,CAM-01,Sony FX6,Ariel,"Location C - Rooftop (Exterior, Night)",exterior,18.0,-54.8,90.6,0.95,29.4,OK,47.9,0,35,True,True
2026-08-29T15:18:30,498.5,CAM-02,Sony FX6,Marlon,"Location C - Rooftop (Exterior, Night)",exterior,32.0,-57.6,90.5,0.92,31.6,OK,48.3,0,35,True,True
2026-08-29T15:18:30,498.5,CAM-03,Sony FX3,Kiko,"Location C - Rooftop (Exterior, Night)",exterior,68.0,-64.3,86.5,0.61,31.6,OK,34.9,28,195,True,True
2026-08-29T15:18:30,498.5,CAM-04,Sony FX3,Dennis,"Location C - Rooftop (Exterior, Night)",exterior,45.0,-62.2,89.9,0.88,31.2,OK,37.7,14,64,True,True
2026-08-29T15:18:30,498.5,CAM-05,Blackmagic,Jorge,"Location C - Rooftop (Exterior, Night)",exterior,95.0,-68.0,89.3,0.79,30.6,DEGRADED,21.8,26,110,True,True
2026-08-29T15:19:00,499.0,CAM-01,Sony FX6,Ariel,"Location C - Rooftop (Exterior, Night)",exterior,18.0,-52.0,91.5,0.95,30.9,OK,49.5,0,35,True,True
2026-08-29T15:19:00,499.0,CAM-02,Sony FX6,Marlon,"Location C - Rooftop (Exterior, Night)",exterior,32.0,-61.9,91.1,0.92,31.8,OK,41.6,0,58,True,True
2026-08-29T15:19:00,499.0,CAM-03,Sony FX3,Kiko,"Location C - Rooftop (Exterior, Night)",exterior,68.0,-64.0,86.2,0.61,30.9,OK,35.2,23,128,True,True
2026-08-29T15:19:00,499.0,CAM-04,Sony FX3,Dennis,"Location C - Rooftop (Exterior, Night)",exterior,45.0,-62.4,89.9,0.88,29.6,OK,40.5,16,174,True,True
2026-08-29T15:19:00,499.0,CAM-05,Blackmagic,Jorge,"Location C - Rooftop (Exterior, Night)",exterior,95.0,-65.1,88.9,0.79,32.1,OK,28.1,40,145,True,True
2026-08-29T15:19:30,499.5,CAM-01,Sony FX6,Ariel,"Location C - Rooftop (Exterior, Night)",exterior,18.0,-55.6,91.3,0.95,30.7,OK,47.3,0,35,True,True
2026-08-29T15:19:30,499.5,CAM-02,Sony FX6,Marlon,"Location C - Rooftop (Exterior, Night)",exterior,32.0,-57.3,90.6,0.92,29.9,OK,44.0,0,35,True,True
2026-08-29T15:19:30,499.5,CAM-03,Sony FX3,Kiko,"Location C - Rooftop (Exterior, Night)",exterior,68.0,-62.7,86.2,0.61,31.4,OK,40.5,24,115,True,True
2026-08-29T15:19:30,499.5,CAM-04,Sony FX3,Dennis,"Location C - Rooftop (Exterior, Night)",exterior,45.0,-61.3,90.2,0.88,30.3,OK,45.3,8,51,True,True
2026-08-29T15:19:30,499.5,CAM-05,Blackmagic,Jorge,"Location C - Rooftop (Exterior, Night)",exterior,95.0,-64.5,89.7,0.79,30.3,OK,33.2,40,61,True,True
2026-08-29T15:20:00,500.0,CAM-01,Sony FX6,Ariel,"Location C - Rooftop (Exterior, Night)",exterior,18.0,-50.7,90.5,0.95,30.6,OK,47.6,0,35,True,True
2026-08-29T15:20:00,500.0,CAM-02,Sony FX6,Marlon,"Location C - Rooftop (Exterior, Night)",exterior,32.0,-56.4,90.8,0.92,32.5,OK,47.3,0,35,True,True
2026-08-29T15:20:00,500.0,CAM-03,Sony FX3,Kiko,"Location C - Rooftop (Exterior, Night)",exterior,68.0,-60.7,85.2,0.61,30.5,OK,45.6,1,55,True,True
2026-08-29T15:20:00,500.0,CAM-04,Sony FX3,Dennis,"Location C - Rooftop (Exterior, Night)",exterior,45.0,-61.6,88.9,0.88,31.1,OK,41.6,5,57,True,True
2026-08-29T15:20:00,500.0,CAM-05,Blackmagic,Jorge,"Location C - Rooftop (Exterior, Night)",exterior,95.0,-65.8,88.9,0.79,29.9,DEGRADED,27.5,29,102,True,True
2026-08-29T15:20:30,500.5,CAM-01,Sony FX6,Ariel,"Location C - Rooftop (Exterior, Night)",exterior,18.0,-58.0,90.8,0.95,32.1,OK,49.0,0,35,True,True
2026-08-29T15:20:30,500.5,CAM-02,Sony FX6,Marlon,"Location C - Rooftop (Exterior, Night)",exterior,32.0,-62.1,90.7,0.92,30.5,OK,40.3,3,129,True,True
2026-08-29T15:20:30,500.5,CAM-03,Sony FX3,Kiko,"Location C - Rooftop (Exterior, Night)",exterior,68.0,-64.1,85.7,0.61,30.9,OK,34.6,36,254,True,True
2026-08-29T15:20:30,500.5,CAM-04,Sony FX3,Dennis,"Location C - Rooftop (Exterior, Night)",exterior,45.0,-59.3,89.9,0.88,30.7,OK,49.8,0,35,True,True
2026-08-29T15:20:30,500.5,CAM-05,Blackmagic,Jorge,"Location C - Rooftop (Exterior, Night)",exterior,95.0,-66.8,88.8,0.79,31.0,DEGRADED,26.0,26,441,True,True
2026-08-29T15:21:00,501.0,CAM-01,Sony FX6,Ariel,"Location C - Rooftop (Exterior, Night)",exterior,18.0,-52.9,90.7,0.95,32.3,OK,48.6,0,35,True,True
2026-08-29T15:21:00,501.0,CAM-02,Sony FX6,Marlon,"Location C - Rooftop (Exterior, Night)",exterior,32.0,-55.3,89.9,0.92,30.3,OK,45.2,0,35,True,True
2026-08-29T15:21:00,501.0,CAM-03,Sony FX3,Kiko,"Location C - Rooftop (Exterior, Night)",exterior,68.0,-67.0,85.4,0.61,29.0,DEGRADED,23.7,50,118,True,True
2026-08-29T15:21:00,501.0,CAM-04,Sony FX3,Dennis,"Location C - Rooftop (Exterior, Night)",exterior,45.0,-59.8,89.7,0.88,29.7,OK,46.1,0,35,True,True
2026-08-29T15:21:00,501.0,CAM-05,Blackmagic,Jorge,"Location C - Rooftop (Exterior, Night)",exterior,95.0,-69.7,89.0,0.79,30.3,DEGRADED,17.6,50,468,True,True
2026-08-29T15:21:30,501.5,CAM-01,Sony FX6,Ariel,"Location C - Rooftop (Exterior, Night)",exterior,18.0,-54.5,90.7,0.95,31.4,OK,47.1,0,35,True,True
2026-08-29T15:21:30,501.5,CAM-02,Sony FX6,Marlon,"Location C - Rooftop (Exterior, Night)",exterior,32.0,-55.9,89.9,0.92,30.4,OK,48.5,0,35,True,True
2026-08-29T15:21:30,501.5,CAM-03,Sony FX3,Kiko,"Location C - Rooftop (Exterior, Night)",exterior,68.0,-64.9,84.9,0.61,30.9,OK,30.4,4,254,True,True
2026-08-29T15:21:30,501.5,CAM-04,Sony FX3,Dennis,"Location C - Rooftop (Exterior, Night)",exterior,45.0,-58.5,89.9,0.88,32.2,OK,50.8,0,35,True,True
2026-08-29T15:21:30,501.5,CAM-05,Blackmagic,Jorge,"Location C - Rooftop (Exterior, Night)",exterior,95.0,-64.4,88.4,0.79,31.6,OK,34.7,13,57,True,True
2026-08-29T15:22:00,502.0,CAM-01,Sony FX6,Ariel,"Location C - Rooftop (Exterior, Night)",exterior,18.0,-57.0,89.8,0.95,29.3,OK,45.3,0,35,True,True
2026-08-29T15:22:00,502.0,CAM-02,Sony FX6,Marlon,"Location C - Rooftop (Exterior, Night)",exterior,32.0,-57.8,89.8,0.92,31.6,OK,46.0,0,35,True,True
2026-08-29T15:22:00,502.0,CAM-03,Sony FX3,Kiko,"Location C - Rooftop (Exterior, Night)",exterior,68.0,-63.6,84.7,0.61,31.3,OK,34.6,1,150,True,True
2026-08-29T15:22:00,502.0,CAM-04,Sony FX3,Dennis,"Location C - Rooftop (Exterior, Night)",exterior,45.0,-66.4,89.2,0.88,30.3,DEGRADED,25.8,14,390,True,True
2026-08-29T15:22:00,502.0,CAM-05,Blackmagic,Jorge,"Location C - Rooftop (Exterior, Night)",exterior,95.0,-65.9,87.3,0.79,31.4,DEGRADED,28.1,54,116,True,True
2026-08-29T15:22:30,502.5,CAM-01,Sony FX6,Ariel,"Location C - Rooftop (Exterior, Night)",exterior,18.0,-56.3,90.8,0.95,31.2,OK,49.4,0,35,True,True
2026-08-29T15:22:30,502.5,CAM-02,Sony FX6,Marlon,"Location C - Rooftop (Exterior, Night)",exterior,32.0,-54.7,89.5,0.92,31.3,OK,46.8,0,35,True,True
2026-08-29T15:22:30,502.5,CAM-03,Sony FX3,Kiko,"Location C - Rooftop (Exterior, Night)",exterior,68.0,-66.5,84.8,0.61,30.5,DEGRADED,26.9,2,91,True,True
2026-08-29T15:22:30,502.5,CAM-04,Sony FX3,Dennis,"Location C - Rooftop (Exterior, Night)",exterior,45.0,-62.9,89.5,0.88,31.6,OK,38.8,6,203,True,True
2026-08-29T15:22:30,502.5,CAM-05,Blackmagic,Jorge,"Location C - Rooftop (Exterior, Night)",exterior,95.0,-64.7,87.7,0.79,31.0,OK,32.8,33,177,True,True
2026-08-29T15:23:00,503.0,CAM-01,Sony FX6,Ariel,"Location C - Rooftop (Exterior, Night)",exterior,18.0,-52.8,89.7,0.95,31.5,OK,45.2,0,35,True,True
2026-08-29T15:23:00,503.0,CAM-02,Sony FX6,Marlon,"Location C - Rooftop (Exterior, Night)",exterior,32.0,-55.0,90.8,0.92,31.4,OK,51.7,0,35,True,True
2026-08-29T15:23:00,503.0,CAM-03,Sony FX3,Kiko,"Location C - Rooftop (Exterior, Night)",exterior,68.0,-64.2,85.1,0.61,30.6,OK,34.0,12,238,True,True
2026-08-29T15:23:00,503.0,CAM-04,Sony FX3,Dennis,"Location C - Rooftop (Exterior, Night)",exterior,45.0,-62.5,89.1,0.88,30.0,OK,40.7,22,57,True,True
2026-08-29T15:23:00,503.0,CAM-05,Blackmagic,Jorge,"Location C - Rooftop (Exterior, Night)",exterior,95.0,-67.2,87.4,0.79,32.4,DEGRADED,24.8,15,349,True,True
2026-08-29T15:23:30,503.5,CAM-01,Sony FX6,Ariel,"Location C - Rooftop (Exterior, Night)",exterior,18.0,-53.8,89.5,0.95,31.9,OK,47.7,0,35,True,True
2026-08-29T15:23:30,503.5,CAM-02,Sony FX6,Marlon,"Location C - Rooftop (Exterior, Night)",exterior,32.0,-58.4,89.4,0.92,30.2,OK,49.2,0,35,True,True
2026-08-29T15:23:30,503.5,CAM-03,Sony FX3,Kiko,"Location C - Rooftop (Exterior, Night)",exterior,68.0,-60.4,84.2,0.61,31.2,OK,46.5,2,56,True,True
2026-08-29T15:23:30,503.5,CAM-04,Sony FX3,Dennis,"Location C - Rooftop (Exterior, Night)",exterior,45.0,-63.4,88.3,0.88,31.6,OK,39.5,6,183,True,True
2026-08-29T15:23:30,503.5,CAM-05,Blackmagic,Jorge,"Location C - Rooftop (Exterior, Night)",exterior,95.0,-67.3,87.7,0.79,32.0,DEGRADED,24.7,18,241,True,True
2026-08-29T15:24:00,504.0,CAM-01,Sony FX6,Ariel,"Location C - Rooftop (Exterior, Night)",exterior,18.0,-54.0,89.6,0.95,30.0,OK,47.9,0,35,True,True
2026-08-29T15:24:00,504.0,CAM-02,Sony FX6,Marlon,"Location C - Rooftop (Exterior, Night)",exterior,32.0,-57.5,90.1,0.92,31.6,OK,47.4,0,35,True,True
2026-08-29T15:24:00,504.0,CAM-03,Sony FX3,Kiko,"Location C - Rooftop (Exterior, Night)",exterior,68.0,-63.3,83.5,0.61,29.8,OK,36.3,14,211,True,True
2026-08-29T15:24:00,504.0,CAM-04,Sony FX3,Dennis,"Location C - Rooftop (Exterior, Night)",exterior,45.0,-59.7,88.8,0.88,32.4,OK,50.0,0,35,True,True
2026-08-29T15:24:00,504.0,CAM-05,Blackmagic,Jorge,"Location C - Rooftop (Exterior, Night)",exterior,95.0,-61.9,88.0,0.79,31.3,OK,41.1,12,122,True,True
2026-08-29T15:24:30,504.5,CAM-01,Sony FX6,Ariel,"Location C - Rooftop (Exterior, Night)",exterior,18.0,-51.5,89.3,0.95,31.3,OK,47.4,0,35,True,True
2026-08-29T15:24:30,504.5,CAM-02,Sony FX6,Marlon,"Location C - Rooftop (Exterior, Night)",exterior,32.0,-53.9,89.1,0.92,30.0,OK,47.9,0,35,True,True
2026-08-29T15:24:30,504.5,CAM-03,Sony FX3,Kiko,"Location C - Rooftop (Exterior, Night)",exterior,68.0,-63.3,84.2,0.61,30.3,OK,36.8,7,179,True,True
2026-08-29T15:24:30,504.5,CAM-04,Sony FX3,Dennis,"Location C - Rooftop (Exterior, Night)",exterior,45.0,-60.1,88.8,0.88,31.6,OK,47.7,0,38,True,True
2026-08-29T15:24:30,504.5,CAM-05,Blackmagic,Jorge,"Location C - Rooftop (Exterior, Night)",exterior,95.0,-61.3,87.5,0.79,32.1,OK,43.1,3,60,True,True
2026-08-29T15:25:00,505.0,CAM-01,Sony FX6,Ariel,"Location C - Rooftop (Exterior, Night)",exterior,18.0,-58.6,89.8,0.95,30.1,OK,45.4,0,35,True,True
2026-08-29T15:25:00,505.0,CAM-02,Sony FX6,Marlon,"Location C - Rooftop (Exterior, Night)",exterior,32.0,-55.6,89.1,0.92,29.7,OK,46.6,0,35,True,True
2026-08-29T15:25:00,505.0,CAM-03,Sony FX3,Kiko,"Location C - Rooftop (Exterior, Night)",exterior,68.0,-66.4,83.1,0.61,30.9,DEGRADED,28.6,45,358,True,True
2026-08-29T15:25:00,505.0,CAM-04,Sony FX3,Dennis,"Location C - Rooftop (Exterior, Night)",exterior,45.0,-59.3,88.7,0.88,29.5,OK,50.2,0,35,True,True
2026-08-29T15:25:00,505.0,CAM-05,Blackmagic,Jorge,"Location C - Rooftop (Exterior, Night)",exterior,95.0,-69.9,87.0,0.79,31.3,DEGRADED,18.3,30,422,True,True
2026-08-29T15:25:30,505.5,CAM-01,Sony FX6,Ariel,"Location C - Rooftop (Exterior, Night)",exterior,18.0,-54.7,89.0,0.95,32.4,OK,48.9,0,35,True,True
2026-08-29T15:25:30,505.5,CAM-02,Sony FX6,Marlon,"Location C - Rooftop (Exterior, Night)",exterior,32.0,-60.3,89.3,0.92,30.6,OK,48.7,0,47,True,True
2026-08-29T15:25:30,505.5,CAM-03,Sony FX3,Kiko,"Location C - Rooftop (Exterior, Night)",exterior,68.0,-64.8,84.1,0.61,31.1,OK,32.1,21,137,True,True
2026-08-29T15:25:30,505.5,CAM-04,Sony FX3,Dennis,"Location C - Rooftop (Exterior, Night)",exterior,45.0,-57.3,87.5,0.88,30.6,OK,46.4,0,35,True,True
2026-08-29T15:25:30,505.5,CAM-05,Blackmagic,Jorge,"Location C - Rooftop (Exterior, Night)",exterior,95.0,-62.3,87.3,0.79,32.0,OK,42.0,10,167,True,True
2026-08-29T15:26:00,506.0,CAM-01,Sony FX6,Ariel,"Location C - Rooftop (Exterior, Night)",exterior,18.0,-49.8,89.8,0.95,30.7,OK,47.3,0,35,True,True
2026-08-29T15:26:00,506.0,CAM-02,Sony FX6,Marlon,"Location C - Rooftop (Exterior, Night)",exterior,32.0,-55.3,89.0,0.92,31.2,OK,49.9,0,35,True,True
2026-08-29T15:26:00,506.0,CAM-03,Sony FX3,Kiko,"Location C - Rooftop (Exterior, Night)",exterior,68.0,-63.7,83.1,0.61,32.7,OK,36.4,14,171,True,True
2026-08-29T15:26:00,506.0,CAM-04,Sony FX3,Dennis,"Location C - Rooftop (Exterior, Night)",exterior,45.0,-63.3,89.3,0.88,30.3,OK,39.7,22,89,True,True
2026-08-29T15:26:00,506.0,CAM-05,Blackmagic,Jorge,"Location C - Rooftop (Exterior, Night)",exterior,95.0,-65.0,86.2,0.79,32.1,OK,31.0,18,109,True,True
2026-08-29T15:26:30,506.5,CAM-01,Sony FX6,Ariel,"Location C - Rooftop (Exterior, Night)",exterior,18.0,-55.8,89.3,0.95,30.7,OK,46.8,0,35,True,True
2026-08-29T15:26:30,506.5,CAM-02,Sony FX6,Marlon,"Location C - Rooftop (Exterior, Night)",exterior,32.0,-56.3,89.3,0.92,31.4,OK,48.3,0,35,True,True
2026-08-29T15:26:30,506.5,CAM-03,Sony FX3,Kiko,"Location C - Rooftop (Exterior, Night)",exterior,68.0,-65.0,83.3,0.61,31.2,OK,30.7,1,123,True,True
2026-08-29T15:26:30,506.5,CAM-04,Sony FX3,Dennis,"Location C - Rooftop (Exterior, Night)",exterior,45.0,-61.6,88.7,0.88,30.2,OK,38.7,0,129,True,True
2026-08-29T15:26:30,506.5,CAM-05,Blackmagic,Jorge,"Location C - Rooftop (Exterior, Night)",exterior,95.0,-63.3,87.1,0.79,30.7,OK,37.5,12,105,True,True
2026-08-29T15:27:00,507.0,CAM-01,Sony FX6,Ariel,"Location C - Rooftop (Exterior, Night)",exterior,18.0,-50.4,88.8,0.95,29.7,OK,47.0,0,35,True,True
2026-08-29T15:27:00,507.0,CAM-02,Sony FX6,Marlon,"Location C - Rooftop (Exterior, Night)",exterior,32.0,-56.5,89.2,0.92,31.0,OK,50.2,0,35,True,True
2026-08-29T15:27:00,507.0,CAM-03,Sony FX3,Kiko,"Location C - Rooftop (Exterior, Night)",exterior,68.0,-66.7,83.1,0.61,31.3,DEGRADED,23.7,20,225,True,True
2026-08-29T15:27:00,507.0,CAM-04,Sony FX3,Dennis,"Location C - Rooftop (Exterior, Night)",exterior,45.0,-64.3,88.7,0.88,31.2,OK,35.0,39,208,True,True
2026-08-29T15:27:00,507.0,CAM-05,Blackmagic,Jorge,"Location C - Rooftop (Exterior, Night)",exterior,95.0,-67.3,86.4,0.79,30.6,DEGRADED,25.6,28,348,True,True
2026-08-29T15:27:30,507.5,CAM-01,Sony FX6,Ariel,"Location C - Rooftop (Exterior, Night)",exterior,18.0,-54.0,89.0,0.95,31.0,OK,49.4,0,35,True,True
2026-08-29T15:27:30,507.5,CAM-02,Sony FX6,Marlon,"Location C - Rooftop (Exterior, Night)",exterior,32.0,-58.5,88.8,0.92,30.0,OK,49.3,0,35,True,True
2026-08-29T15:27:30,507.5,CAM-03,Sony FX3,Kiko,"Location C - Rooftop (Exterior, Night)",exterior,68.0,-65.9,82.9,0.61,31.2,DEGRADED,27.9,43,135,True,True
2026-08-29T15:27:30,507.5,CAM-04,Sony FX3,Dennis,"Location C - Rooftop (Exterior, Night)",exterior,45.0,-58.9,88.4,0.88,32.0,OK,47.8,0,35,True,True
2026-08-29T15:27:30,507.5,CAM-05,Blackmagic,Jorge,"Location C - Rooftop (Exterior, Night)",exterior,95.0,-65.3,86.7,0.79,29.8,DEGRADED,30.8,40,175,True,True
2026-08-29T15:28:00,508.0,CAM-01,Sony FX6,Ariel,"Location C - Rooftop (Exterior, Night)",exterior,18.0,-56.3,89.3,0.95,31.2,OK,47.2,0,35,True,True
2026-08-29T15:28:00,508.0,CAM-02,Sony FX6,Marlon,"Location C - Rooftop (Exterior, Night)",exterior,32.0,-59.3,88.4,0.92,30.8,OK,47.2,0,35,True,True
2026-08-29T15:28:00,508.0,CAM-03,Sony FX3,Kiko,"Location C - Rooftop (Exterior, Night)",exterior,68.0,-63.5,82.8,0.61,32.1,OK,38.4,1,175,True,True
2026-08-29T15:28:00,508.0,CAM-04,Sony FX3,Dennis,"Location C - Rooftop (Exterior, Night)",exterior,45.0,-59.9,88.0,0.88,30.6,OK,44.3,0,35,True,True
2026-08-29T15:28:00,508.0,CAM-05,Blackmagic,Jorge,"Location C - Rooftop (Exterior, Night)",exterior,95.0,-62.8,86.8,0.79,31.2,OK,40.3,0,114,True,True
2026-08-29T15:28:30,508.5,CAM-01,Sony FX6,Ariel,"Location C - Rooftop (Exterior, Night)",exterior,18.0,-55.3,88.8,0.95,31.4,OK,48.6,0,35,True,True
2026-08-29T15:28:30,508.5,CAM-02,Sony FX6,Marlon,"Location C - Rooftop (Exterior, Night)",exterior,32.0,-59.4,87.8,0.92,31.4,OK,46.2,0,35,True,True
2026-08-29T15:28:30,508.5,CAM-03,Sony FX3,Kiko,"Location C - Rooftop (Exterior, Night)",exterior,68.0,-63.3,82.3,0.61,32.2,OK,36.2,18,68,True,True
2026-08-29T15:28:30,508.5,CAM-04,Sony FX3,Dennis,"Location C - Rooftop (Exterior, Night)",exterior,45.0,-59.4,87.6,0.88,30.5,OK,48.1,0,35,True,True
2026-08-29T15:28:30,508.5,CAM-05,Blackmagic,Jorge,"Location C - Rooftop (Exterior, Night)",exterior,95.0,-62.9,86.7,0.79,31.7,OK,37.5,17,118,True,True
2026-08-29T15:29:00,509.0,CAM-01,Sony FX6,Ariel,"Location C - Rooftop (Exterior, Night)",exterior,18.0,-54.4,89.1,0.95,31.6,OK,48.4,0,35,True,True
2026-08-29T15:29:00,509.0,CAM-02,Sony FX6,Marlon,"Location C - Rooftop (Exterior, Night)",exterior,32.0,-62.4,88.1,0.92,31.4,OK,37.3,20,52,True,True
2026-08-29T15:29:00,509.0,CAM-03,Sony FX3,Kiko,"Location C - Rooftop (Exterior, Night)",exterior,68.0,-62.8,82.5,0.61,30.2,OK,36.7,19,50,True,True
2026-08-29T15:29:00,509.0,CAM-04,Sony FX3,Dennis,"Location C - Rooftop (Exterior, Night)",exterior,45.0,-53.8,88.4,0.88,30.1,OK,48.9,0,35,True,True
2026-08-29T15:29:00,509.0,CAM-05,Blackmagic,Jorge,"Location C - Rooftop (Exterior, Night)",exterior,95.0,-67.5,86.6,0.79,30.3,DEGRADED,24.0,51,178,True,True
2026-08-29T15:29:30,509.5,CAM-01,Sony FX6,Ariel,"Location C - Rooftop (Exterior, Night)",exterior,18.0,-57.5,89.0,0.95,29.9,OK,49.1,0,35,True,True
2026-08-29T15:29:30,509.5,CAM-02,Sony FX6,Marlon,"Location C - Rooftop (Exterior, Night)",exterior,32.0,-57.1,87.9,0.92,31.6,OK,49.7,0,35,True,True
2026-08-29T15:29:30,509.5,CAM-03,Sony FX3,Kiko,"Location C - Rooftop (Exterior, Night)",exterior,68.0,-62.1,82.5,0.61,30.1,OK,41.8,4,101,True,True
2026-08-29T15:29:30,509.5,CAM-04,Sony FX3,Dennis,"Location C - Rooftop (Exterior, Night)",exterior,45.0,-58.9,87.5,0.88,29.6,OK,49.0,0,35,True,True
2026-08-29T15:29:30,509.5,CAM-05,Blackmagic,Jorge,"Location C - Rooftop (Exterior, Night)",exterior,95.0,-66.6,86.6,0.79,31.0,DEGRADED,26.4,26,113,True,True
2026-08-29T15:30:00,510.0,CAM-01,Sony FX6,Ariel,"Location C - Rooftop (Exterior, Night)",exterior,18.0,-55.9,88.1,0.95,29.3,OK,49.0,0,35,True,True
2026-08-29T15:30:00,510.0,CAM-02,Sony FX6,Marlon,"Location C - Rooftop (Exterior, Night)",exterior,32.0,-61.8,87.9,0.92,31.9,OK,44.3,2,82,True,True
2026-08-29T15:30:00,510.0,CAM-03,Sony FX3,Kiko,"Location C - Rooftop (Exterior, Night)",exterior,68.0,-63.9,81.4,0.61,31.0,OK,34.4,15,50,True,True
2026-08-29T15:30:00,510.0,CAM-04,Sony FX3,Dennis,"Location C - Rooftop (Exterior, Night)",exterior,45.0,-59.5,87.9,0.88,29.8,OK,45.2,0,35,True,True
2026-08-29T15:30:00,510.0,CAM-05,Blackmagic,Jorge,"Location C - Rooftop (Exterior, Night)",exterior,95.0,-66.1,85.6,0.79,31.5,DEGRADED,28.5,39,388,True,True
2026-08-29T15:30:30,510.5,CAM-01,Sony FX6,Ariel,"Location C - Rooftop (Exterior, Night)",exterior,18.0,-55.5,88.5,0.95,29.4,OK,48.5,0,35,True,True
2026-08-29T15:30:30,510.5,CAM-02,Sony FX6,Marlon,"Location C - Rooftop (Exterior, Night)",exterior,32.0,-56.2,88.3,0.92,31.1,OK,48.7,0,35,True,True
2026-08-29T15:30:30,510.5,CAM-03,Sony FX3,Kiko,"Location C - Rooftop (Exterior, Night)",exterior,68.0,-63.4,82.3,0.61,29.5,OK,40.4,21,100,True,True
2026-08-29T15:30:30,510.5,CAM-04,Sony FX3,Dennis,"Location C - Rooftop (Exterior, Night)",exterior,45.0,-58.3,86.8,0.88,31.9,OK,49.0,0,35,True,True
2026-08-29T15:30:30,510.5,CAM-05,Blackmagic,Jorge,"Location C - Rooftop (Exterior, Night)",exterior,95.0,-65.6,86.0,0.79,29.3,DEGRADED,31.4,6,57,True,True
2026-08-29T15:31:00,511.0,CAM-01,Sony FX6,Ariel,"Location C - Rooftop (Exterior, Night)",exterior,18.0,-57.5,88.1,0.95,29.7,OK,49.8,0,35,True,True
2026-08-29T15:31:00,511.0,CAM-02,Sony FX6,Marlon,"Location C - Rooftop (Exterior, Night)",exterior,32.0,-61.1,87.9,0.92,31.0,OK,44.0,8,42,True,True
2026-08-29T15:31:00,511.0,CAM-03,Sony FX3,Kiko,"Location C - Rooftop (Exterior, Night)",exterior,68.0,-62.9,82.0,0.61,30.3,OK,38.3,11,108,True,True
2026-08-29T15:31:00,511.0,CAM-04,Sony FX3,Dennis,"Location C - Rooftop (Exterior, Night)",exterior,45.0,-61.3,86.7,0.88,30.9,OK,44.4,0,111,True,True
2026-08-29T15:31:00,511.0,CAM-05,Blackmagic,Jorge,"Location C - Rooftop (Exterior, Night)",exterior,95.0,-61.3,86.3,0.79,31.0,OK,43.8,8,43,True,True
2026-08-29T15:31:30,511.5,CAM-01,Sony FX6,Ariel,"Location C - Rooftop (Exterior, Night)",exterior,18.0,-51.8,88.4,0.95,30.2,OK,49.8,0,35,True,True
2026-08-29T15:31:30,511.5,CAM-02,Sony FX6,Marlon,"Location C - Rooftop (Exterior, Night)",exterior,32.0,-59.0,88.0,0.92,29.8,OK,48.4,0,35,True,True
2026-08-29T15:31:30,511.5,CAM-03,Sony FX3,Kiko,"Location C - Rooftop (Exterior, Night)",exterior,68.0,-63.8,81.2,0.61,33.1,OK,38.1,6,241,True,True
2026-08-29T15:31:30,511.5,CAM-04,Sony FX3,Dennis,"Location C - Rooftop (Exterior, Night)",exterior,45.0,-65.0,87.3,0.88,31.2,OK,30.4,30,243,True,True
2026-08-29T15:31:30,511.5,CAM-05,Blackmagic,Jorge,"Location C - Rooftop (Exterior, Night)",exterior,95.0,-68.0,85.0,0.79,30.7,DEGRADED,23.3,44,210,True,True
2026-08-29T15:32:00,512.0,CAM-01,Sony FX6,Ariel,"Location C - Rooftop (Exterior, Night)",exterior,18.0,-49.6,87.1,0.95,31.0,OK,46.9,0,35,True,True
2026-08-29T15:32:00,512.0,CAM-02,Sony FX6,Marlon,"Location C - Rooftop (Exterior, Night)",exterior,32.0,-60.4,88.0,0.92,30.0,OK,45.1,2,40,True,True
2026-08-29T15:32:00,512.0,CAM-03,Sony FX3,Kiko,"Location C - Rooftop (Exterior, Night)",exterior,68.0,-63.6,81.6,0.61,32.1,OK,38.2,7,108,True,True
2026-08-29T15:32:00,512.0,CAM-04,Sony FX3,Dennis,"Location C - Rooftop (Exterior, Night)",exterior,45.0,-56.7,86.7,0.88,31.2,OK,47.5,0,35,True,True
2026-08-29T15:32:00,512.0,CAM-05,Blackmagic,Jorge,"Location C - Rooftop (Exterior, Night)",exterior,95.0,-69.2,85.7,0.79,30.6,DEGRADED,17.9,38,290,True,True
2026-08-29T15:32:30,512.5,CAM-01,Sony FX6,Ariel,"Location C - Rooftop (Exterior, Night)",exterior,18.0,-53.9,87.2,0.95,31.2,OK,45.7,0,35,True,True
2026-08-29T15:32:30,512.5,CAM-02,Sony FX6,Marlon,"Location C - Rooftop (Exterior, Night)",exterior,32.0,-58.2,86.6,0.92,31.0,OK,47.9,0,35,True,True
2026-08-29T15:32:30,512.5,CAM-03,Sony FX3,Kiko,"Location C - Rooftop (Exterior, Night)",exterior,68.0,-62.8,80.3,0.61,30.0,OK,39.6,1,103,True,True
2026-08-29T15:32:30,512.5,CAM-04,Sony FX3,Dennis,"Location C - Rooftop (Exterior, Night)",exterior,45.0,-61.4,87.5,0.88,30.7,OK,43.5,3,88,True,True
2026-08-29T15:32:30,512.5,CAM-05,Blackmagic,Jorge,"Location C - Rooftop (Exterior, Night)",exterior,95.0,-67.0,85.4,0.79,31.3,DEGRADED,24.4,26,174,True,True
2026-08-29T15:33:00,513.0,CAM-01,Sony FX6,Ariel,"Location C - Rooftop (Exterior, Night)",exterior,18.0,-52.0,87.8,0.95,31.0,OK,49.3,0,35,True,True
2026-08-29T15:33:00,513.0,CAM-02,Sony FX6,Marlon,"Location C - Rooftop (Exterior, Night)",exterior,32.0,-59.3,87.4,0.92,30.6,OK,48.8,0,35,True,True
2026-08-29T15:33:00,513.0,CAM-03,Sony FX3,Kiko,"Location C - Rooftop (Exterior, Night)",exterior,68.0,-64.0,80.8,0.61,31.9,OK,36.7,2,208,True,True
2026-08-29T15:33:00,513.0,CAM-04,Sony FX3,Dennis,"Location C - Rooftop (Exterior, Night)",exterior,45.0,-62.7,87.2,0.88,31.9,OK,40.2,10,109,True,True
2026-08-29T15:33:00,513.0,CAM-05,Blackmagic,Jorge,"Location C - Rooftop (Exterior, Night)",exterior,95.0,-68.3,85.2,0.79,31.7,DEGRADED,21.4,17,145,True,True
2026-08-29T15:33:30,513.5,CAM-01,Sony FX6,Ariel,"Location C - Rooftop (Exterior, Night)",exterior,18.0,-53.8,88.4,0.95,30.2,OK,48.9,0,35,True,True
2026-08-29T15:33:30,513.5,CAM-02,Sony FX6,Marlon,"Location C - Rooftop (Exterior, Night)",exterior,32.0,-61.2,87.4,0.92,30.3,OK,42.3,9,40,True,True
2026-08-29T15:33:30,513.5,CAM-03,Sony FX3,Kiko,"Location C - Rooftop (Exterior, Night)",exterior,68.0,-62.9,79.9,0.61,31.9,OK,41.1,7,102,True,True
2026-08-29T15:33:30,513.5,CAM-04,Sony FX3,Dennis,"Location C - Rooftop (Exterior, Night)",exterior,45.0,-57.8,86.5,0.88,31.1,OK,47.9,0,35,True,True
2026-08-29T15:33:30,513.5,CAM-05,Blackmagic,Jorge,"Location C - Rooftop (Exterior, Night)",exterior,95.0,-63.6,84.4,0.79,29.3,OK,36.1,16,209,True,True
2026-08-29T15:34:00,514.0,CAM-01,Sony FX6,Ariel,"Location C - Rooftop (Exterior, Night)",exterior,18.0,-51.7,87.0,0.95,31.2,OK,48.4,0,35,True,True
2026-08-29T15:34:00,514.0,CAM-02,Sony FX6,Marlon,"Location C - Rooftop (Exterior, Night)",exterior,32.0,-56.3,87.0,0.92,30.9,OK,46.8,0,35,True,True
2026-08-29T15:34:00,514.0,CAM-03,Sony FX3,Kiko,"Location C - Rooftop (Exterior, Night)",exterior,68.0,-62.4,80.8,0.61,30.6,OK,40.5,16,168,True,True
2026-08-29T15:34:00,514.0,CAM-04,Sony FX3,Dennis,"Location C - Rooftop (Exterior, Night)",exterior,45.0,-63.0,85.4,0.88,31.2,OK,38.0,12,123,True,True
2026-08-29T15:34:00,514.0,CAM-05,Blackmagic,Jorge,"Location C - Rooftop (Exterior, Night)",exterior,95.0,-68.3,85.0,0.79,31.3,DEGRADED,20.2,11,454,True,True
2026-08-29T15:34:30,514.5,CAM-01,Sony FX6,Ariel,"Location C - Rooftop (Exterior, Night)",exterior,18.0,-53.0,87.8,0.95,31.8,OK,47.4,0,35,True,True
2026-08-29T15:34:30,514.5,CAM-02,Sony FX6,Marlon,"Location C - Rooftop (Exterior, Night)",exterior,32.0,-60.1,86.6,0.92,30.1,OK,47.2,0,37,True,True
2026-08-29T15:34:30,514.5,CAM-03,Sony FX3,Kiko,"Location C - Rooftop (Exterior, Night)",exterior,68.0,-64.0,80.6,0.61,30.4,OK,35.6,2,113,True,True
2026-08-29T15:34:30,514.5,CAM-04,Sony FX3,Dennis,"Location C - Rooftop (Exterior, Night)",exterior,45.0,-58.1,86.7,0.88,32.3,OK,47.9,0,35,True,True
2026-08-29T15:34:30,514.5,CAM-05,Blackmagic,Jorge,"Location C - Rooftop (Exterior, Night)",exterior,95.0,-63.9,86.1,0.79,32.1,OK,34.4,35,145,True,True
2026-08-29T15:35:00,515.0,CAM-01,Sony FX6,Ariel,"Location C - Rooftop (Exterior, Night)",exterior,18.0,-54.6,86.9,0.95,33.4,OK,47.7,0,35,True,True
2026-08-29T15:35:00,515.0,CAM-02,Sony FX6,Marlon,"Location C - Rooftop (Exterior, Night)",exterior,32.0,-55.9,86.6,0.92,31.5,OK,48.1,0,35,True,True
2026-08-29T15:35:00,515.0,CAM-03,Sony FX3,Kiko,"Location C - Rooftop (Exterior, Night)",exterior,68.0,-63.6,80.5,0.61,30.3,OK,35.5,26,119,True,True
2026-08-29T15:35:00,515.0,CAM-04,Sony FX3,Dennis,"Location C - Rooftop (Exterior, Night)",exterior,45.0,-57.0,86.8,0.88,31.8,OK,47.8,0,35,True,True
2026-08-29T15:35:00,515.0,CAM-05,Blackmagic,Jorge,"Location C - Rooftop (Exterior, Night)",exterior,95.0,-62.2,85.4,0.79,31.2,OK,40.6,19,101,True,True
2026-08-29T15:35:30,515.5,CAM-01,Sony FX6,Ariel,"Location C - Rooftop (Exterior, Night)",exterior,18.0,-55.1,86.8,0.95,31.0,OK,48.4,0,35,True,True
2026-08-29T15:35:30,515.5,CAM-02,Sony FX6,Marlon,"Location C - Rooftop (Exterior, Night)",exterior,32.0,-58.8,86.9,0.92,31.8,OK,49.6,0,35,True,True
2026-08-29T15:35:30,515.5,CAM-03,Sony FX3,Kiko,"Location C - Rooftop (Exterior, Night)",exterior,68.0,-62.7,80.4,0.61,30.3,OK,36.9,23,153,True,True
2026-08-29T15:35:30,515.5,CAM-04,Sony FX3,Dennis,"Location C - Rooftop (Exterior, Night)",exterior,45.0,-59.6,86.0,0.88,30.0,OK,49.1,0,35,True,True
2026-08-29T15:35:30,515.5,CAM-05,Blackmagic,Jorge,"Location C - Rooftop (Exterior, Night)",exterior,95.0,-63.9,84.2,0.79,31.9,OK,33.5,3,187,True,True
2026-08-29T15:36:00,516.0,CAM-01,Sony FX6,Ariel,"Location C - Rooftop (Exterior, Night)",exterior,18.0,-53.1,87.6,0.95,29.5,OK,48.2,0,35,True,True
2026-08-29T15:36:00,516.0,CAM-02,Sony FX6,Marlon,"Location C - Rooftop (Exterior, Night)",exterior,32.0,-57.9,86.5,0.92,30.7,OK,48.4,0,35,True,True
2026-08-29T15:36:00,516.0,CAM-03,Sony FX3,Kiko,"Location C - Rooftop (Exterior, Night)",exterior,68.0,-65.1,79.5,0.61,30.2,OK,31.6,16,148,True,True
2026-08-29T15:36:00,516.0,CAM-04,Sony FX3,Dennis,"Location C - Rooftop (Exterior, Night)",exterior,45.0,-59.9,85.9,0.88,31.4,OK,47.6,0,35,True,True
2026-08-29T15:36:00,516.0,CAM-05,Blackmagic,Jorge,"Location C - Rooftop (Exterior, Night)",exterior,95.0,-65.0,84.6,0.79,32.6,OK,30.7,24,206,True,True
2026-08-29T15:36:30,516.5,CAM-01,Sony FX6,Ariel,"Location C - Rooftop (Exterior, Night)",exterior,18.0,-54.6,87.0,0.95,32.4,OK,46.7,0,35,True,True
2026-08-29T15:36:30,516.5,CAM-02,Sony FX6,Marlon,"Location C - Rooftop (Exterior, Night)",exterior,32.0,-55.3,86.2,0.92,31.0,OK,47.1,0,35,True,True
2026-08-29T15:36:30,516.5,CAM-03,Sony FX3,Kiko,"Location C - Rooftop (Exterior, Night)",exterior,68.0,-64.2,79.2,0.61,30.6,OK,37.6,12,62,True,True
2026-08-29T15:36:30,516.5,CAM-04,Sony FX3,Dennis,"Location C - Rooftop (Exterior, Night)",exterior,45.0,-59.0,86.0,0.88,30.3,OK,45.6,0,35,True,True
2026-08-29T15:36:30,516.5,CAM-05,Blackmagic,Jorge,"Location C - Rooftop (Exterior, Night)",exterior,95.0,-69.3,84.4,0.79,31.0,DEGRADED,17.3,64,550,True,True
2026-08-29T15:37:00,517.0,CAM-01,Sony FX6,Ariel,"Location C - Rooftop (Exterior, Night)",exterior,18.0,-53.4,87.2,0.95,30.4,OK,49.1,0,35,True,True
2026-08-29T15:37:00,517.0,CAM-02,Sony FX6,Marlon,"Location C - Rooftop (Exterior, Night)",exterior,32.0,-54.7,86.1,0.92,30.6,OK,47.8,0,35,True,True
2026-08-29T15:37:00,517.0,CAM-03,Sony FX3,Kiko,"Location C - Rooftop (Exterior, Night)",exterior,68.0,-63.0,79.2,0.61,31.6,OK,39.7,10,51,True,True
2026-08-29T15:37:00,517.0,CAM-04,Sony FX3,Dennis,"Location C - Rooftop (Exterior, Night)",exterior,45.0,-60.3,85.8,0.88,31.9,OK,47.0,1,50,True,True
2026-08-29T15:37:00,517.0,CAM-05,Blackmagic,Jorge,"Location C - Rooftop (Exterior, Night)",exterior,95.0,-66.4,84.2,0.79,31.0,DEGRADED,26.0,39,142,True,True
2026-08-29T15:37:30,517.5,CAM-01,Sony FX6,Ariel,"Location C - Rooftop (Exterior, Night)",exterior,18.0,-53.4,87.2,0.95,30.1,OK,50.5,0,35,True,True
2026-08-29T15:37:30,517.5,CAM-02,Sony FX6,Marlon,"Location C - Rooftop (Exterior, Night)",exterior,32.0,-58.7,85.8,0.92,30.5,OK,49.3,0,35,True,True
2026-08-29T15:37:30,517.5,CAM-03,Sony FX3,Kiko,"Location C - Rooftop (Exterior, Night)",exterior,68.0,-60.5,78.7,0.61,29.9,OK,47.0,3,38,True,True
2026-08-29T15:37:30,517.5,CAM-04,Sony FX3,Dennis,"Location C - Rooftop (Exterior, Night)",exterior,45.0,-61.3,85.9,0.88,30.3,OK,45.4,2,108,True,True
2026-08-29T15:37:30,517.5,CAM-05,Blackmagic,Jorge,"Location C - Rooftop (Exterior, Night)",exterior,95.0,-65.3,83.7,0.79,30.0,DEGRADED,28.9,8,158,True,True
2026-08-29T15:38:00,518.0,CAM-01,Sony FX6,Ariel,"Location C - Rooftop (Exterior, Night)",exterior,18.0,-51.8,86.4,0.95,31.6,OK,47.3,0,35,True,True
2026-08-29T15:38:00,518.0,CAM-02,Sony FX6,Marlon,"Location C - Rooftop (Exterior, Night)",exterior,32.0,-57.5,85.1,0.92,30.6,OK,49.2,0,35,True,True
2026-08-29T15:38:00,518.0,CAM-03,Sony FX3,Kiko,"Location C - Rooftop (Exterior, Night)",exterior,68.0,-63.7,78.5,0.61,31.2,OK,38.1,15,239,True,True
2026-08-29T15:38:00,518.0,CAM-04,Sony FX3,Dennis,"Location C - Rooftop (Exterior, Night)",exterior,45.0,-60.9,85.5,0.88,31.7,OK,46.1,8,65,True,True
2026-08-29T15:38:00,518.0,CAM-05,Blackmagic,Jorge,"Location C - Rooftop (Exterior, Night)",exterior,95.0,-63.5,83.7,0.79,30.0,OK,35.7,28,127,True,True
2026-08-29T15:38:30,518.5,CAM-01,Sony FX6,Ariel,"Location C - Rooftop (Exterior, Night)",exterior,18.0,-55.0,86.2,0.95,29.9,OK,49.7,0,35,True,True
2026-08-29T15:38:30,518.5,CAM-02,Sony FX6,Marlon,"Location C - Rooftop (Exterior, Night)",exterior,32.0,-52.3,86.1,0.92,30.8,OK,50.2,0,35,True,True
2026-08-29T15:38:30,518.5,CAM-03,Sony FX3,Kiko,"Location C - Rooftop (Exterior, Night)",exterior,68.0,-66.5,79.2,0.61,31.3,DEGRADED,29.5,37,86,True,True
2026-08-29T15:38:30,518.5,CAM-04,Sony FX3,Dennis,"Location C - Rooftop (Exterior, Night)",exterior,45.0,-61.0,85.1,0.88,30.4,OK,44.0,4,77,True,True
2026-08-29T15:38:30,518.5,CAM-05,Blackmagic,Jorge,"Location C - Rooftop (Exterior, Night)",exterior,95.0,-62.4,83.8,0.79,30.6,OK,40.7,15,79,True,True
2026-08-29T15:39:00,519.0,CAM-01,Sony FX6,Ariel,"Location C - Rooftop (Exterior, Night)",exterior,18.0,-55.6,87.0,0.95,30.7,OK,46.9,0,35,True,True
2026-08-29T15:39:00,519.0,CAM-02,Sony FX6,Marlon,"Location C - Rooftop (Exterior, Night)",exterior,32.0,-58.5,85.9,0.92,30.3,OK,47.5,0,35,True,True
2026-08-29T15:39:00,519.0,CAM-03,Sony FX3,Kiko,"Location C - Rooftop (Exterior, Night)",exterior,68.0,-63.5,78.4,0.61,32.0,OK,36.3,0,71,True,True
2026-08-29T15:39:00,519.0,CAM-04,Sony FX3,Dennis,"Location C - Rooftop (Exterior, Night)",exterior,45.0,-60.8,84.8,0.88,32.1,OK,46.8,1,48,True,True
2026-08-29T15:39:00,519.0,CAM-05,Blackmagic,Jorge,"Location C - Rooftop (Exterior, Night)",exterior,95.0,-67.2,84.0,0.79,32.6,DEGRADED,26.0,36,466,True,True
2026-08-29T15:39:30,519.5,CAM-01,Sony FX6,Ariel,"Location C - Rooftop (Exterior, Night)",exterior,18.0,-50.8,86.4,0.95,31.7,OK,47.5,0,35,True,True
2026-08-29T15:39:30,519.5,CAM-02,Sony FX6,Marlon,"Location C - Rooftop (Exterior, Night)",exterior,32.0,-57.2,85.5,0.92,30.9,OK,48.2,0,35,True,True
2026-08-29T15:39:30,519.5,CAM-03,Sony FX3,Kiko,"Location C - Rooftop (Exterior, Night)",exterior,68.0,-61.3,79.1,0.61,31.6,OK,44.4,4,84,True,True
2026-08-29T15:39:30,519.5,CAM-04,Sony FX3,Dennis,"Location C - Rooftop (Exterior, Night)",exterior,45.0,-61.5,84.8,0.88,30.7,OK,41.3,12,70,True,True
2026-08-29T15:39:30,519.5,CAM-05,Blackmagic,Jorge,"Location C - Rooftop (Exterior, Night)",exterior,95.0,-68.4,83.4,0.79,30.4,DEGRADED,20.2,28,487,True,True
2026-08-29T15:40:00,520.0,CAM-01,Sony FX6,Ariel,"Location C - Rooftop (Exterior, Night)",exterior,18.0,-55.4,86.6,0.95,30.7,OK,46.6,0,35,True,True
2026-08-29T15:40:00,520.0,CAM-02,Sony FX6,Marlon,"Location C - Rooftop (Exterior, Night)",exterior,32.0,-59.7,85.8,0.92,29.9,OK,50.4,0,35,True,True
2026-08-29T15:40:00,520.0,CAM-03,Sony FX3,Kiko,"Location C - Rooftop (Exterior, Night)",exterior,68.0,-66.1,78.2,0.61,32.1,DEGRADED,27.7,7,350,True,True
2026-08-29T15:40:00,520.0,CAM-04,Sony FX3,Dennis,"Location C - Rooftop (Exterior, Night)",exterior,45.0,-59.4,84.9,0.88,32.7,OK,46.5,0,35,True,True
2026-08-29T15:40:00,520.0,CAM-05,Blackmagic,Jorge,"Location C - Rooftop (Exterior, Night)",exterior,95.0,-67.1,82.9,0.79,31.0,DEGRADED,24.7,43,101,True,True
2026-08-29T15:40:30,520.5,CAM-01,Sony FX6,Ariel,"Location C - Rooftop (Exterior, Night)",exterior,18.0,-51.1,86.2,0.95,31.3,OK,49.2,0,35,True,True
2026-08-29T15:40:30,520.5,CAM-02,Sony FX6,Marlon,"Location C - Rooftop (Exterior, Night)",exterior,32.0,-58.4,85.2,0.92,31.5,OK,48.4,0,35,True,True
2026-08-29T15:40:30,520.5,CAM-03,Sony FX3,Kiko,"Location C - Rooftop (Exterior, Night)",exterior,68.0,-65.3,78.2,0.61,30.6,DEGRADED,30.2,10,208,True,True
2026-08-29T15:40:30,520.5,CAM-04,Sony FX3,Dennis,"Location C - Rooftop (Exterior, Night)",exterior,45.0,-60.1,84.7,0.88,31.5,OK,47.4,0,39,True,True
2026-08-29T15:40:30,520.5,CAM-05,Blackmagic,Jorge,"Location C - Rooftop (Exterior, Night)",exterior,95.0,-65.4,83.8,0.79,31.4,DEGRADED,31.2,49,322,True,True
2026-08-29T15:41:00,521.0,CAM-01,Sony FX6,Ariel,"Location C - Rooftop (Exterior, Night)",exterior,18.0,-54.8,86.5,0.95,31.2,OK,48.9,0,35,True,True
2026-08-29T15:41:00,521.0,CAM-02,Sony FX6,Marlon,"Location C - Rooftop (Exterior, Night)",exterior,32.0,-60.4,84.9,0.92,31.6,OK,46.9,0,52,True,True
2026-08-29T15:41:00,521.0,CAM-03,Sony FX3,Kiko,"Location C - Rooftop (Exterior, Night)",exterior,68.0,-61.1,77.2,0.61,30.0,OK,46.6,1,68,True,True
2026-08-29T15:41:00,521.0,CAM-04,Sony FX3,Dennis,"Location C - Rooftop (Exterior, Night)",exterior,45.0,-61.5,85.2,0.88,30.8,OK,42.0,11,92,True,True
2026-08-29T15:41:00,521.0,CAM-05,Blackmagic,Jorge,"Location C - Rooftop (Exterior, Night)",exterior,95.0,-65.6,83.2,0.79,31.5,DEGRADED,29.5,8,152,True,True
2026-08-29T15:41:30,521.5,CAM-01,Sony FX6,Ariel,"Location C - Rooftop (Exterior, Night)",exterior,18.0,-51.2,85.8,0.95,29.3,OK,45.9,0,35,True,True
2026-08-29T15:41:30,521.5,CAM-02,Sony FX6,Marlon,"Location C - Rooftop (Exterior, Night)",exterior,32.0,-59.8,86.3,0.92,31.6,OK,47.8,0,35,True,True
2026-08-29T15:41:30,521.5,CAM-03,Sony FX3,Kiko,"Location C - Rooftop (Exterior, Night)",exterior,68.0,-61.8,77.9,0.61,31.1,OK,40.2,11,132,True,True
2026-08-29T15:41:30,521.5,CAM-04,Sony FX3,Dennis,"Location C - Rooftop (Exterior, Night)",exterior,45.0,-62.4,84.8,0.88,31.2,OK,41.3,18,60,True,True
2026-08-29T15:41:30,521.5,CAM-05,Blackmagic,Jorge,"Location C - Rooftop (Exterior, Night)",exterior,95.0,-65.2,82.9,0.79,31.2,OK,31.9,33,115,True,True
2026-08-29T15:42:00,522.0,CAM-01,Sony FX6,Ariel,"Location C - Rooftop (Exterior, Night)",exterior,18.0,-52.6,85.8,0.95,31.9,OK,49.1,0,35,True,True
2026-08-29T15:42:00,522.0,CAM-02,Sony FX6,Marlon,"Location C - Rooftop (Exterior, Night)",exterior,32.0,-61.9,84.5,0.92,32.0,OK,42.5,9,50,True,True
2026-08-29T15:42:00,522.0,CAM-03,Sony FX3,Kiko,"Location C - Rooftop (Exterior, Night)",exterior,68.0,-64.9,77.9,0.61,31.2,OK,31.5,5,211,True,True
2026-08-29T15:42:00,522.0,CAM-04,Sony FX3,Dennis,"Location C - Rooftop (Exterior, Night)",exterior,45.0,-62.3,83.8,0.88,31.5,OK,40.8,14,68,True,True
2026-08-29T15:42:00,522.0,CAM-05,Blackmagic,Jorge,"Location C - Rooftop (Exterior, Night)",exterior,95.0,-67.7,83.1,0.79,31.2,DEGRADED,22.4,31,131,True,True
2026-08-29T15:42:30,522.5,CAM-01,Sony FX6,Ariel,"Location C - Rooftop (Exterior, Night)",exterior,18.0,-53.7,84.7,0.95,30.3,OK,46.8,0,35,True,True
2026-08-29T15:42:30,522.5,CAM-02,Sony FX6,Marlon,"Location C - Rooftop (Exterior, Night)",exterior,32.0,-58.8,84.5,0.92,31.8,OK,48.7,0,35,True,True
2026-08-29T15:42:30,522.5,CAM-03,Sony FX3,Kiko,"Location C - Rooftop (Exterior, Night)",exterior,68.0,-64.9,76.6,0.61,31.3,OK,32.7,23,263,True,True
2026-08-29T15:42:30,522.5,CAM-04,Sony FX3,Dennis,"Location C - Rooftop (Exterior, Night)",exterior,45.0,-60.8,84.7,0.88,31.3,OK,44.9,5,73,True,True
2026-08-29T15:42:30,522.5,CAM-05,Blackmagic,Jorge,"Location C - Rooftop (Exterior, Night)",exterior,95.0,-61.0,82.7,0.79,31.0,OK,48.5,2,59,True,True
2026-08-29T15:43:00,523.0,CAM-01,Sony FX6,Ariel,"Location C - Rooftop (Exterior, Night)",exterior,18.0,-51.4,85.5,0.95,31.0,OK,49.8,0,35,True,True
2026-08-29T15:43:00,523.0,CAM-02,Sony FX6,Marlon,"Location C - Rooftop (Exterior, Night)",exterior,32.0,-56.8,84.5,0.92,30.3,OK,49.9,0,35,True,True
2026-08-29T15:43:00,523.0,CAM-03,Sony FX3,Kiko,"Location C - Rooftop (Exterior, Night)",exterior,68.0,-64.7,77.3,0.61,31.6,OK,30.7,9,157,True,True
2026-08-29T15:43:00,523.0,CAM-04,Sony FX3,Dennis,"Location C - Rooftop (Exterior, Night)",exterior,45.0,-58.7,83.7,0.88,31.9,OK,47.6,0,35,True,True
2026-08-29T15:43:00,523.0,CAM-05,Blackmagic,Jorge,"Location C - Rooftop (Exterior, Night)",exterior,95.0,-63.3,81.9,0.79,31.1,OK,36.1,27,187,True,True
2026-08-29T15:43:30,523.5,CAM-01,Sony FX6,Ariel,"Location C - Rooftop (Exterior, Night)",exterior,18.0,-48.2,85.1,0.95,32.3,OK,47.3,0,35,True,True
2026-08-29T15:43:30,523.5,CAM-02,Sony FX6,Marlon,"Location C - Rooftop (Exterior, Night)",exterior,32.0,-57.9,84.7,0.92,30.3,OK,49.0,0,35,True,True
2026-08-29T15:43:30,523.5,CAM-03,Sony FX3,Kiko,"Location C - Rooftop (Exterior, Night)",exterior,68.0,-64.1,77.9,0.61,32.4,OK,31.9,15,190,True,True
2026-08-29T15:43:30,523.5,CAM-04,Sony FX3,Dennis,"Location C - Rooftop (Exterior, Night)",exterior,45.0,-59.6,84.0,0.88,31.1,OK,47.0,0,35,True,True
2026-08-29T15:43:30,523.5,CAM-05,Blackmagic,Jorge,"Location C - Rooftop (Exterior, Night)",exterior,95.0,-62.9,82.7,0.79,30.9,OK,38.7,0,127,True,True
2026-08-29T15:44:00,524.0,CAM-01,Sony FX6,Ariel,"Location C - Rooftop (Exterior, Night)",exterior,18.0,-52.5,85.0,0.95,31.8,OK,48.5,0,35,True,True
2026-08-29T15:44:00,524.0,CAM-02,Sony FX6,Marlon,"Location C - Rooftop (Exterior, Night)",exterior,32.0,-57.8,84.8,0.92,31.0,OK,46.6,0,35,True,True
2026-08-29T15:44:00,524.0,CAM-03,Sony FX3,Kiko,"Location C - Rooftop (Exterior, Night)",exterior,68.0,-64.0,77.4,0.61,30.6,OK,33.4,23,196,True,True
2026-08-29T15:44:00,524.0,CAM-04,Sony FX3,Dennis,"Location C - Rooftop (Exterior, Night)",exterior,45.0,-60.3,84.4,0.88,30.8,OK,44.2,1,38,True,True
2026-08-29T15:44:00,524.0,CAM-05,Blackmagic,Jorge,"Location C - Rooftop (Exterior, Night)",exterior,95.0,-64.4,81.9,0.79,29.8,OK,33.3,28,188,True,True
2026-08-29T15:44:30,524.5,CAM-01,Sony FX6,Ariel,"Location C - Rooftop (Exterior, Night)",exterior,18.0,-54.9,85.3,0.95,30.3,OK,50.8,0,35,True,True
2026-08-29T15:44:30,524.5,CAM-02,Sony FX6,Marlon,"Location C - Rooftop (Exterior, Night)",exterior,32.0,-53.7,84.0,0.92,31.4,OK,44.2,0,35,True,True
2026-08-29T15:44:30,524.5,CAM-03,Sony FX3,Kiko,"Location C - Rooftop (Exterior, Night)",exterior,68.0,-61.3,77.2,0.61,30.1,OK,44.7,11,80,True,True
2026-08-29T15:44:30,524.5,CAM-04,Sony FX3,Dennis,"Location C - Rooftop (Exterior, Night)",exterior,45.0,-62.5,83.9,0.88,30.0,OK,39.2,3,78,True,True
2026-08-29T15:44:30,524.5,CAM-05,Blackmagic,Jorge,"Location C - Rooftop (Exterior, Night)",exterior,95.0,-63.8,82.1,0.79,31.1,OK,37.0,12,116,True,True
2026-08-29T15:45:00,525.0,CAM-01,Sony FX6,Ariel,"Location C - Rooftop (Exterior, Night)",exterior,18.0,-57.4,85.3,0.95,29.7,OK,47.7,0,35,True,True
2026-08-29T15:45:00,525.0,CAM-02,Sony FX6,Marlon,"Location C - Rooftop (Exterior, Night)",exterior,32.0,-60.0,84.7,0.92,31.2,OK,48.2,0,35,True,True
2026-08-29T15:45:00,525.0,CAM-03,Sony FX3,Kiko,"Location C - Rooftop (Exterior, Night)",exterior,68.0,-64.0,76.6,0.61,30.2,OK,35.7,4,131,True,True
2026-08-29T15:45:00,525.0,CAM-04,Sony FX3,Dennis,"Location C - Rooftop (Exterior, Night)",exterior,45.0,-61.2,84.2,0.88,32.1,OK,45.8,2,45,True,True
2026-08-29T15:45:00,525.0,CAM-05,Blackmagic,Jorge,"Location C - Rooftop (Exterior, Night)",exterior,95.0,-68.1,82.1,0.79,30.7,DEGRADED,19.8,53,471,True,True
2026-08-29T15:45:30,525.5,CAM-01,Sony FX6,Ariel,"Location C - Rooftop (Exterior, Night)",exterior,18.0,-51.5,85.1,0.95,31.5,OK,48.9,0,35,True,True
2026-08-29T15:45:30,525.5,CAM-02,Sony FX6,Marlon,"Location C - Rooftop (Exterior, Night)",exterior,32.0,-57.3,84.2,0.92,30.5,OK,47.9,0,35,True,True
2026-08-29T15:45:30,525.5,CAM-03,Sony FX3,Kiko,"Location C - Rooftop (Exterior, Night)",exterior,68.0,-64.2,76.5,0.61,30.5,OK,33.5,13,112,True,True
2026-08-29T15:45:30,525.5,CAM-04,Sony FX3,Dennis,"Location C - Rooftop (Exterior, Night)",exterior,45.0,-60.5,83.2,0.88,31.0,OK,48.2,1,60,True,True
2026-08-29T15:45:30,525.5,CAM-05,Blackmagic,Jorge,"Location C - Rooftop (Exterior, Night)",exterior,95.0,-64.8,81.0,0.79,31.1,OK,34.3,44,271,True,True
2026-08-29T15:46:00,526.0,CAM-01,Sony FX6,Ariel,"Location C - Rooftop (Exterior, Night)",exterior,18.0,-52.5,85.5,0.95,30.5,OK,46.1,0,35,True,True
2026-08-29T15:46:00,526.0,CAM-02,Sony FX6,Marlon,"Location C - Rooftop (Exterior, Night)",exterior,32.0,-56.8,83.9,0.92,30.3,OK,48.8,0,35,True,True
2026-08-29T15:46:00,526.0,CAM-03,Sony FX3,Kiko,"Location C - Rooftop (Exterior, Night)",exterior,68.0,-62.6,75.8,0.61,32.1,OK,39.1,3,117,True,True
2026-08-29T15:46:00,526.0,CAM-04,Sony FX3,Dennis,"Location C - Rooftop (Exterior, Night)",exterior,45.0,-59.4,83.7,0.88,29.6,OK,47.6,0,35,True,True
2026-08-29T15:46:00,526.0,CAM-05,Blackmagic,Jorge,"Location C - Rooftop (Exterior, Night)",exterior,95.0,-64.8,81.7,0.79,32.3,OK,29.6,19,288,True,True
2026-08-29T15:46:30,526.5,CAM-01,Sony FX6,Ariel,"Location C - Rooftop (Exterior, Night)",exterior,18.0,-52.9,85.3,0.95,31.1,OK,49.4,0,35,True,True
2026-08-29T15:46:30,526.5,CAM-02,Sony FX6,Marlon,"Location C - Rooftop (Exterior, Night)",exterior,32.0,-61.6,83.7,0.92,30.9,OK,42.7,11,58,True,True
2026-08-29T15:46:30,526.5,CAM-03,Sony FX3,Kiko,"Location C - Rooftop (Exterior, Night)",exterior,68.0,-59.8,75.9,0.61,30.3,OK,47.3,0,35,True,True
2026-08-29T15:46:30,526.5,CAM-04,Sony FX3,Dennis,"Location C - Rooftop (Exterior, Night)",exterior,45.0,-61.1,83.3,0.88,30.0,OK,45.7,2,94,True,True
2026-08-29T15:46:30,526.5,CAM-05,Blackmagic,Jorge,"Location C - Rooftop (Exterior, Night)",exterior,95.0,-65.5,81.4,0.79,30.8,DEGRADED,32.2,12,140,True,True
2026-08-29T15:47:00,527.0,CAM-01,Sony FX6,Ariel,"Location C - Rooftop (Exterior, Night)",exterior,18.0,-50.1,83.7,0.95,31.1,OK,47.6,0,35,True,True
2026-08-29T15:47:00,527.0,CAM-02,Sony FX6,Marlon,"Location C - Rooftop (Exterior, Night)",exterior,32.0,-60.8,84.0,0.92,30.8,OK,43.5,6,43,True,True
2026-08-29T15:47:00,527.0,CAM-03,Sony FX3,Kiko,"Location C - Rooftop (Exterior, Night)",exterior,68.0,-62.1,75.1,0.61,30.6,OK,42.2,14,93,True,True
2026-08-29T15:47:00,527.0,CAM-04,Sony FX3,Dennis,"Location C - Rooftop (Exterior, Night)",exterior,45.0,-60.9,83.4,0.88,32.1,OK,46.4,5,81,True,True
2026-08-29T15:47:00,527.0,CAM-05,Blackmagic,Jorge,"Location C - Rooftop (Exterior, Night)",exterior,95.0,-66.2,81.0,0.79,30.2,DEGRADED,28.8,9,62,True,True
2026-08-29T15:47:30,527.5,CAM-01,Sony FX6,Ariel,"Location C - Rooftop (Exterior, Night)",exterior,18.0,-51.7,84.4,0.95,32.5,OK,46.7,0,35,True,True
2026-08-29T15:47:30,527.5,CAM-02,Sony FX6,Marlon,"Location C - Rooftop (Exterior, Night)",exterior,32.0,-51.7,84.4,0.92,31.2,OK,49.2,0,35,True,True
2026-08-29T15:47:30,527.5,CAM-03,Sony FX3,Kiko,"Location C - Rooftop (Exterior, Night)",exterior,68.0,-63.8,75.0,0.61,31.3,OK,37.0,4,137,True,True
2026-08-29T15:47:30,527.5,CAM-04,Sony FX3,Dennis,"Location C - Rooftop (Exterior, Night)",exterior,45.0,-60.0,83.4,0.88,31.3,OK,49.0,0,35,True,True
2026-08-29T15:47:30,527.5,CAM-05,Blackmagic,Jorge,"Location C - Rooftop (Exterior, Night)",exterior,95.0,-66.2,80.6,0.79,30.9,DEGRADED,27.7,5,64,True,True
2026-08-29T15:48:00,528.0,CAM-01,Sony FX6,Ariel,"Location C - Rooftop (Exterior, Night)",exterior,18.0,-59.0,83.9,0.95,31.9,OK,49.7,0,35,True,True
2026-08-29T15:48:00,528.0,CAM-02,Sony FX6,Marlon,"Location C - Rooftop (Exterior, Night)",exterior,32.0,-63.1,84.1,0.92,31.0,OK,37.0,24,199,True,True
2026-08-29T15:48:00,528.0,CAM-03,Sony FX3,Kiko,"Location C - Rooftop (Exterior, Night)",exterior,68.0,-62.3,74.2,0.61,30.8,OK,41.8,15,154,True,True
2026-08-29T15:48:00,528.0,CAM-04,Sony FX3,Dennis,"Location C - Rooftop (Exterior, Night)",exterior,45.0,-58.8,83.6,0.88,29.9,OK,45.6,0,35,True,True
2026-08-29T15:48:00,528.0,CAM-05,Blackmagic,Jorge,"Location C - Rooftop (Exterior, Night)",exterior,95.0,-65.0,80.4,0.79,32.3,OK,29.9,9,114,True,True
2026-08-29T15:48:30,528.5,CAM-01,Sony FX6,Ariel,"Location C - Rooftop (Exterior, Night)",exterior,18.0,-52.6,84.6,0.95,30.3,OK,48.2,0,35,True,True
2026-08-29T15:48:30,528.5,CAM-02,Sony FX6,Marlon,"Location C - Rooftop (Exterior, Night)",exterior,32.0,-56.8,83.6,0.92,31.5,OK,51.2,0,35,True,True
2026-08-29T15:48:30,528.5,CAM-03,Sony FX3,Kiko,"Location C - Rooftop (Exterior, Night)",exterior,68.0,-63.6,75.4,0.61,30.9,OK,35.8,2,153,True,True
2026-08-29T15:48:30,528.5,CAM-04,Sony FX3,Dennis,"Location C - Rooftop (Exterior, Night)",exterior,45.0,-57.9,83.3,0.88,32.5,OK,47.7,0,35,True,True
2026-08-29T15:48:30,528.5,CAM-05,Blackmagic,Jorge,"Location C - Rooftop (Exterior, Night)",exterior,95.0,-62.3,80.8,0.79,29.9,OK,40.4,1,137,True,True
2026-08-29T15:49:00,529.0,CAM-01,Sony FX6,Ariel,"Location C - Rooftop (Exterior, Night)",exterior,18.0,-50.4,84.0,0.95,32.7,OK,51.1,0,35,True,True
2026-08-29T15:49:00,529.0,CAM-02,Sony FX6,Marlon,"Location C - Rooftop (Exterior, Night)",exterior,32.0,-59.3,83.7,0.92,30.9,OK,47.4,0,35,True,True
2026-08-29T15:49:00,529.0,CAM-03,Sony FX3,Kiko,"Location C - Rooftop (Exterior, Night)",exterior,68.0,-64.0,74.7,0.61,30.3,OK,34.5,11,214,True,True
2026-08-29T15:49:00,529.0,CAM-04,Sony FX3,Dennis,"Location C - Rooftop (Exterior, Night)",exterior,45.0,-61.9,83.6,0.88,31.3,OK,44.3,13,97,True,True
2026-08-29T15:49:00,529.0,CAM-05,Blackmagic,Jorge,"Location C - Rooftop (Exterior, Night)",exterior,95.0,-68.6,80.6,0.79,30.3,DEGRADED,22.5,19,550,True,True
2026-08-29T15:49:30,529.5,CAM-01,Sony FX6,Ariel,"Location C - Rooftop (Exterior, Night)",exterior,18.0,-56.8,83.0,0.95,29.6,OK,47.0,0,35,True,True
2026-08-29T15:49:30,529.5,CAM-02,Sony FX6,Marlon,"Location C - Rooftop (Exterior, Night)",exterior,32.0,-55.3,83.6,0.92,31.9,OK,46.6,0,35,True,True
2026-08-29T15:49:30,529.5,CAM-03,Sony FX3,Kiko,"Location C - Rooftop (Exterior, Night)",exterior,68.0,-62.0,74.4,0.61,31.0,OK,39.2,10,46,True,True
2026-08-29T15:49:30,529.5,CAM-04,Sony FX3,Dennis,"Location C - Rooftop (Exterior, Night)",exterior,45.0,-56.7,82.5,0.88,30.1,OK,49.1,0,35,True,True
2026-08-29T15:49:30,529.5,CAM-05,Blackmagic,Jorge,"Location C - Rooftop (Exterior, Night)",exterior,95.0,-66.7,80.3,0.79,32.0,DEGRADED,26.8,22,331,True,True
2026-08-29T15:50:00,530.0,CAM-01,Sony FX6,Ariel,"Location C - Rooftop (Exterior, Night)",exterior,18.0,-52.0,85.0,0.95,31.5,OK,46.1,0,35,True,True
2026-08-29T15:50:00,530.0,CAM-02,Sony FX6,Marlon,"Location C - Rooftop (Exterior, Night)",exterior,32.0,-59.3,83.9,0.92,30.8,OK,47.3,0,35,True,True
2026-08-29T15:50:00,530.0,CAM-03,Sony FX3,Kiko,"Location C - Rooftop (Exterior, Night)",exterior,68.0,-62.5,74.1,0.61,31.9,OK,39.9,19,149,True,True
2026-08-29T15:50:00,530.0,CAM-04,Sony FX3,Dennis,"Location C - Rooftop (Exterior, Night)",exterior,45.0,-60.1,82.4,0.88,31.6,OK,48.0,0,35,True,True
2026-08-29T15:50:00,530.0,CAM-05,Blackmagic,Jorge,"Location C - Rooftop (Exterior, Night)",exterior,95.0,-68.0,80.0,0.79,29.9,DEGRADED,23.6,57,403,True,True
2026-08-29T15:50:30,530.5,CAM-01,Sony FX6,Ariel,"Location C - Rooftop (Exterior, Night)",exterior,18.0,-52.5,83.6,0.95,32.4,OK,48.6,0,35,True,True
2026-08-29T15:50:30,530.5,CAM-02,Sony FX6,Marlon,"Location C - Rooftop (Exterior, Night)",exterior,32.0,-62.1,82.8,0.92,30.4,OK,41.2,5,61,True,True
2026-08-29T15:50:30,530.5,CAM-03,Sony FX3,Kiko,"Location C - Rooftop (Exterior, Night)",exterior,68.0,-64.0,73.7,0.61,30.8,OK,33.4,32,260,True,True
2026-08-29T15:50:30,530.5,CAM-04,Sony FX3,Dennis,"Location C - Rooftop (Exterior, Night)",exterior,45.0,-59.3,82.7,0.88,31.8,OK,48.6,0,35,True,True
2026-08-29T15:50:30,530.5,CAM-05,Blackmagic,Jorge,"Location C - Rooftop (Exterior, Night)",exterior,95.0,-64.7,80.0,0.79,30.2,OK,33.5,17,231,True,True
2026-08-29T15:51:00,531.0,CAM-01,Sony FX6,Ariel,"Location C - Rooftop (Exterior, Night)",exterior,18.0,-51.5,83.8,0.95,31.2,OK,48.6,0,35,True,True
2026-08-29T15:51:00,531.0,CAM-02,Sony FX6,Marlon,"Location C - Rooftop (Exterior, Night)",exterior,32.0,-60.0,83.1,0.92,31.9,OK,45.9,0,35,True,True
2026-08-29T15:51:00,531.0,CAM-03,Sony FX3,Kiko,"Location C - Rooftop (Exterior, Night)",exterior,68.0,-62.4,74.0,0.61,31.9,OK,44.1,8,177,True,True
2026-08-29T15:51:00,531.0,CAM-04,Sony FX3,Dennis,"Location C - Rooftop (Exterior, Night)",exterior,45.0,-60.1,82.5,0.88,31.4,OK,46.4,0,36,True,True
2026-08-29T15:51:00,531.0,CAM-05,Blackmagic,Jorge,"Location C - Rooftop (Exterior, Night)",exterior,95.0,-63.2,81.0,0.79,31.5,OK,37.4,0,210,True,True
2026-08-29T15:51:30,531.5,CAM-01,Sony FX6,Ariel,"Location C - Rooftop (Exterior, Night)",exterior,18.0,-53.5,81.9,0.95,29.7,OK,48.6,0,35,True,True
2026-08-29T15:51:30,531.5,CAM-02,Sony FX6,Marlon,"Location C - Rooftop (Exterior, Night)",exterior,32.0,-58.1,82.6,0.92,31.8,OK,48.9,0,35,True,True
2026-08-29T15:51:30,531.5,CAM-03,Sony FX3,Kiko,"Location C - Rooftop (Exterior, Night)",exterior,68.0,-66.8,73.8,0.61,30.7,DEGRADED,26.8,44,138,True,True
2026-08-29T15:51:30,531.5,CAM-04,Sony FX3,Dennis,"Location C - Rooftop (Exterior, Night)",exterior,45.0,-60.2,81.6,0.88,31.3,OK,47.3,1,45,True,True
2026-08-29T15:51:30,531.5,CAM-05,Blackmagic,Jorge,"Location C - Rooftop (Exterior, Night)",exterior,95.0,-63.9,79.8,0.79,31.7,OK,34.8,33,92,True,True
2026-08-29T15:52:00,532.0,CAM-01,Sony FX6,Ariel,"Location C - Rooftop (Exterior, Night)",exterior,18.0,-55.6,83.3,0.95,31.4,OK,48.0,0,35,True,True
2026-08-29T15:52:00,532.0,CAM-02,Sony FX6,Marlon,"Location C - Rooftop (Exterior, Night)",exterior,32.0,-61.0,83.2,0.92,31.1,OK,43.7,1,83,True,True
2026-08-29T15:52:00,532.0,CAM-03,Sony FX3,Kiko,"Location C - Rooftop (Exterior, Night)",exterior,68.0,-62.3,73.2,0.61,30.8,OK,39.8,16,70,True,True
2026-08-29T15:52:00,532.0,CAM-04,Sony FX3,Dennis,"Location C - Rooftop (Exterior, Night)",exterior,45.0,-56.4,82.2,0.88,30.7,OK,45.3,0,35,True,True
2026-08-29T15:52:00,532.0,CAM-05,Blackmagic,Jorge,"Location C - Rooftop (Exterior, Night)",exterior,95.0,-62.9,80.1,0.79,30.6,OK,38.3,5,198,True,True
2026-08-29T15:52:30,532.5,CAM-01,Sony FX6,Ariel,"Location C - Rooftop (Exterior, Night)",exterior,18.0,-50.4,83.4,0.95,31.5,OK,48.1,0,35,True,True
2026-08-29T15:52:30,532.5,CAM-02,Sony FX6,Marlon,"Location C - Rooftop (Exterior, Night)",exterior,32.0,-59.2,82.1,0.92,29.6,OK,47.4,0,35,True,True
2026-08-29T15:52:30,532.5,CAM-03,Sony FX3,Kiko,"Location C - Rooftop (Exterior, Night)",exterior,68.0,-66.2,73.6,0.61,31.7,DEGRADED,28.9,28,249,True,True
2026-08-29T15:52:30,532.5,CAM-04,Sony FX3,Dennis,"Location C - Rooftop (Exterior, Night)",exterior,45.0,-58.8,81.7,0.88,31.1,OK,48.7,0,35,True,True
2026-08-29T15:52:30,532.5,CAM-05,Blackmagic,Jorge,"Location C - Rooftop (Exterior, Night)",exterior,95.0,-68.1,79.3,0.79,30.8,DEGRADED,21.4,71,326,True,True
2026-08-29T15:53:00,533.0,CAM-01,Sony FX6,Ariel,"Location C - Rooftop (Exterior, Night)",exterior,18.0,-54.3,83.1,0.95,32.1,OK,47.7,0,35,True,True
2026-08-29T15:53:00,533.0,CAM-02,Sony FX6,Marlon,"Location C - Rooftop (Exterior, Night)",exterior,32.0,-59.1,82.8,0.92,31.2,OK,47.3,0,35,True,True
2026-08-29T15:53:00,533.0,CAM-03,Sony FX3,Kiko,"Location C - Rooftop (Exterior, Night)",exterior,68.0,-64.7,72.9,0.61,30.7,OK,32.4,12,138,True,True
2026-08-29T15:53:00,533.0,CAM-04,Sony FX3,Dennis,"Location C - Rooftop (Exterior, Night)",exterior,45.0,-61.0,81.2,0.88,29.9,OK,45.5,9,72,True,True
2026-08-29T15:53:00,533.0,CAM-05,Blackmagic,Jorge,"Location C - Rooftop (Exterior, Night)",exterior,95.0,-67.6,79.6,0.79,31.4,DEGRADED,26.0,9,487,True,True
2026-08-29T15:53:30,533.5,CAM-01,Sony FX6,Ariel,"Location C - Rooftop (Exterior, Night)",exterior,18.0,-53.1,83.7,0.95,32.1,OK,48.5,0,35,True,True
2026-08-29T15:53:30,533.5,CAM-02,Sony FX6,Marlon,"Location C - Rooftop (Exterior, Night)",exterior,32.0,-55.1,82.1,0.92,30.4,OK,47.9,0,35,True,True
2026-08-29T15:53:30,533.5,CAM-03,Sony FX3,Kiko,"Location C - Rooftop (Exterior, Night)",exterior,68.0,-61.9,72.8,0.61,30.4,OK,41.1,10,114,True,True
2026-08-29T15:53:30,533.5,CAM-04,Sony FX3,Dennis,"Location C - Rooftop (Exterior, Night)",exterior,45.0,-56.5,81.5,0.88,31.2,OK,45.8,0,35,True,True
2026-08-29T15:53:30,533.5,CAM-05,Blackmagic,Jorge,"Location C - Rooftop (Exterior, Night)",exterior,95.0,-63.2,79.6,0.79,31.9,OK,36.0,15,162,True,True
2026-08-29T15:54:00,534.0,CAM-01,Sony FX6,Ariel,"Location C - Rooftop (Exterior, Night)",exterior,18.0,-53.7,82.5,0.95,28.6,OK,49.2,0,35,True,True
2026-08-29T15:54:00,534.0,CAM-02,Sony FX6,Marlon,"Location C - Rooftop (Exterior, Night)",exterior,32.0,-55.1,81.8,0.92,30.1,OK,47.1,0,35,True,True
2026-08-29T15:54:00,534.0,CAM-03,Sony FX3,Kiko,"Location C - Rooftop (Exterior, Night)",exterior,68.0,-65.1,72.9,0.61,31.0,OK,31.6,25,108,True,True
2026-08-29T15:54:00,534.0,CAM-04,Sony FX3,Dennis,"Location C - Rooftop (Exterior, Night)",exterior,45.0,-58.8,81.9,0.88,31.2,OK,48.6,0,35,True,True
2026-08-29T15:54:00,534.0,CAM-05,Blackmagic,Jorge,"Location C - Rooftop (Exterior, Night)",exterior,95.0,-65.4,80.0,0.79,30.7,DEGRADED,32.6,49,125,True,True
2026-08-29T15:54:30,534.5,CAM-01,Sony FX6,Ariel,"Location C - Rooftop (Exterior, Night)",exterior,18.0,-56.4,82.4,0.95,31.6,OK,47.4,0,35,True,True
2026-08-29T15:54:30,534.5,CAM-02,Sony FX6,Marlon,"Location C - Rooftop (Exterior, Night)",exterior,32.0,-59.5,82.8,0.92,30.3,OK,48.8,0,35,True,True
2026-08-29T15:54:30,534.5,CAM-03,Sony FX3,Kiko,"Location C - Rooftop (Exterior, Night)",exterior,68.0,-62.5,72.3,0.61,30.8,OK,40.0,3,164,True,True
2026-08-29T15:54:30,534.5,CAM-04,Sony FX3,Dennis,"Location C - Rooftop (Exterior, Night)",exterior,45.0,-59.1,81.4,0.88,31.3,OK,46.4,0,35,True,True
2026-08-29T15:54:30,534.5,CAM-05,Blackmagic,Jorge,"Location C - Rooftop (Exterior, Night)",exterior,95.0,-64.9,79.9,0.79,31.6,OK,34.4,30,181,True,True
2026-08-29T15:55:00,535.0,CAM-01,Sony FX6,Ariel,"Location C - Rooftop (Exterior, Night)",exterior,18.0,-54.7,81.9,0.95,31.6,OK,50.1,0,35,True,True
2026-08-29T15:55:00,535.0,CAM-02,Sony FX6,Marlon,"Location C - Rooftop (Exterior, Night)",exterior,32.0,-58.1,82.3,0.92,31.8,OK,47.8,0,35,True,True
2026-08-29T15:55:00,535.0,CAM-03,Sony FX3,Kiko,"Location C - Rooftop (Exterior, Night)",exterior,68.0,-63.7,72.0,0.61,32.0,OK,36.3,14,198,True,True
2026-08-29T15:55:00,535.0,CAM-04,Sony FX3,Dennis,"Location C - Rooftop (Exterior, Night)",exterior,45.0,-60.9,80.6,0.88,31.4,OK,48.0,1,54,True,True
2026-08-29T15:55:00,535.0,CAM-05,Blackmagic,Jorge,"Location C - Rooftop (Exterior, Night)",exterior,95.0,-63.4,78.9,0.79,31.2,OK,34.0,19,86,True,True
2026-08-29T15:55:30,535.5,CAM-01,Sony FX6,Ariel,"Location C - Rooftop (Exterior, Night)",exterior,18.0,-56.0,82.6,0.95,29.8,OK,50.7,0,35,True,True
2026-08-29T15:55:30,535.5,CAM-02,Sony FX6,Marlon,"Location C - Rooftop (Exterior, Night)",exterior,32.0,-56.9,81.3,0.92,30.9,OK,47.8,0,35,True,True
2026-08-29T15:55:30,535.5,CAM-03,Sony FX3,Kiko,"Location C - Rooftop (Exterior, Night)",exterior,68.0,-67.4,72.3,0.61,31.2,DEGRADED,22.1,25,458,True,True
2026-08-29T15:55:30,535.5,CAM-04,Sony FX3,Dennis,"Location C - Rooftop (Exterior, Night)",exterior,45.0,-58.9,81.3,0.88,31.0,OK,45.2,0,35,True,True
2026-08-29T15:55:30,535.5,CAM-05,Blackmagic,Jorge,"Location C - Rooftop (Exterior, Night)",exterior,95.0,-61.5,78.8,0.79,31.0,OK,44.9,2,121,True,True
2026-08-29T15:56:00,536.0,CAM-01,Sony FX6,Ariel,"Location C - Rooftop (Exterior, Night)",exterior,18.0,-53.7,82.8,0.95,30.7,OK,47.8,0,35,True,True
2026-08-29T15:56:00,536.0,CAM-02,Sony FX6,Marlon,"Location C - Rooftop (Exterior, Night)",exterior,32.0,-58.2,81.6,0.92,31.2,OK,47.9,0,35,True,True
2026-08-29T15:56:00,536.0,CAM-03,Sony FX3,Kiko,"Location C - Rooftop (Exterior, Night)",exterior,68.0,-62.4,71.5,0.61,31.4,OK,42.1,20,144,True,True
2026-08-29T15:56:00,536.0,CAM-04,Sony FX3,Dennis,"Location C - Rooftop (Exterior, Night)",exterior,45.0,-63.1,81.2,0.88,31.9,OK,37.2,6,124,True,True
2026-08-29T15:56:00,536.0,CAM-05,Blackmagic,Jorge,"Location C - Rooftop (Exterior, Night)",exterior,95.0,-65.5,79.1,0.79,32.4,DEGRADED,31.1,26,247,True,True
2026-08-29T15:56:30,536.5,CAM-01,Sony FX6,Ariel,"Location C - Rooftop (Exterior, Night)",exterior,18.0,-56.2,82.3,0.95,31.0,OK,47.5,0,35,True,True
2026-08-29T15:56:30,536.5,CAM-02,Sony FX6,Marlon,"Location C - Rooftop (Exterior, Night)",exterior,32.0,-60.6,81.5,0.92,30.7,OK,45.0,4,69,True,True
2026-08-29T15:56:30,536.5,CAM-03,Sony FX3,Kiko,"Location C - Rooftop (Exterior, Night)",exterior,68.0,-60.6,72.2,0.61,30.5,OK,49.0,2,55,True,True
2026-08-29T15:56:30,536.5,CAM-04,Sony FX3,Dennis,"Location C - Rooftop (Exterior, Night)",exterior,45.0,-61.5,80.7,0.88,32.1,OK,45.0,9,73,True,True
2026-08-29T15:56:30,536.5,CAM-05,Blackmagic,Jorge,"Location C - Rooftop (Exterior, Night)",exterior,95.0,-64.4,78.3,0.79,31.9,OK,34.6,1,133,True,True
2026-08-29T15:57:00,537.0,CAM-01,Sony FX6,Ariel,"Location C - Rooftop (Exterior, Night)",exterior,18.0,-55.1,82.7,0.95,31.0,OK,48.0,0,35,True,True
2026-08-29T15:57:00,537.0,CAM-02,Sony FX6,Marlon,"Location C - Rooftop (Exterior, Night)",exterior,32.0,-57.4,82.0,0.92,30.2,OK,48.6,0,35,True,True
2026-08-29T15:57:00,537.0,CAM-03,Sony FX3,Kiko,"Location C - Rooftop (Exterior, Night)",exterior,68.0,-65.7,70.4,0.61,30.5,DEGRADED,30.2,6,165,True,True
2026-08-29T15:57:00,537.0,CAM-04,Sony FX3,Dennis,"Location C - Rooftop (Exterior, Night)",exterior,45.0,-58.7,80.7,0.88,29.9,OK,47.0,0,35,True,True
2026-08-29T15:57:00,537.0,CAM-05,Blackmagic,Jorge,"Location C - Rooftop (Exterior, Night)",exterior,95.0,-67.7,78.4,0.79,29.2,DEGRADED,23.3,5,308,True,True
2026-08-29T15:57:30,537.5,CAM-01,Sony FX6,Ariel,"Location C - Rooftop (Exterior, Night)",exterior,18.0,-54.4,82.0,0.95,31.2,OK,47.3,0,35,True,True
2026-08-29T15:57:30,537.5,CAM-02,Sony FX6,Marlon,"Location C - Rooftop (Exterior, Night)",exterior,32.0,-57.7,81.7,0.92,29.8,OK,47.4,0,35,True,True
2026-08-29T15:57:30,537.5,CAM-03,Sony FX3,Kiko,"Location C - Rooftop (Exterior, Night)",exterior,68.0,-62.2,70.5,0.61,31.0,OK,41.0,17,64,True,True
2026-08-29T15:57:30,537.5,CAM-04,Sony FX3,Dennis,"Location C - Rooftop (Exterior, Night)",exterior,45.0,-62.6,81.3,0.88,31.3,OK,41.4,2,172,True,True
2026-08-29T15:57:30,537.5,CAM-05,Blackmagic,Jorge,"Location C - Rooftop (Exterior, Night)",exterior,95.0,-64.2,78.5,0.79,30.8,OK,35.9,18,278,True,True
2026-08-29T15:58:00,538.0,CAM-01,Sony FX6,Ariel,"Location C - Rooftop (Exterior, Night)",exterior,18.0,-52.2,82.1,0.95,32.2,OK,48.8,0,35,True,True
2026-08-29T15:58:00,538.0,CAM-02,Sony FX6,Marlon,"Location C - Rooftop (Exterior, Night)",exterior,32.0,-58.8,81.8,0.92,30.5,OK,47.5,0,35,True,True
2026-08-29T15:58:00,538.0,CAM-03,Sony FX3,Kiko,"Location C - Rooftop (Exterior, Night)",exterior,68.0,-66.4,71.2,0.61,30.5,DEGRADED,29.2,40,325,True,True
2026-08-29T15:58:00,538.0,CAM-04,Sony FX3,Dennis,"Location C - Rooftop (Exterior, Night)",exterior,45.0,-63.8,80.1,0.88,30.1,OK,35.0,2,142,True,True
2026-08-29T15:58:00,538.0,CAM-05,Blackmagic,Jorge,"Location C - Rooftop (Exterior, Night)",exterior,95.0,-66.0,78.1,0.79,31.1,DEGRADED,28.8,17,377,True,True
2026-08-29T15:58:30,538.5,CAM-01,Sony FX6,Ariel,"Location C - Rooftop (Exterior, Night)",exterior,18.0,-55.2,81.7,0.95,31.8,OK,50.4,0,35,True,True
2026-08-29T15:58:30,538.5,CAM-02,Sony FX6,Marlon,"Location C - Rooftop (Exterior, Night)",exterior,32.0,-58.8,80.5,0.92,31.7,OK,47.4,0,35,True,True
2026-08-29T15:58:30,538.5,CAM-03,Sony FX3,Kiko,"Location C - Rooftop (Exterior, Night)",exterior,68.0,-61.4,70.7,0.61,31.6,OK,45.2,2,51,True,True
2026-08-29T15:58:30,538.5,CAM-04,Sony FX3,Dennis,"Location C - Rooftop (Exterior, Night)",exterior,45.0,-60.2,80.1,0.88,29.8,OK,50.4,0,45,True,True
2026-08-29T15:58:30,538.5,CAM-05,Blackmagic,Jorge,"Location C - Rooftop (Exterior, Night)",exterior,95.0,-63.0,77.6,0.79,31.3,OK,38.5,27,82,True,True
2026-08-29T15:59:00,539.0,CAM-01,Sony FX6,Ariel,"Location C - Rooftop (Exterior, Night)",exterior,18.0,-53.4,81.6,0.95,31.8,OK,47.2,0,35,True,True
2026-08-29T15:59:00,539.0,CAM-02,Sony FX6,Marlon,"Location C - Rooftop (Exterior, Night)",exterior,32.0,-56.6,81.5,0.92,30.2,OK,47.6,0,35,True,True
2026-08-29T15:59:00,539.0,CAM-03,Sony FX3,Kiko,"Location C - Rooftop (Exterior, Night)",exterior,68.0,-58.3,69.5,0.61,32.2,OK,46.5,0,35,True,True
2026-08-29T15:59:00,539.0,CAM-04,Sony FX3,Dennis,"Location C - Rooftop (Exterior, Night)",exterior,45.0,-63.2,79.5,0.88,32.1,OK,37.7,24,216,True,True
2026-08-29T15:59:00,539.0,CAM-05,Blackmagic,Jorge,"Location C - Rooftop (Exterior, Night)",exterior,95.0,-67.8,78.2,0.79,31.3,DEGRADED,23.4,40,87,True,True
2026-08-29T15:59:30,539.5,CAM-01,Sony FX6,Ariel,"Location C - Rooftop (Exterior, Night)",exterior,18.0,-55.7,81.2,0.95,32.0,OK,46.7,0,35,True,True
2026-08-29T15:59:30,539.5,CAM-02,Sony FX6,Marlon,"Location C - Rooftop (Exterior, Night)",exterior,32.0,-58.9,80.8,0.92,30.3,OK,45.4,0,35,True,True
2026-08-29T15:59:30,539.5,CAM-03,Sony FX3,Kiko,"Location C - Rooftop (Exterior, Night)",exterior,68.0,-62.3,70.3,0.61,31.7,OK,39.4,10,137,True,True
2026-08-29T15:59:30,539.5,CAM-04,Sony FX3,Dennis,"Location C - Rooftop (Exterior, Night)",exterior,45.0,-58.8,80.4,0.88,31.2,OK,48.6,0,35,True,True
2026-08-29T15:59:30,539.5,CAM-05,Blackmagic,Jorge,"Location C - Rooftop (Exterior, Night)",exterior,95.0,-67.8,77.6,0.79,30.5,DEGRADED,20.9,72,422,True,True
2026-08-29T16:00:00,540.0,CAM-01,Sony FX6,Ariel,"Location C - Rooftop (Exterior, Night)",exterior,18.0,-51.4,80.8,0.95,30.7,OK,46.0,0,35,True,True
2026-08-29T16:00:00,540.0,CAM-02,Sony FX6,Marlon,"Location C - Rooftop (Exterior, Night)",exterior,32.0,-63.5,80.6,0.92,30.5,OK,37.9,2,76,True,True
2026-08-29T16:00:00,540.0,CAM-03,Sony FX3,Kiko,"Location C - Rooftop (Exterior, Night)",exterior,68.0,-61.7,69.8,0.61,30.1,OK,43.4,6,67,True,True
2026-08-29T16:00:00,540.0,CAM-04,Sony FX3,Dennis,"Location C - Rooftop (Exterior, Night)",exterior,45.0,-57.7,80.4,0.88,30.9,OK,47.9,0,35,True,True
2026-08-29T16:00:00,540.0,CAM-05,Blackmagic,Jorge,"Location C - Rooftop (Exterior, Night)",exterior,95.0,-66.1,77.8,0.79,30.7,DEGRADED,28.3,34,369,True,True
2026-08-29T16:00:30,540.5,CAM-01,Sony FX6,Ariel,"Location C - Rooftop (Exterior, Night)",exterior,18.0,-54.1,82.1,0.95,30.4,OK,47.6,0,35,True,True
2026-08-29T16:00:30,540.5,CAM-02,Sony FX6,Marlon,"Location C - Rooftop (Exterior, Night)",exterior,32.0,-58.8,81.6,0.92,31.8,OK,48.3,0,35,True,True
2026-08-29T16:00:30,540.5,CAM-03,Sony FX3,Kiko,"Location C - Rooftop (Exterior, Night)",exterior,68.0,-63.5,68.7,0.61,31.2,OK,36.6,27,184,True,True
2026-08-29T16:00:30,540.5,CAM-04,Sony FX3,Dennis,"Location C - Rooftop (Exterior, Night)",exterior,45.0,-62.3,80.0,0.88,30.1,OK,41.4,14,126,True,True
2026-08-29T16:00:30,540.5,CAM-05,Blackmagic,Jorge,"Location C - Rooftop (Exterior, Night)",exterior,95.0,-63.8,77.4,0.79,30.5,OK,34.4,5,259,True,True
2026-08-29T16:01:00,541.0,CAM-01,Sony FX6,Ariel,"Location C - Rooftop (Exterior, Night)",exterior,18.0,-52.9,81.3,0.95,30.9,OK,47.8,0,35,True,True
2026-08-29T16:01:00,541.0,CAM-02,Sony FX6,Marlon,"Location C - Rooftop (Exterior, Night)",exterior,32.0,-55.9,80.2,0.92,31.4,OK,47.5,0,35,True,True
2026-08-29T16:01:00,541.0,CAM-03,Sony FX3,Kiko,"Location C - Rooftop (Exterior, Night)",exterior,68.0,-64.5,69.0,0.61,30.3,OK,34.4,3,204,True,True
2026-08-29T16:01:00,541.0,CAM-04,Sony FX3,Dennis,"Location C - Rooftop (Exterior, Night)",exterior,45.0,-60.7,79.9,0.88,29.8,OK,47.6,1,43,True,True
2026-08-29T16:01:00,541.0,CAM-05,Blackmagic,Jorge,"Location C - Rooftop (Exterior, Night)",exterior,95.0,-63.3,77.4,0.79,30.3,OK,37.7,21,212,True,True
2026-08-29T16:01:30,541.5,CAM-01,Sony FX6,Ariel,"Location C - Rooftop (Exterior, Night)",exterior,18.0,-56.0,81.9,0.95,31.9,OK,50.0,0,35,True,True
2026-08-29T16:01:30,541.5,CAM-02,Sony FX6,Marlon,"Location C - Rooftop (Exterior, Night)",exterior,32.0,-56.0,79.6,0.92,32.2,OK,49.3,0,35,True,True
2026-08-29T16:01:30,541.5,CAM-03,Sony FX3,Kiko,"Location C - Rooftop (Exterior, Night)",exterior,68.0,-65.5,68.9,0.61,31.1,DEGRADED,29.1,26,140,True,True
2026-08-29T16:01:30,541.5,CAM-04,Sony FX3,Dennis,"Location C - Rooftop (Exterior, Night)",exterior,45.0,-56.1,79.3,0.88,30.1,OK,46.8,0,35,True,True
2026-08-29T16:01:30,541.5,CAM-05,Blackmagic,Jorge,"Location C - Rooftop (Exterior, Night)",exterior,95.0,-66.2,77.1,0.79,30.7,DEGRADED,28.8,28,230,True,True
2026-08-29T16:02:00,542.0,CAM-01,Sony FX6,Ariel,"Location C - Rooftop (Exterior, Night)",exterior,18.0,-54.2,80.9,0.95,31.7,OK,48.5,0,35,True,True
2026-08-29T16:02:00,542.0,CAM-02,Sony FX6,Marlon,"Location C - Rooftop (Exterior, Night)",exterior,32.0,-57.0,81.0,0.92,31.3,OK,48.7,0,35,True,True
2026-08-29T16:02:00,542.0,CAM-03,Sony FX3,Kiko,"Location C - Rooftop (Exterior, Night)",exterior,68.0,-60.8,69.4,0.61,30.8,OK,45.7,3,71,True,True
2026-08-29T16:02:00,542.0,CAM-04,Sony FX3,Dennis,"Location C - Rooftop (Exterior, Night)",exterior,45.0,-63.4,79.4,0.88,29.7,OK,35.3,14,69,True,True
2026-08-29T16:02:00,542.0,CAM-05,Blackmagic,Jorge,"Location C - Rooftop (Exterior, Night)",exterior,95.0,-64.8,77.1,0.79,31.0,OK,32.4,16,251,True,True
2026-08-29T16:02:30,542.5,CAM-01,Sony FX6,Ariel,"Location C - Rooftop (Exterior, Night)",exterior,18.0,-53.8,81.2,0.95,32.1,OK,49.3,0,35,True,True
2026-08-29T16:02:30,542.5,CAM-02,Sony FX6,Marlon,"Location C - Rooftop (Exterior, Night)",exterior,32.0,-59.7,80.5,0.92,32.1,OK,47.5,0,35,True,True
2026-08-29T16:02:30,542.5,CAM-03,Sony FX3,Kiko,"Location C - Rooftop (Exterior, Night)",exterior,68.0,-61.1,69.0,0.61,31.0,OK,44.3,0,48,True,True
2026-08-29T16:02:30,542.5,CAM-04,Sony FX3,Dennis,"Location C - Rooftop (Exterior, Night)",exterior,45.0,-59.1,79.2,0.88,30.9,OK,50.5,0,35,True,True
2026-08-29T16:02:30,542.5,CAM-05,Blackmagic,Jorge,"Location C - Rooftop (Exterior, Night)",exterior,95.0,-66.1,77.6,0.79,31.2,DEGRADED,27.3,1,367,True,True
2026-08-29T16:03:00,543.0,CAM-01,Sony FX6,Ariel,"Location C - Rooftop (Exterior, Night)",exterior,18.0,-51.7,80.6,0.95,31.2,OK,50.3,0,35,True,True
2026-08-29T16:03:00,543.0,CAM-02,Sony FX6,Marlon,"Location C - Rooftop (Exterior, Night)",exterior,32.0,-56.6,79.8,0.92,31.5,OK,46.3,0,35,True,True
2026-08-29T16:03:00,543.0,CAM-03,Sony FX3,Kiko,"Location C - Rooftop (Exterior, Night)",exterior,68.0,-64.4,68.9,0.61,31.3,OK,34.3,38,88,True,True
2026-08-29T16:03:00,543.0,CAM-04,Sony FX3,Dennis,"Location C - Rooftop (Exterior, Night)",exterior,45.0,-58.2,79.5,0.88,32.5,OK,46.9,0,35,True,True
2026-08-29T16:03:00,543.0,CAM-05,Blackmagic,Jorge,"Location C - Rooftop (Exterior, Night)",exterior,95.0,-68.7,76.9,0.79,32.4,DEGRADED,19.5,46,143,True,True
2026-08-29T16:03:30,543.5,CAM-01,Sony FX6,Ariel,"Location C - Rooftop (Exterior, Night)",exterior,18.0,-56.2,81.7,0.95,30.5,OK,49.4,0,35,True,True
2026-08-29T16:03:30,543.5,CAM-02,Sony FX6,Marlon,"Location C - Rooftop (Exterior, Night)",exterior,32.0,-59.4,80.1,0.92,30.5,OK,49.5,0,35,True,True
2026-08-29T16:03:30,543.5,CAM-03,Sony FX3,Kiko,"Location C - Rooftop (Exterior, Night)",exterior,68.0,-61.3,67.9,0.61,31.4,OK,44.6,8,76,True,True
2026-08-29T16:03:30,543.5,CAM-04,Sony FX3,Dennis,"Location C - Rooftop (Exterior, Night)",exterior,45.0,-59.2,79.1,0.88,31.0,OK,43.3,0,35,True,True
2026-08-29T16:03:30,543.5,CAM-05,Blackmagic,Jorge,"Location C - Rooftop (Exterior, Night)",exterior,95.0,-66.9,77.4,0.79,31.5,DEGRADED,26.9,21,88,True,True
2026-08-29T16:04:00,544.0,CAM-01,Sony FX6,Ariel,"Location C - Rooftop (Exterior, Night)",exterior,18.0,-56.6,80.7,0.95,30.5,OK,47.7,0,35,True,True
2026-08-29T16:04:00,544.0,CAM-02,Sony FX6,Marlon,"Location C - Rooftop (Exterior, Night)",exterior,32.0,-58.0,80.3,0.92,31.2,OK,50.4,0,35,True,True
2026-08-29T16:04:00,544.0,CAM-03,Sony FX3,Kiko,"Location C - Rooftop (Exterior, Night)",exterior,68.0,-59.7,68.8,0.61,30.2,OK,48.6,0,35,True,True
2026-08-29T16:04:00,544.0,CAM-04,Sony FX3,Dennis,"Location C - Rooftop (Exterior, Night)",exterior,45.0,-59.2,79.1,0.88,30.1,OK,47.5,0,35,True,True
2026-08-29T16:04:00,544.0,CAM-05,Blackmagic,Jorge,"Location C - Rooftop (Exterior, Night)",exterior,95.0,-66.4,76.6,0.79,30.9,DEGRADED,27.1,28,135,True,True
2026-08-29T16:04:30,544.5,CAM-01,Sony FX6,Ariel,"Location C - Rooftop (Exterior, Night)",exterior,18.0,-55.6,79.8,0.95,30.8,OK,46.5,0,35,True,True
2026-08-29T16:04:30,544.5,CAM-02,Sony FX6,Marlon,"Location C - Rooftop (Exterior, Night)",exterior,32.0,-60.5,80.3,0.92,31.3,OK,47.0,3,37,True,True
2026-08-29T16:04:30,544.5,CAM-03,Sony FX3,Kiko,"Location C - Rooftop (Exterior, Night)",exterior,68.0,-61.3,67.0,0.61,31.6,OK,43.4,11,56,True,True
2026-08-29T16:04:30,544.5,CAM-04,Sony FX3,Dennis,"Location C - Rooftop (Exterior, Night)",exterior,45.0,-61.1,78.7,0.88,31.1,OK,43.9,9,61,True,True
2026-08-29T16:04:30,544.5,CAM-05,Blackmagic,Jorge,"Location C - Rooftop (Exterior, Night)",exterior,95.0,-69.2,76.0,0.79,30.5,DEGRADED,19.4,60,232,True,True
2026-08-29T16:05:00,545.0,CAM-01,Sony FX6,Ariel,"Location C - Rooftop (Exterior, Night)",exterior,18.0,-52.6,80.2,0.95,30.1,OK,46.8,0,35,True,True
2026-08-29T16:05:00,545.0,CAM-02,Sony FX6,Marlon,"Location C - Rooftop (Exterior, Night)",exterior,32.0,-58.8,79.3,0.92,31.1,OK,49.1,0,35,True,True
2026-08-29T16:05:00,545.0,CAM-03,Sony FX3,Kiko,"Location C - Rooftop (Exterior, Night)",exterior,68.0,-66.1,67.5,0.61,31.5,DEGRADED,27.1,5,315,True,True
2026-08-29T16:05:00,545.0,CAM-04,Sony FX3,Dennis,"Location C - Rooftop (Exterior, Night)",exterior,45.0,,78.0,0.88,30.8,DOWN,0.0,0,,False,True
2026-08-29T16:05:00,545.0,CAM-05,Blackmagic,Jorge,"Location C - Rooftop (Exterior, Night)",exterior,95.0,-63.8,75.9,0.79,30.5,OK,35.7,12,167,True,True
2026-08-29T16:05:30,545.5,CAM-01,Sony FX6,Ariel,"Location C - Rooftop (Exterior, Night)",exterior,18.0,-56.7,80.1,0.95,31.2,OK,46.3,0,35,True,True
2026-08-29T16:05:30,545.5,CAM-02,Sony FX6,Marlon,"Location C - Rooftop (Exterior, Night)",exterior,32.0,-58.5,78.8,0.92,32.1,OK,50.7,0,35,True,True
2026-08-29T16:05:30,545.5,CAM-03,Sony FX3,Kiko,"Location C - Rooftop (Exterior, Night)",exterior,68.0,-63.3,66.7,0.61,30.5,OK,37.4,30,88,True,True
2026-08-29T16:05:30,545.5,CAM-04,Sony FX3,Dennis,"Location C - Rooftop (Exterior, Night)",exterior,45.0,,79.2,0.88,32.2,DOWN,0.0,0,,False,True
2026-08-29T16:05:30,545.5,CAM-05,Blackmagic,Jorge,"Location C - Rooftop (Exterior, Night)",exterior,95.0,-66.1,76.1,0.79,31.5,DEGRADED,28.0,9,123,True,True
2026-08-29T16:06:00,546.0,CAM-01,Sony FX6,Ariel,"Location C - Rooftop (Exterior, Night)",exterior,18.0,-52.6,79.8,0.95,29.3,OK,46.8,0,35,True,True
2026-08-29T16:06:00,546.0,CAM-02,Sony FX6,Marlon,"Location C - Rooftop (Exterior, Night)",exterior,32.0,-57.7,79.6,0.92,30.3,OK,51.3,0,35,True,True
2026-08-29T16:06:00,546.0,CAM-03,Sony FX3,Kiko,"Location C - Rooftop (Exterior, Night)",exterior,68.0,-62.8,67.2,0.61,30.1,OK,39.4,18,124,True,True
2026-08-29T16:06:00,546.0,CAM-04,Sony FX3,Dennis,"Location C - Rooftop (Exterior, Night)",exterior,45.0,,78.5,0.88,30.3,DOWN,0.0,0,,False,True
2026-08-29T16:06:00,546.0,CAM-05,Blackmagic,Jorge,"Location C - Rooftop (Exterior, Night)",exterior,95.0,-64.2,76.7,0.79,31.0,OK,34.5,37,140,True,True
2026-08-29T16:06:30,546.5,CAM-01,Sony FX6,Ariel,"Location C - Rooftop (Exterior, Night)",exterior,18.0,-53.9,79.9,0.95,30.5,OK,50.9,0,35,True,True
2026-08-29T16:06:30,546.5,CAM-02,Sony FX6,Marlon,"Location C - Rooftop (Exterior, Night)",exterior,32.0,-58.2,79.4,0.92,29.9,OK,49.4,0,35,True,True
2026-08-29T16:06:30,546.5,CAM-03,Sony FX3,Kiko,"Location C - Rooftop (Exterior, Night)",exterior,68.0,-61.1,65.8,0.61,31.0,OK,42.8,8,86,True,True
2026-08-29T16:06:30,546.5,CAM-04,Sony FX3,Dennis,"Location C - Rooftop (Exterior, Night)",exterior,45.0,,78.6,0.88,31.5,DOWN,0.0,0,,False,True
2026-08-29T16:06:30,546.5,CAM-05,Blackmagic,Jorge,"Location C - Rooftop (Exterior, Night)",exterior,95.0,-64.8,75.4,0.79,31.0,OK,32.9,13,263,True,True
2026-08-29T16:07:00,547.0,CAM-01,Sony FX6,Ariel,"Location C - Rooftop (Exterior, Night)",exterior,18.0,-58.8,78.7,0.95,30.6,OK,48.4,0,35,True,True
2026-08-29T16:07:00,547.0,CAM-02,Sony FX6,Marlon,"Location C - Rooftop (Exterior, Night)",exterior,32.0,-62.6,79.8,0.92,31.6,OK,39.9,8,79,True,True
2026-08-29T16:07:00,547.0,CAM-03,Sony FX3,Kiko,"Location C - Rooftop (Exterior, Night)",exterior,68.0,-62.5,66.6,0.61,31.5,OK,39.5,7,158,True,True
2026-08-29T16:07:00,547.0,CAM-04,Sony FX3,Dennis,"Location C - Rooftop (Exterior, Night)",exterior,45.0,,79.1,0.88,30.6,DOWN,0.0,0,,False,True
2026-08-29T16:07:00,547.0,CAM-05,Blackmagic,Jorge,"Location C - Rooftop (Exterior, Night)",exterior,95.0,-65.9,75.4,0.79,30.9,DEGRADED,30.1,5,378,True,True
2026-08-29T16:07:30,547.5,CAM-01,Sony FX6,Ariel,"Location C - Rooftop (Exterior, Night)",exterior,18.0,-55.8,79.8,0.95,31.2,OK,47.2,0,35,True,True
2026-08-29T16:07:30,547.5,CAM-02,Sony FX6,Marlon,"Location C - Rooftop (Exterior, Night)",exterior,32.0,-56.9,79.1,0.92,30.8,OK,45.8,0,35,True,True
2026-08-29T16:07:30,547.5,CAM-03,Sony FX3,Kiko,"Location C - Rooftop (Exterior, Night)",exterior,68.0,-64.5,65.7,0.61,30.3,OK,34.9,14,141,True,True
2026-08-29T16:07:30,547.5,CAM-04,Sony FX3,Dennis,"Location C - Rooftop (Exterior, Night)",exterior,45.0,,77.4,0.88,32.8,DOWN,0.0,0,,False,True
2026-08-29T16:07:30,547.5,CAM-05,Blackmagic,Jorge,"Location C - Rooftop (Exterior, Night)",exterior,95.0,-68.4,75.5,0.79,29.7,DEGRADED,23.6,13,361,True,True
2026-08-29T16:08:00,548.0,CAM-01,Sony FX6,Ariel,"Location C - Rooftop (Exterior, Night)",exterior,18.0,-57.7,79.6,0.95,31.5,OK,47.5,0,35,True,True
2026-08-29T16:08:00,548.0,CAM-02,Sony FX6,Marlon,"Location C - Rooftop (Exterior, Night)",exterior,32.0,-58.7,78.6,0.92,30.1,OK,48.0,0,35,True,True
2026-08-29T16:08:00,548.0,CAM-03,Sony FX3,Kiko,"Location C - Rooftop (Exterior, Night)",exterior,68.0,-65.3,65.9,0.61,31.4,DEGRADED,33.6,21,118,True,True
2026-08-29T16:08:00,548.0,CAM-04,Sony FX3,Dennis,"Location C - Rooftop (Exterior, Night)",exterior,45.0,,77.8,0.88,31.0,DOWN,0.0,0,,False,True
2026-08-29T16:08:00,548.0,CAM-05,Blackmagic,Jorge,"Location C - Rooftop (Exterior, Night)",exterior,95.0,-62.6,75.3,0.79,30.7,OK,40.4,23,140,True,True
2026-08-29T16:08:30,548.5,CAM-01,Sony FX6,Ariel,"Location C - Rooftop (Exterior, Night)",exterior,18.0,-56.5,79.6,0.95,30.5,OK,48.7,0,35,True,True
2026-08-29T16:08:30,548.5,CAM-02,Sony FX6,Marlon,"Location C - Rooftop (Exterior, Night)",exterior,32.0,-62.2,79.6,0.92,31.1,OK,41.4,17,47,True,True
2026-08-29T16:08:30,548.5,CAM-03,Sony FX3,Kiko,"Location C - Rooftop (Exterior, Night)",exterior,68.0,-64.1,65.8,0.61,31.3,OK,35.9,37,122,True,True
2026-08-29T16:08:30,548.5,CAM-04,Sony FX3,Dennis,"Location C - Rooftop (Exterior, Night)",exterior,45.0,,78.0,0.88,31.5,DOWN,0.0,0,,False,True
2026-08-29T16:08:30,548.5,CAM-05,Blackmagic,Jorge,"Location C - Rooftop (Exterior, Night)",exterior,95.0,-63.0,75.3,0.79,31.2,OK,38.9,27,148,True,True
2026-08-29T16:09:00,549.0,CAM-01,Sony FX6,Ariel,"Location C - Rooftop (Exterior, Night)",exterior,18.0,-50.2,79.8,0.95,30.2,OK,47.8,0,35,True,True
2026-08-29T16:09:00,549.0,CAM-02,Sony FX6,Marlon,"Location C - Rooftop (Exterior, Night)",exterior,32.0,-56.2,78.0,0.92,31.6,OK,45.9,0,35,True,True
2026-08-29T16:09:00,549.0,CAM-03,Sony FX3,Kiko,"Location C - Rooftop (Exterior, Night)",exterior,68.0,-60.0,65.3,0.61,30.7,OK,47.7,0,35,True,True
2026-08-29T16:09:00,549.0,CAM-04,Sony FX3,Dennis,"Location C - Rooftop (Exterior, Night)",exterior,45.0,,77.6,0.88,30.2,DOWN,0.0,0,,False,True
2026-08-29T16:09:00,549.0,CAM-05,Blackmagic,Jorge,"Location C - Rooftop (Exterior, Night)",exterior,95.0,-63.5,74.8,0.79,30.6,OK,37.0,31,163,True,True
2026-08-29T16:09:30,549.5,CAM-01,Sony FX6,Ariel,"Location C - Rooftop (Exterior, Night)",exterior,18.0,-51.6,79.2,0.95,31.1,OK,48.4,0,35,True,True
2026-08-29T16:09:30,549.5,CAM-02,Sony FX6,Marlon,"Location C - Rooftop (Exterior, Night)",exterior,32.0,-56.7,78.5,0.92,30.8,OK,46.5,0,35,True,True
2026-08-29T16:09:30,549.5,CAM-03,Sony FX3,Kiko,"Location C - Rooftop (Exterior, Night)",exterior,68.0,-63.3,65.8,0.61,29.9,OK,36.2,20,187,True,True
2026-08-29T16:09:30,549.5,CAM-04,Sony FX3,Dennis,"Location C - Rooftop (Exterior, Night)",exterior,45.0,,77.0,0.88,32.3,DOWN,0.0,0,,False,True
2026-08-29T16:09:30,549.5,CAM-05,Blackmagic,Jorge,"Location C - Rooftop (Exterior, Night)",exterior,95.0,-66.9,75.2,0.79,31.1,DEGRADED,24.2,0,107,True,True
2026-08-29T16:10:00,550.0,CAM-01,Sony FX6,Ariel,"Location C - Rooftop (Exterior, Night)",exterior,18.0,-55.7,79.7,0.95,32.7,OK,50.2,0,35,True,True
2026-08-29T16:10:00,550.0,CAM-02,Sony FX6,Marlon,"Location C - Rooftop (Exterior, Night)",exterior,32.0,-56.7,77.9,0.92,31.0,OK,47.9,0,35,True,True
2026-08-29T16:10:00,550.0,CAM-03,Sony FX3,Kiko,"Location C - Rooftop (Exterior, Night)",exterior,68.0,-64.6,65.2,0.61,30.4,OK,30.5,29,161,True,True
2026-08-29T16:10:00,550.0,CAM-04,Sony FX3,Dennis,"Location C - Rooftop (Exterior, Night)",exterior,45.0,,77.9,0.88,29.8,DOWN,0.0,0,,False,True
2026-08-29T16:10:00,550.0,CAM-05,Blackmagic,Jorge,"Location C - Rooftop (Exterior, Night)",exterior,95.0,-66.0,74.0,0.79,31.3,DEGRADED,24.4,26,337,True,True
2026-08-29T16:10:30,550.5,CAM-01,Sony FX6,Ariel,"Location C - Rooftop (Exterior, Night)",exterior,18.0,-54.0,79.5,0.95,30.5,OK,49.7,0,35,True,True
2026-08-29T16:10:30,550.5,CAM-02,Sony FX6,Marlon,"Location C - Rooftop (Exterior, Night)",exterior,32.0,-62.7,78.1,0.92,31.3,OK,38.4,5,119,True,True
2026-08-29T16:10:30,550.5,CAM-03,Sony FX3,Kiko,"Location C - Rooftop (Exterior, Night)",exterior,68.0,-63.2,64.9,0.61,30.0,OK,39.7,10,118,True,True
2026-08-29T16:10:30,550.5,CAM-04,Sony FX3,Dennis,"Location C - Rooftop (Exterior, Night)",exterior,45.0,,77.6,0.88,30.5,DOWN,0.0,0,,False,True
2026-08-29T16:10:30,550.5,CAM-05,Blackmagic,Jorge,"Location C - Rooftop (Exterior, Night)",exterior,95.0,-66.7,75.2,0.79,31.0,DEGRADED,25.1,16,280,True,True
2026-08-29T16:11:00,551.0,CAM-01,Sony FX6,Ariel,"Location C - Rooftop (Exterior, Night)",exterior,18.0,-54.2,79.4,0.95,31.7,OK,48.7,0,35,True,True
2026-08-29T16:11:00,551.0,CAM-02,Sony FX6,Marlon,"Location C - Rooftop (Exterior, Night)",exterior,32.0,-58.3,78.7,0.92,31.0,OK,49.3,0,35,True,True
2026-08-29T16:11:00,551.0,CAM-03,Sony FX3,Kiko,"Location C - Rooftop (Exterior, Night)",exterior,68.0,-63.3,65.0,0.61,31.1,OK,39.2,18,49,True,True
2026-08-29T16:11:00,551.0,CAM-04,Sony FX3,Dennis,"Location C - Rooftop (Exterior, Night)",exterior,45.0,,76.7,0.88,31.0,DOWN,0.0,0,,False,True
2026-08-29T16:11:00,551.0,CAM-05,Blackmagic,Jorge,"Location C - Rooftop (Exterior, Night)",exterior,95.0,-68.6,74.5,0.79,31.5,DEGRADED,19.5,2,281,True,True
2026-08-29T16:11:30,551.5,CAM-01,Sony FX6,Ariel,"Location C - Rooftop (Exterior, Night)",exterior,18.0,-55.4,78.9,0.95,30.4,OK,48.3,0,35,True,True
2026-08-29T16:11:30,551.5,CAM-02,Sony FX6,Marlon,"Location C - Rooftop (Exterior, Night)",exterior,32.0,-58.4,77.8,0.92,31.7,OK,48.6,0,35,True,True
2026-08-29T16:11:30,551.5,CAM-03,Sony FX3,Kiko,"Location C - Rooftop (Exterior, Night)",exterior,68.0,-60.6,64.3,0.61,32.0,OK,46.1,1,62,True,True
2026-08-29T16:11:30,551.5,CAM-04,Sony FX3,Dennis,"Location C - Rooftop (Exterior, Night)",exterior,45.0,,78.0,0.88,31.5,DOWN,0.0,0,,False,True
2026-08-29T16:11:30,551.5,CAM-05,Blackmagic,Jorge,"Location C - Rooftop (Exterior, Night)",exterior,95.0,-65.3,74.4,0.79,31.1,DEGRADED,32.1,47,316,True,True
2026-08-29T16:12:00,552.0,CAM-01,Sony FX6,Ariel,"Location C - Rooftop (Exterior, Night)",exterior,18.0,-53.9,78.7,0.95,31.4,OK,47.3,0,35,True,True
2026-08-29T16:12:00,552.0,CAM-02,Sony FX6,Marlon,"Location C - Rooftop (Exterior, Night)",exterior,32.0,-57.0,77.7,0.92,32.3,OK,48.7,0,35,True,True
2026-08-29T16:12:00,552.0,CAM-03,Sony FX3,Kiko,"Location C - Rooftop (Exterior, Night)",exterior,68.0,-62.9,64.3,0.61,30.4,OK,37.5,5,93,True,True
2026-08-29T16:12:00,552.0,CAM-04,Sony FX3,Dennis,"Location C - Rooftop (Exterior, Night)",exterior,45.0,,77.2,0.88,29.9,DOWN,0.0,0,,False,True
2026-08-29T16:12:00,552.0,CAM-05,Blackmagic,Jorge,"Location C - Rooftop (Exterior, Night)",exterior,95.0,-64.0,75.4,0.79,31.0,OK,33.9,1,99,True,True
2026-08-29T16:12:30,552.5,CAM-01,Sony FX6,Ariel,"Location C - Rooftop (Exterior, Night)",exterior,18.0,-52.5,78.7,0.95,30.7,OK,45.2,0,35,True,True
2026-08-29T16:12:30,552.5,CAM-02,Sony FX6,Marlon,"Location C - Rooftop (Exterior, Night)",exterior,32.0,-57.6,78.3,0.92,31.7,OK,48.5,0,35,True,True
2026-08-29T16:12:30,552.5,CAM-03,Sony FX3,Kiko,"Location C - Rooftop (Exterior, Night)",exterior,68.0,-66.6,63.6,0.61,30.8,DEGRADED,27.7,30,78,True,True
2026-08-29T16:12:30,552.5,CAM-04,Sony FX3,Dennis,"Location C - Rooftop (Exterior, Night)",exterior,45.0,,76.9,0.88,30.6,DOWN,0.0,0,,False,True
2026-08-29T16:12:30,552.5,CAM-05,Blackmagic,Jorge,"Location C - Rooftop (Exterior, Night)",exterior,95.0,-64.2,74.0,0.79,29.3,OK,37.1,10,259,True,True
2026-08-29T16:13:00,553.0,CAM-01,Sony FX6,Ariel,"Location C - Rooftop (Exterior, Night)",exterior,18.0,-57.1,78.5,0.95,31.2,OK,48.9,0,35,True,True
2026-08-29T16:13:00,553.0,CAM-02,Sony FX6,Marlon,"Location C - Rooftop (Exterior, Night)",exterior,32.0,-59.5,77.9,0.92,31.2,OK,49.3,0,35,True,True
2026-08-29T16:13:00,553.0,CAM-03,Sony FX3,Kiko,"Location C - Rooftop (Exterior, Night)",exterior,68.0,-63.9,62.9,0.61,29.7,OK,33.9,0,227,True,True
2026-08-29T16:13:00,553.0,CAM-04,Sony FX3,Dennis,"Location C - Rooftop (Exterior, Night)",exterior,45.0,,77.3,0.88,30.7,DOWN,0.0,0,,False,True
2026-08-29T16:13:00,553.0,CAM-05,Blackmagic,Jorge,"Location C - Rooftop (Exterior, Night)",exterior,95.0,-66.6,74.8,0.79,31.3,DEGRADED,28.4,32,184,True,True
2026-08-29T16:13:30,553.5,CAM-01,Sony FX6,Ariel,"Location C - Rooftop (Exterior, Night)",exterior,18.0,-53.6,78.4,0.95,30.7,OK,50.5,0,35,True,True
2026-08-29T16:13:30,553.5,CAM-02,Sony FX6,Marlon,"Location C - Rooftop (Exterior, Night)",exterior,32.0,-55.8,77.8,0.92,31.3,OK,49.3,0,35,True,True
2026-08-29T16:13:30,553.5,CAM-03,Sony FX3,Kiko,"Location C - Rooftop (Exterior, Night)",exterior,68.0,-59.1,63.1,0.61,31.4,OK,48.6,0,35,True,True
2026-08-29T16:13:30,553.5,CAM-04,Sony FX3,Dennis,"Location C - Rooftop (Exterior, Night)",exterior,45.0,,76.3,0.88,30.9,DOWN,0.0,0,,False,True
2026-08-29T16:13:30,553.5,CAM-05,Blackmagic,Jorge,"Location C - Rooftop (Exterior, Night)",exterior,95.0,-67.1,73.4,0.79,32.7,DEGRADED,24.6,16,226,True,True
2026-08-29T16:14:00,554.0,CAM-01,Sony FX6,Ariel,"Location C - Rooftop (Exterior, Night)",exterior,18.0,-54.3,78.2,0.95,31.8,OK,47.1,0,35,True,True
2026-08-29T16:14:00,554.0,CAM-02,Sony FX6,Marlon,"Location C - Rooftop (Exterior, Night)",exterior,32.0,-57.4,77.6,0.92,31.3,OK,46.6,0,35,True,True
2026-08-29T16:14:00,554.0,CAM-03,Sony FX3,Kiko,"Location C - Rooftop (Exterior, Night)",exterior,68.0,-60.9,62.8,0.61,31.2,OK,45.2,3,48,True,True
2026-08-29T16:14:00,554.0,CAM-04,Sony FX3,Dennis,"Location C - Rooftop (Exterior, Night)",exterior,45.0,,76.4,0.88,29.8,DOWN,0.0,0,,False,True
2026-08-29T16:14:00,554.0,CAM-05,Blackmagic,Jorge,"Location C - Rooftop (Exterior, Night)",exterior,95.0,-64.2,73.6,0.79,31.0,OK,35.7,32,134,True,True
2026-08-29T16:14:30,554.5,CAM-01,Sony FX6,Ariel,"Location C - Rooftop (Exterior, Night)",exterior,18.0,-53.9,78.3,0.95,32.8,OK,47.4,0,35,True,True
2026-08-29T16:14:30,554.5,CAM-02,Sony FX6,Marlon,"Location C - Rooftop (Exterior, Night)",exterior,32.0,-56.4,77.8,0.92,30.2,OK,46.2,0,35,True,True
2026-08-29T16:14:30,554.5,CAM-03,Sony FX3,Kiko,"Location C - Rooftop (Exterior, Night)",exterior,68.0,-62.9,62.9,0.61,30.2,OK,39.2,17,109,True,True
2026-08-29T16:14:30,554.5,CAM-04,Sony FX3,Dennis,"Location C - Rooftop (Exterior, Night)",exterior,45.0,,76.7,0.88,30.9,DOWN,0.0,0,,False,True
2026-08-29T16:14:30,554.5,CAM-05,Blackmagic,Jorge,"Location C - Rooftop (Exterior, Night)",exterior,95.0,-63.3,73.5,0.79,31.0,OK,36.1,19,201,True,True
2026-08-29T16:15:00,555.0,CAM-01,Sony FX6,Ariel,"Location C - Rooftop (Exterior, Night)",exterior,18.0,-47.3,77.6,0.95,31.8,OK,46.8,0,35,True,True
2026-08-29T16:15:00,555.0,CAM-02,Sony FX6,Marlon,"Location C - Rooftop (Exterior, Night)",exterior,32.0,-55.0,77.3,0.92,33.6,OK,48.7,0,35,True,True
2026-08-29T16:15:00,555.0,CAM-03,Sony FX3,Kiko,"Location C - Rooftop (Exterior, Night)",exterior,68.0,-64.7,62.0,0.61,32.3,OK,33.0,15,165,True,True
2026-08-29T16:15:00,555.0,CAM-04,Sony FX3,Dennis,"Location C - Rooftop (Exterior, Night)",exterior,45.0,,76.2,0.88,31.0,DOWN,0.0,0,,False,True
2026-08-29T16:15:00,555.0,CAM-05,Blackmagic,Jorge,"Location C - Rooftop (Exterior, Night)",exterior,95.0,-66.8,73.8,0.79,30.0,DEGRADED,27.9,37,299,True,True
2026-08-29T16:15:30,555.5,CAM-01,Sony FX6,Ariel,"Location C - Rooftop (Exterior, Night)",exterior,18.0,-55.8,77.7,0.95,31.4,OK,50.7,0,35,True,True
2026-08-29T16:15:30,555.5,CAM-02,Sony FX6,Marlon,"Location C - Rooftop (Exterior, Night)",exterior,32.0,-59.0,77.4,0.92,30.3,OK,48.0,0,35,True,True
2026-08-29T16:15:30,555.5,CAM-03,Sony FX3,Kiko,"Location C - Rooftop (Exterior, Night)",exterior,68.0,-63.0,61.9,0.61,30.7,OK,36.8,23,182,True,True
2026-08-29T16:15:30,555.5,CAM-04,Sony FX3,Dennis,"Location C - Rooftop (Exterior, Night)",exterior,45.0,,76.0,0.88,30.5,DOWN,0.0,0,,False,True
2026-08-29T16:15:30,555.5,CAM-05,Blackmagic,Jorge,"Location C - Rooftop (Exterior, Night)",exterior,95.0,-65.0,73.6,0.79,31.8,OK,30.4,16,81,True,True
2026-08-29T16:16:00,556.0,CAM-01,Sony FX6,Ariel,"Location C - Rooftop (Exterior, Night)",exterior,18.0,-52.0,77.7,0.95,31.4,OK,48.1,0,35,True,True
2026-08-29T16:16:00,556.0,CAM-02,Sony FX6,Marlon,"Location C - Rooftop (Exterior, Night)",exterior,32.0,-57.6,77.1,0.92,32.6,OK,47.9,0,35,True,True
2026-08-29T16:16:00,556.0,CAM-03,Sony FX3,Kiko,"Location C - Rooftop (Exterior, Night)",exterior,68.0,-61.6,61.5,0.61,32.0,OK,41.0,0,62,True,True
2026-08-29T16:16:00,556.0,CAM-04,Sony FX3,Dennis,"Location C - Rooftop (Exterior, Night)",exterior,45.0,,75.8,0.88,30.4,DOWN,0.0,0,,False,True
2026-08-29T16:16:00,556.0,CAM-05,Blackmagic,Jorge,"Location C - Rooftop (Exterior, Night)",exterior,95.0,-63.3,73.2,0.79,30.5,OK,35.8,25,159,True,True
2026-08-29T16:16:30,556.5,CAM-01,Sony FX6,Ariel,"Location C - Rooftop (Exterior, Night)",exterior,18.0,-54.2,78.1,0.95,30.3,OK,45.5,0,35,True,True
2026-08-29T16:16:30,556.5,CAM-02,Sony FX6,Marlon,"Location C - Rooftop (Exterior, Night)",exterior,32.0,-58.5,76.7,0.92,30.5,OK,47.3,0,35,True,True
2026-08-29T16:16:30,556.5,CAM-03,Sony FX3,Kiko,"Location C - Rooftop (Exterior, Night)",exterior,68.0,-63.4,60.7,0.61,31.1,OK,37.8,4,226,True,True
2026-08-29T16:16:30,556.5,CAM-04,Sony FX3,Dennis,"Location C - Rooftop (Exterior, Night)",exterior,45.0,,76.2,0.88,30.1,DOWN,0.0,0,,False,True
2026-08-29T16:16:30,556.5,CAM-05,Blackmagic,Jorge,"Location C - Rooftop (Exterior, Night)",exterior,95.0,-64.9,73.0,0.79,30.1,OK,34.8,16,182,True,True
2026-08-29T16:17:00,557.0,CAM-01,Sony FX6,Ariel,"Location C - Rooftop (Exterior, Night)",exterior,18.0,-56.3,77.8,0.95,29.7,OK,47.6,0,35,True,True
2026-08-29T16:17:00,557.0,CAM-02,Sony FX6,Marlon,"Location C - Rooftop (Exterior, Night)",exterior,32.0,-57.3,76.8,0.92,30.0,OK,47.8,0,35,True,True
2026-08-29T16:17:00,557.0,CAM-03,Sony FX3,Kiko,"Location C - Rooftop (Exterior, Night)",exterior,68.0,-66.3,60.7,0.61,30.9,DEGRADED,29.6,22,298,True,True
2026-08-29T16:17:00,557.0,CAM-04,Sony FX3,Dennis,"Location C - Rooftop (Exterior, Night)",exterior,45.0,,76.4,0.88,31.1,DOWN,0.0,0,,False,True
2026-08-29T16:17:00,557.0,CAM-05,Blackmagic,Jorge,"Location C - Rooftop (Exterior, Night)",exterior,95.0,-68.2,72.9,0.79,32.3,DEGRADED,23.9,56,302,True,True
2026-08-29T16:17:30,557.5,CAM-01,Sony FX6,Ariel,"Location C - Rooftop (Exterior, Night)",exterior,18.0,-56.8,77.6,0.95,31.5,OK,47.0,0,35,True,True
2026-08-29T16:17:30,557.5,CAM-02,Sony FX6,Marlon,"Location C - Rooftop (Exterior, Night)",exterior,32.0,-57.0,76.0,0.92,31.5,OK,46.8,0,35,True,True
2026-08-29T16:17:30,557.5,CAM-03,Sony FX3,Kiko,"Location C - Rooftop (Exterior, Night)",exterior,68.0,-64.4,61.2,0.61,29.2,OK,33.0,20,264,True,True
2026-08-29T16:17:30,557.5,CAM-04,Sony FX3,Dennis,"Location C - Rooftop (Exterior, Night)",exterior,45.0,,75.0,0.88,30.9,DOWN,0.0,0,,False,True
2026-08-29T16:17:30,557.5,CAM-05,Blackmagic,Jorge,"Location C - Rooftop (Exterior, Night)",exterior,95.0,-66.8,72.5,0.79,31.1,DEGRADED,25.0,48,234,True,True
2026-08-29T16:18:00,558.0,CAM-01,Sony FX6,Ariel,"Location C - Rooftop (Exterior, Night)",exterior,18.0,-56.5,77.3,0.95,29.9,OK,50.2,0,35,True,True
2026-08-29T16:18:00,558.0,CAM-02,Sony FX6,Marlon,"Location C - Rooftop (Exterior, Night)",exterior,32.0,-56.8,76.8,0.92,29.5,OK,49.0,0,35,True,True
2026-08-29T16:18:00,558.0,CAM-03,Sony FX3,Kiko,"Location C - Rooftop (Exterior, Night)",exterior,68.0,-63.2,61.2,0.61,30.9,OK,37.6,1,98,True,True
2026-08-29T16:18:00,558.0,CAM-04,Sony FX3,Dennis,"Location C - Rooftop (Exterior, Night)",exterior,45.0,,75.8,0.88,32.0,DOWN,0.0,0,,False,True
2026-08-29T16:18:00,558.0,CAM-05,Blackmagic,Jorge,"Location C - Rooftop (Exterior, Night)",exterior,95.0,-65.8,72.5,0.79,32.1,DEGRADED,26.7,49,332,True,True
2026-08-29T16:18:30,558.5,CAM-01,Sony FX6,Ariel,"Location C - Rooftop (Exterior, Night)",exterior,18.0,-51.6,77.5,0.95,31.5,OK,48.6,0,35,True,True
2026-08-29T16:18:30,558.5,CAM-02,Sony FX6,Marlon,"Location C - Rooftop (Exterior, Night)",exterior,32.0,-55.3,76.2,0.92,31.0,OK,47.3,0,35,True,True
2026-08-29T16:18:30,558.5,CAM-03,Sony FX3,Kiko,"Location C - Rooftop (Exterior, Night)",exterior,68.0,-62.0,60.5,0.61,30.2,OK,41.4,0,76,True,True
2026-08-29T16:18:30,558.5,CAM-04,Sony FX3,Dennis,"Location C - Rooftop (Exterior, Night)",exterior,45.0,,75.6,0.88,29.3,DOWN,0.0,0,,False,True
2026-08-29T16:18:30,558.5,CAM-05,Blackmagic,Jorge,"Location C - Rooftop (Exterior, Night)",exterior,95.0,-63.0,72.5,0.79,30.7,OK,37.0,5,57,True,True
2026-08-29T16:19:00,559.0,CAM-01,Sony FX6,Ariel,"Location C - Rooftop (Exterior, Night)",exterior,18.0,-54.4,77.4,0.95,31.9,OK,49.4,0,35,True,True
2026-08-29T16:19:00,559.0,CAM-02,Sony FX6,Marlon,"Location C - Rooftop (Exterior, Night)",exterior,32.0,-54.3,76.0,0.92,31.6,OK,48.4,0,35,True,True
2026-08-29T16:19:00,559.0,CAM-03,Sony FX3,Kiko,"Location C - Rooftop (Exterior, Night)",exterior,68.0,-62.7,59.8,0.61,30.5,OK,38.4,20,185,True,True
2026-08-29T16:19:00,559.0,CAM-04,Sony FX3,Dennis,"Location C - Rooftop (Exterior, Night)",exterior,45.0,,74.3,0.88,30.1,DOWN,0.0,0,,False,True
2026-08-29T16:19:00,559.0,CAM-05,Blackmagic,Jorge,"Location C - Rooftop (Exterior, Night)",exterior,95.0,-64.2,72.7,0.79,30.9,OK,31.8,25,216,True,True
2026-08-29T16:19:30,559.5,CAM-01,Sony FX6,Ariel,"Location C - Rooftop (Exterior, Night)",exterior,18.0,-49.8,77.2,0.95,30.4,OK,46.1,0,35,True,True
2026-08-29T16:19:30,559.5,CAM-02,Sony FX6,Marlon,"Location C - Rooftop (Exterior, Night)",exterior,32.0,-58.1,77.4,0.92,31.1,OK,48.0,0,35,True,True
2026-08-29T16:19:30,559.5,CAM-03,Sony FX3,Kiko,"Location C - Rooftop (Exterior, Night)",exterior,68.0,-64.2,60.1,0.61,31.2,OK,33.1,12,162,True,True
2026-08-29T16:19:30,559.5,CAM-04,Sony FX3,Dennis,"Location C - Rooftop (Exterior, Night)",exterior,45.0,,75.0,0.88,31.4,DOWN,0.0,0,,False,True
2026-08-29T16:19:30,559.5,CAM-05,Blackmagic,Jorge,"Location C - Rooftop (Exterior, Night)",exterior,95.0,-67.6,71.9,0.79,30.5,DEGRADED,23.1,39,442,True,True
2026-08-29T16:20:00,560.0,CAM-01,Sony FX6,Ariel,"Location C - Rooftop (Exterior, Night)",exterior,18.0,-53.4,76.3,0.95,32.6,OK,47.3,0,35,True,True
2026-08-29T16:20:00,560.0,CAM-02,Sony FX6,Marlon,"Location C - Rooftop (Exterior, Night)",exterior,32.0,-63.4,75.9,0.92,32.7,OK,34.2,17,171,True,True
2026-08-29T16:20:00,560.0,CAM-03,Sony FX3,Kiko,"Location C - Rooftop (Exterior, Night)",exterior,68.0,-62.3,59.6,0.61,30.0,OK,42.6,11,121,True,True
2026-08-29T16:20:00,560.0,CAM-04,Sony FX3,Dennis,"Location C - Rooftop (Exterior, Night)",exterior,45.0,-58.6,75.2,0.88,31.1,OK,48.4,0,35,True,True
2026-08-29T16:20:00,560.0,CAM-05,Blackmagic,Jorge,"Location C - Rooftop (Exterior, Night)",exterior,95.0,-66.6,72.0,0.79,30.7,DEGRADED,25.9,13,272,True,True
2026-08-29T16:20:30,560.5,CAM-01,Sony FX6,Ariel,"Location C - Rooftop (Exterior, Night)",exterior,18.0,-53.8,77.3,0.95,31.0,OK,48.1,0,35,True,True
2026-08-29T16:20:30,560.5,CAM-02,Sony FX6,Marlon,"Location C - Rooftop (Exterior, Night)",exterior,32.0,-60.2,75.8,0.92,31.6,OK,49.3,1,42,True,True
2026-08-29T16:20:30,560.5,CAM-03,Sony FX3,Kiko,"Location C - Rooftop (Exterior, Night)",exterior,68.0,-65.2,59.0,0.61,30.6,OK,34.8,25,274,True,True
2026-08-29T16:20:30,560.5,CAM-04,Sony FX3,Dennis,"Location C - Rooftop (Exterior, Night)",exterior,45.0,-62.4,75.1,0.88,29.9,OK,41.7,6,157,True,True
2026-08-29T16:20:30,560.5,CAM-05,Blackmagic,Jorge,"Location C - Rooftop (Exterior, Night)",exterior,95.0,-65.3,72.1,0.79,31.1,DEGRADED,32.8,4,143,True,True
2026-08-29T16:21:00,561.0,CAM-01,Sony FX6,Ariel,"Location C - Rooftop (Exterior, Night)",exterior,18.0,-54.1,76.2,0.95,30.8,OK,49.2,0,35,True,True
2026-08-29T16:21:00,561.0,CAM-02,Sony FX6,Marlon,"Location C - Rooftop (Exterior, Night)",exterior,32.0,-58.1,75.9,0.92,30.0,OK,48.4,0,35,True,True
2026-08-29T16:21:00,561.0,CAM-03,Sony FX3,Kiko,"Location C - Rooftop (Exterior, Night)",exterior,68.0,-63.0,58.5,0.61,30.5,OK,38.8,16,156,True,True
2026-08-29T16:21:00,561.0,CAM-04,Sony FX3,Dennis,"Location C - Rooftop (Exterior, Night)",exterior,45.0,-63.7,74.7,0.88,30.2,OK,35.7,29,106,True,True
2026-08-29T16:21:00,561.0,CAM-05,Blackmagic,Jorge,"Location C - Rooftop (Exterior, Night)",exterior,95.0,-67.3,71.7,0.79,29.8,DEGRADED,24.3,20,452,True,True
2026-08-29T16:21:30,561.5,CAM-01,Sony FX6,Ariel,"Location C - Rooftop (Exterior, Night)",exterior,18.0,-56.2,76.9,0.95,32.0,OK,47.8,0,35,True,True
2026-08-29T16:21:30,561.5,CAM-02,Sony FX6,Marlon,"Location C - Rooftop (Exterior, Night)",exterior,32.0,-57.2,75.4,0.92,30.4,OK,48.5,0,35,True,True
2026-08-29T16:21:30,561.5,CAM-03,Sony FX3,Kiko,"Location C - Rooftop (Exterior, Night)",exterior,68.0,-61.9,58.8,0.61,30.0,OK,43.8,13,132,True,True
2026-08-29T16:21:30,561.5,CAM-04,Sony FX3,Dennis,"Location C - Rooftop (Exterior, Night)",exterior,45.0,-56.6,74.4,0.88,30.8,OK,51.7,0,35,True,True
2026-08-29T16:21:30,561.5,CAM-05,Blackmagic,Jorge,"Location C - Rooftop (Exterior, Night)",exterior,95.0,-62.9,71.7,0.79,31.4,OK,38.5,26,76,True,True
2026-08-29T16:22:00,562.0,CAM-01,Sony FX6,Ariel,"Location C - Rooftop (Exterior, Night)",exterior,18.0,-51.5,76.9,0.95,31.7,OK,49.8,0,35,True,True
2026-08-29T16:22:00,562.0,CAM-02,Sony FX6,Marlon,"Location C - Rooftop (Exterior, Night)",exterior,32.0,-59.0,75.4,0.92,30.6,OK,47.7,0,35,True,True
2026-08-29T16:22:00,562.0,CAM-03,Sony FX3,Kiko,"Location C - Rooftop (Exterior, Night)",exterior,68.0,-62.5,59.0,0.61,30.4,OK,39.6,22,139,True,True
2026-08-29T16:22:00,562.0,CAM-04,Sony FX3,Dennis,"Location C - Rooftop (Exterior, Night)",exterior,45.0,-57.9,74.7,0.88,30.3,OK,48.1,0,35,True,True
2026-08-29T16:22:00,562.0,CAM-05,Blackmagic,Jorge,"Location C - Rooftop (Exterior, Night)",exterior,95.0,-66.7,72.0,0.79,31.6,DEGRADED,26.9,20,280,True,True
2026-08-29T16:22:30,562.5,CAM-01,Sony FX6,Ariel,"Location C - Rooftop (Exterior, Night)",exterior,18.0,-55.9,75.4,0.95,30.4,OK,50.3,0,35,True,True
2026-08-29T16:22:30,562.5,CAM-02,Sony FX6,Marlon,"Location C - Rooftop (Exterior, Night)",exterior,32.0,-59.9,74.9,0.92,30.0,OK,49.9,0,35,True,True
2026-08-29T16:22:30,562.5,CAM-03,Sony FX3,Kiko,"Location C - Rooftop (Exterior, Night)",exterior,68.0,-58.6,58.3,0.61,30.2,OK,50.5,0,35,True,True
2026-08-29T16:22:30,562.5,CAM-04,Sony FX3,Dennis,"Location C - Rooftop (Exterior, Night)",exterior,45.0,-60.4,73.8,0.88,31.0,OK,47.9,2,41,True,True
2026-08-29T16:22:30,562.5,CAM-05,Blackmagic,Jorge,"Location C - Rooftop (Exterior, Night)",exterior,95.0,-66.9,71.6,0.79,30.3,DEGRADED,26.2,6,434,True,True
2026-08-29T16:23:00,563.0,CAM-01,Sony FX6,Ariel,"Location C - Rooftop (Exterior, Night)",exterior,18.0,-56.8,76.8,0.95,31.2,OK,47.1,0,35,True,True
2026-08-29T16:23:00,563.0,CAM-02,Sony FX6,Marlon,"Location C - Rooftop (Exterior, Night)",exterior,32.0,-55.4,75.3,0.92,30.2,OK,48.6,0,35,True,True
2026-08-29T16:23:00,563.0,CAM-03,Sony FX3,Kiko,"Location C - Rooftop (Exterior, Night)",exterior,68.0,-61.4,58.1,0.61,30.8,OK,43.0,12,67,True,True
2026-08-29T16:23:00,563.0,CAM-04,Sony FX3,Dennis,"Location C - Rooftop (Exterior, Night)",exterior,45.0,-59.9,74.2,0.88,30.6,OK,49.2,0,35,True,True
2026-08-29T16:23:00,563.0,CAM-05,Blackmagic,Jorge,"Location C - Rooftop (Exterior, Night)",exterior,95.0,-63.5,71.0,0.79,31.3,OK,37.0,8,85,True,True
2026-08-29T16:23:30,563.5,CAM-01,Sony FX6,Ariel,"Location C - Rooftop (Exterior, Night)",exterior,18.0,-53.4,76.3,0.95,29.5,OK,46.8,0,35,True,True
2026-08-29T16:23:30,563.5,CAM-02,Sony FX6,Marlon,"Location C - Rooftop (Exterior, Night)",exterior,32.0,-58.3,75.0,0.92,31.7,OK,46.2,0,35,True,True
2026-08-29T16:23:30,563.5,CAM-03,Sony FX3,Kiko,"Location C - Rooftop (Exterior, Night)",exterior,68.0,-63.5,58.0,0.61,31.0,OK,36.8,1,241,True,True
2026-08-29T16:23:30,563.5,CAM-04,Sony FX3,Dennis,"Location C - Rooftop (Exterior, Night)",exterior,45.0,-59.4,73.6,0.88,32.3,OK,49.3,0,35,True,True
2026-08-29T16:23:30,563.5,CAM-05,Blackmagic,Jorge,"Location C - Rooftop (Exterior, Night)",exterior,95.0,-64.9,71.3,0.79,30.9,OK,34.0,38,268,True,True
2026-08-29T16:24:00,564.0,CAM-01,Sony FX6,Ariel,"Location C - Rooftop (Exterior, Night)",exterior,18.0,-51.4,75.7,0.95,31.1,OK,46.6,0,35,True,True
2026-08-29T16:24:00,564.0,CAM-02,Sony FX6,Marlon,"Location C - Rooftop (Exterior, Night)",exterior,32.0,-57.7,75.2,0.92,31.5,OK,49.9,0,35,True,True
2026-08-29T16:24:00,564.0,CAM-03,Sony FX3,Kiko,"Location C - Rooftop (Exterior, Night)",exterior,68.0,-62.7,57.2,0.61,31.8,OK,38.3,4,92,True,True
2026-08-29T16:24:00,564.0,CAM-04,Sony FX3,Dennis,"Location C - Rooftop (Exterior, Night)",exterior,45.0,-58.3,73.6,0.88,29.3,OK,48.4,0,35,True,True
2026-08-29T16:24:00,564.0,CAM-05,Blackmagic,Jorge,"Location C - Rooftop (Exterior, Night)",exterior,95.0,-64.7,71.1,0.79,30.6,OK,32.5,39,90,True,True
2026-08-29T16:24:30,564.5,CAM-01,Sony FX6,Ariel,"Location C - Rooftop (Exterior, Night)",exterior,18.0,-56.4,76.1,0.95,30.7,OK,50.6,0,35,True,True
2026-08-29T16:24:30,564.5,CAM-02,Sony FX6,Marlon,"Location C - Rooftop (Exterior, Night)",exterior,32.0,-58.5,75.4,0.92,31.5,OK,47.8,0,35,True,True
2026-08-29T16:24:30,564.5,CAM-03,Sony FX3,Kiko,"Location C - Rooftop (Exterior, Night)",exterior,68.0,-61.9,57.4,0.61,31.2,OK,41.0,7,79,True,True
2026-08-29T16:24:30,564.5,CAM-04,Sony FX3,Dennis,"Location C - Rooftop (Exterior, Night)",exterior,45.0,-59.5,73.7,0.88,31.1,OK,48.6,0,35,True,True
2026-08-29T16:24:30,564.5,CAM-05,Blackmagic,Jorge,"Location C - Rooftop (Exterior, Night)",exterior,95.0,-67.8,70.9,0.79,31.5,DEGRADED,24.3,24,131,True,True
2026-08-29T16:25:00,565.0,CAM-01,Sony FX6,Ariel,"Location C - Rooftop (Exterior, Night)",exterior,18.0,-55.1,75.7,0.95,31.6,OK,48.4,0,35,True,True
2026-08-29T16:25:00,565.0,CAM-02,Sony FX6,Marlon,"Location C - Rooftop (Exterior, Night)",exterior,32.0,-55.7,75.0,0.92,31.0,OK,48.2,0,35,True,True
2026-08-29T16:25:00,565.0,CAM-03,Sony FX3,Kiko,"Location C - Rooftop (Exterior, Night)",exterior,68.0,-63.2,56.2,0.61,30.7,OK,36.3,14,124,True,True
2026-08-29T16:25:00,565.0,CAM-04,Sony FX3,Dennis,"Location C - Rooftop (Exterior, Night)",exterior,45.0,-57.9,73.8,0.88,31.3,OK,48.3,0,35,True,True
2026-08-29T16:25:00,565.0,CAM-05,Blackmagic,Jorge,"Location C - Rooftop (Exterior, Night)",exterior,95.0,-63.7,71.0,0.79,31.7,OK,34.7,27,251,True,True
2026-08-29T16:25:30,565.5,CAM-01,Sony FX6,Ariel,"Location C - Rooftop (Exterior, Night)",exterior,18.0,-56.6,76.1,0.95,30.5,OK,47.5,0,35,True,True
2026-08-29T16:25:30,565.5,CAM-02,Sony FX6,Marlon,"Location C - Rooftop (Exterior, Night)",exterior,32.0,-59.4,74.5,0.92,29.7,OK,47.5,0,35,True,True
2026-08-29T16:25:30,565.5,CAM-03,Sony FX3,Kiko,"Location C - Rooftop (Exterior, Night)",exterior,68.0,-61.6,56.3,0.61,30.7,OK,43.0,6,67,True,True
2026-08-29T16:25:30,565.5,CAM-04,Sony FX3,Dennis,"Location C - Rooftop (Exterior, Night)",exterior,45.0,-59.7,73.8,0.88,30.8,OK,47.9,0,35,True,True
2026-08-29T16:25:30,565.5,CAM-05,Blackmagic,Jorge,"Location C - Rooftop (Exterior, Night)",exterior,95.0,-65.9,71.3,0.79,31.2,DEGRADED,27.1,37,302,True,True
2026-08-29T16:26:00,566.0,CAM-01,Sony FX6,Ariel,"Location C - Rooftop (Exterior, Night)",exterior,18.0,-55.1,75.4,0.95,31.3,OK,48.1,0,35,True,True
2026-08-29T16:26:00,566.0,CAM-02,Sony FX6,Marlon,"Location C - Rooftop (Exterior, Night)",exterior,32.0,-58.8,75.0,0.92,29.6,OK,47.9,0,35,True,True
2026-08-29T16:26:00,566.0,CAM-03,Sony FX3,Kiko,"Location C - Rooftop (Exterior, Night)",exterior,68.0,-62.4,56.7,0.61,30.6,OK,41.2,21,71,True,True
2026-08-29T16:26:00,566.0,CAM-04,Sony FX3,Dennis,"Location C - Rooftop (Exterior, Night)",exterior,45.0,-60.2,73.8,0.88,30.8,OK,46.0,0,41,True,True
2026-08-29T16:26:00,566.0,CAM-05,Blackmagic,Jorge,"Location C - Rooftop (Exterior, Night)",exterior,95.0,-65.4,70.5,0.79,31.7,DEGRADED,27.8,6,289,True,True
2026-08-29T16:26:30,566.5,CAM-01,Sony FX6,Ariel,"Location C - Rooftop (Exterior, Night)",exterior,18.0,-54.2,75.8,0.95,29.9,OK,48.7,0,35,True,True
2026-08-29T16:26:30,566.5,CAM-02,Sony FX6,Marlon,"Location C - Rooftop (Exterior, Night)",exterior,32.0,-52.2,74.6,0.92,31.0,OK,48.5,0,35,True,True
2026-08-29T16:26:30,566.5,CAM-03,Sony FX3,Kiko,"Location C - Rooftop (Exterior, Night)",exterior,68.0,-64.2,55.6,0.61,29.9,OK,33.8,31,254,True,True
2026-08-29T16:26:30,566.5,CAM-04,Sony FX3,Dennis,"Location C - Rooftop (Exterior, Night)",exterior,45.0,-57.6,73.1,0.88,30.2,OK,47.3,0,35,True,True
2026-08-29T16:26:30,566.5,CAM-05,Blackmagic,Jorge,"Location C - Rooftop (Exterior, Night)",exterior,95.0,-67.6,70.2,0.79,31.6,DEGRADED,24.6,31,81,True,True
2026-08-29T16:27:00,567.0,CAM-01,Sony FX6,Ariel,"Location C - Rooftop (Exterior, Night)",exterior,18.0,-56.0,74.9,0.95,30.9,OK,44.1,0,35,True,True
2026-08-29T16:27:00,567.0,CAM-02,Sony FX6,Marlon,"Location C - Rooftop (Exterior, Night)",exterior,32.0,-57.9,74.3,0.92,31.7,OK,48.5,0,35,True,True
2026-08-29T16:27:00,567.0,CAM-03,Sony FX3,Kiko,"Location C - Rooftop (Exterior, Night)",exterior,68.0,-61.4,56.0,0.61,31.1,OK,42.6,9,46,True,True
2026-08-29T16:27:00,567.0,CAM-04,Sony FX3,Dennis,"Location C - Rooftop (Exterior, Night)",exterior,45.0,-66.4,72.6,0.88,30.2,DEGRADED,29.0,1,276,True,True
2026-08-29T16:27:00,567.0,CAM-05,Blackmagic,Jorge,"Location C - Rooftop (Exterior, Night)",exterior,95.0,-64.1,69.6,0.79,31.7,OK,35.3,27,195,True,True
2026-08-29T16:27:30,567.5,CAM-01,Sony FX6,Ariel,"Location C - Rooftop (Exterior, Night)",exterior,18.0,-50.0,74.8,0.95,32.0,OK,44.3,0,35,True,True
2026-08-29T16:27:30,567.5,CAM-02,Sony FX6,Marlon,"Location C - Rooftop (Exterior, Night)",exterior,32.0,-56.6,73.9,0.92,30.2,OK,45.5,0,35,True,True
2026-08-29T16:27:30,567.5,CAM-03,Sony FX3,Kiko,"Location C - Rooftop (Exterior, Night)",exterior,68.0,-61.5,55.6,0.61,31.1,OK,43.4,7,95,True,True
2026-08-29T16:27:30,567.5,CAM-04,Sony FX3,Dennis,"Location C - Rooftop (Exterior, Night)",exterior,45.0,-63.2,73.4,0.88,30.8,OK,36.1,17,194,True,True
2026-08-29T16:27:30,567.5,CAM-05,Blackmagic,Jorge,"Location C - Rooftop (Exterior, Night)",exterior,95.0,-68.7,70.4,0.79,32.5,DEGRADED,19.8,53,453,True,True
2026-08-29T16:28:00,568.0,CAM-01,Sony FX6,Ariel,"Location C - Rooftop (Exterior, Night)",exterior,18.0,-53.6,74.9,0.95,30.1,OK,47.3,0,35,True,True
2026-08-29T16:28:00,568.0,CAM-02,Sony FX6,Marlon,"Location C - Rooftop (Exterior, Night)",exterior,32.0,-55.0,74.3,0.92,31.5,OK,47.6,0,35,True,True
2026-08-29T16:28:00,568.0,CAM-03,Sony FX3,Kiko,"Location C - Rooftop (Exterior, Night)",exterior,68.0,-61.6,55.4,0.61,29.7,OK,41.7,1,83,True,True
2026-08-29T16:28:00,568.0,CAM-04,Sony FX3,Dennis,"Location C - Rooftop (Exterior, Night)",exterior,45.0,-59.0,73.1,0.88,31.8,OK,49.7,0,35,True,True
2026-08-29T16:28:00,568.0,CAM-05,Blackmagic,Jorge,"Location C - Rooftop (Exterior, Night)",exterior,95.0,-67.9,70.6,0.79,30.4,DEGRADED,20.7,34,430,True,True
2026-08-29T16:28:30,568.5,CAM-01,Sony FX6,Ariel,"Location C - Rooftop (Exterior, Night)",exterior,18.0,-51.7,74.3,0.95,32.0,OK,49.1,0,35,True,True
2026-08-29T16:28:30,568.5,CAM-02,Sony FX6,Marlon,"Location C - Rooftop (Exterior, Night)",exterior,32.0,-62.5,74.0,0.92,31.8,OK,41.1,9,136,True,True
2026-08-29T16:28:30,568.5,CAM-03,Sony FX3,Kiko,"Location C - Rooftop (Exterior, Night)",exterior,68.0,-63.7,54.1,0.61,30.9,OK,36.5,16,91,True,True
2026-08-29T16:28:30,568.5,CAM-04,Sony FX3,Dennis,"Location C - Rooftop (Exterior, Night)",exterior,45.0,-61.6,73.4,0.88,29.9,OK,44.6,10,130,True,True
2026-08-29T16:28:30,568.5,CAM-05,Blackmagic,Jorge,"Location C - Rooftop (Exterior, Night)",exterior,95.0,-65.0,69.6,0.79,30.1,OK,34.2,39,326,True,True
2026-08-29T16:29:00,569.0,CAM-01,Sony FX6,Ariel,"Location C - Rooftop (Exterior, Night)",exterior,18.0,-55.1,75.0,0.95,32.4,OK,46.7,0,35,True,True
2026-08-29T16:29:00,569.0,CAM-02,Sony FX6,Marlon,"Location C - Rooftop (Exterior, Night)",exterior,32.0,-56.9,73.3,0.92,31.2,OK,46.0,0,35,True,True
2026-08-29T16:29:00,569.0,CAM-03,Sony FX3,Kiko,"Location C - Rooftop (Exterior, Night)",exterior,68.0,-64.6,55.0,0.61,31.0,OK,30.2,31,160,True,True
2026-08-29T16:29:00,569.0,CAM-04,Sony FX3,Dennis,"Location C - Rooftop (Exterior, Night)",exterior,45.0,-62.4,72.8,0.88,31.3,OK,40.9,2,142,True,True
2026-08-29T16:29:00,569.0,CAM-05,Blackmagic,Jorge,"Location C - Rooftop (Exterior, Night)",exterior,95.0,-65.7,70.1,0.79,31.9,DEGRADED,29.5,32,177,True,True
2026-08-29T16:29:30,569.5,CAM-01,Sony FX6,Ariel,"Location C - Rooftop (Exterior, Night)",exterior,18.0,-48.9,74.6,0.95,30.0,OK,44.9,0,35,True,True
2026-08-29T16:29:30,569.5,CAM-02,Sony FX6,Marlon,"Location C - Rooftop (Exterior, Night)",exterior,32.0,-60.0,73.7,0.92,30.2,OK,46.8,0,35,True,True
2026-08-29T16:29:30,569.5,CAM-03,Sony FX3,Kiko,"Location C - Rooftop (Exterior, Night)",exterior,68.0,-62.8,54.5,0.61,31.5,OK,39.5,18,186,True,True
2026-08-29T16:29:30,569.5,CAM-04,Sony FX3,Dennis,"Location C - Rooftop (Exterior, Night)",exterior,45.0,-62.9,72.9,0.88,31.9,OK,40.9,3,61,True,True
2026-08-29T16:29:30,569.5,CAM-05,Blackmagic,Jorge,"Location C - Rooftop (Exterior, Night)",exterior,95.0,-68.1,69.8,0.79,31.3,DEGRADED,23.4,51,163,True,True
2026-08-29T16:30:00,570.0,CAM-01,Sony FX6,Ariel,"Location C - Rooftop (Exterior, Night)",exterior,18.0,-50.6,74.8,0.95,30.4,OK,48.1,0,35,True,True
2026-08-29T16:30:00,570.0,CAM-02,Sony FX6,Marlon,"Location C - Rooftop (Exterior, Night)",exterior,32.0,-55.3,74.2,0.92,30.9,OK,46.3,0,35,True,True
2026-08-29T16:30:00,570.0,CAM-03,Sony FX3,Kiko,"Location C - Rooftop (Exterior, Night)",exterior,68.0,-64.3,54.5,0.61,31.2,OK,35.0,27,238,True,True
2026-08-29T16:30:00,570.0,CAM-04,Sony FX3,Dennis,"Location C - Rooftop (Exterior, Night)",exterior,45.0,-58.7,72.4,0.88,30.6,OK,48.0,0,35,True,True
2026-08-29T16:30:00,570.0,CAM-05,Blackmagic,Jorge,"Location C - Rooftop (Exterior, Night)",exterior,95.0,-63.7,68.9,0.79,30.8,OK,37.6,15,168,True,True
2026-08-29T16:30:30,570.5,CAM-01,Sony FX6,Ariel,"Location C - Rooftop (Exterior, Night)",exterior,18.0,-53.4,74.6,0.95,30.7,OK,47.7,0,35,True,True
2026-08-29T16:30:30,570.5,CAM-02,Sony FX6,Marlon,"Location C - Rooftop (Exterior, Night)",exterior,32.0,-60.6,74.4,0.92,31.3,OK,44.2,1,61,True,True
2026-08-29T16:30:30,570.5,CAM-03,Sony FX3,Kiko,"Location C - Rooftop (Exterior, Night)",exterior,68.0,-62.0,53.6,0.61,31.1,OK,39.4,5,151,True,True
2026-08-29T16:30:30,570.5,CAM-04,Sony FX3,Dennis,"Location C - Rooftop (Exterior, Night)",exterior,45.0,-61.2,71.9,0.88,29.5,OK,44.5,0,60,True,True
2026-08-29T16:30:30,570.5,CAM-05,Blackmagic,Jorge,"Location C - Rooftop (Exterior, Night)",exterior,95.0,-64.5,69.3,0.79,30.8,OK,34.8,13,141,True,True
2026-08-29T16:31:00,571.0,CAM-01,Sony FX6,Ariel,"Location C - Rooftop (Exterior, Night)",exterior,18.0,-57.4,74.3,0.95,31.7,OK,48.6,0,35,True,True
2026-08-29T16:31:00,571.0,CAM-02,Sony FX6,Marlon,"Location C - Rooftop (Exterior, Night)",exterior,32.0,-54.3,74.3,0.92,31.6,OK,49.7,0,35,True,True
2026-08-29T16:31:00,571.0,CAM-03,Sony FX3,Kiko,"Location C - Rooftop (Exterior, Night)",exterior,68.0,-62.1,54.1,0.61,31.5,OK,40.0,6,92,True,True
2026-08-29T16:31:00,571.0,CAM-04,Sony FX3,Dennis,"Location C - Rooftop (Exterior, Night)",exterior,45.0,-59.1,72.0,0.88,31.1,OK,48.7,0,35,True,True
2026-08-29T16:31:00,571.0,CAM-05,Blackmagic,Jorge,"Location C - Rooftop (Exterior, Night)",exterior,95.0,-64.0,68.0,0.79,31.3,OK,33.5,12,140,True,True
2026-08-29T16:31:30,571.5,CAM-01,Sony FX6,Ariel,"Location C - Rooftop (Exterior, Night)",exterior,18.0,-53.9,73.9,0.95,32.0,OK,47.0,0,35,True,True
2026-08-29T16:31:30,571.5,CAM-02,Sony FX6,Marlon,"Location C - Rooftop (Exterior, Night)",exterior,32.0,-54.7,73.6,0.92,31.4,OK,48.1,0,35,True,True
2026-08-29T16:31:30,571.5,CAM-03,Sony FX3,Kiko,"Location C - Rooftop (Exterior, Night)",exterior,68.0,-66.2,53.4,0.61,30.1,DEGRADED,30.5,8,379,True,True
2026-08-29T16:31:30,571.5,CAM-04,Sony FX3,Dennis,"Location C - Rooftop (Exterior, Night)",exterior,45.0,-56.0,72.1,0.88,31.3,OK,46.3,0,35,True,True
2026-08-29T16:31:30,571.5,CAM-05,Blackmagic,Jorge,"Location C - Rooftop (Exterior, Night)",exterior,95.0,-69.5,68.3,0.79,30.7,DEGRADED,16.8,13,523,True,True
2026-08-29T16:32:00,572.0,CAM-01,Sony FX6,Ariel,"Location C - Rooftop (Exterior, Night)",exterior,18.0,-55.1,73.8,0.95,29.1,OK,49.2,0,35,True,True
2026-08-29T16:32:00,572.0,CAM-02,Sony FX6,Marlon,"Location C - Rooftop (Exterior, Night)",exterior,32.0,-61.1,73.2,0.92,31.6,OK,45.3,5,92,True,True
2026-08-29T16:32:00,572.0,CAM-03,Sony FX3,Kiko,"Location C - Rooftop (Exterior, Night)",exterior,68.0,-63.9,53.4,0.61,31.3,OK,35.7,35,140,True,True
2026-08-29T16:32:00,572.0,CAM-04,Sony FX3,Dennis,"Location C - Rooftop (Exterior, Night)",exterior,45.0,-57.9,71.3,0.88,31.3,OK,48.8,0,35,True,True
2026-08-29T16:32:00,572.0,CAM-05,Blackmagic,Jorge,"Location C - Rooftop (Exterior, Night)",exterior,95.0,-66.5,69.2,0.79,31.9,DEGRADED,30.0,58,363,True,True
2026-08-29T16:32:30,572.5,CAM-01,Sony FX6,Ariel,"Location C - Rooftop (Exterior, Night)",exterior,18.0,-54.9,74.2,0.95,30.0,OK,49.5,0,35,True,True
2026-08-29T16:32:30,572.5,CAM-02,Sony FX6,Marlon,"Location C - Rooftop (Exterior, Night)",exterior,32.0,-58.1,73.1,0.92,31.2,OK,47.5,0,35,True,True
2026-08-29T16:32:30,572.5,CAM-03,Sony FX3,Kiko,"Location C - Rooftop (Exterior, Night)",exterior,68.0,-62.9,53.1,0.61,32.5,OK,37.0,21,196,True,True
2026-08-29T16:32:30,572.5,CAM-04,Sony FX3,Dennis,"Location C - Rooftop (Exterior, Night)",exterior,45.0,-59.5,71.6,0.88,30.5,OK,45.8,0,35,True,True
2026-08-29T16:32:30,572.5,CAM-05,Blackmagic,Jorge,"Location C - Rooftop (Exterior, Night)",exterior,95.0,-64.2,67.8,0.79,28.7,OK,33.9,2,187,True,True
2026-08-29T16:33:00,573.0,CAM-01,Sony FX6,Ariel,"Location C - Rooftop (Exterior, Night)",exterior,18.0,-53.8,73.6,0.95,31.2,OK,48.7,0,35,True,True
2026-08-29T16:33:00,573.0,CAM-02,Sony FX6,Marlon,"Location C - Rooftop (Exterior, Night)",exterior,32.0,-56.8,73.1,0.92,31.4,OK,47.5,0,35,True,True
2026-08-29T16:33:00,573.0,CAM-03,Sony FX3,Kiko,"Location C - Rooftop (Exterior, Night)",exterior,68.0,-64.9,52.7,0.61,32.1,OK,32.9,19,236,True,True
2026-08-29T16:33:00,573.0,CAM-04,Sony FX3,Dennis,"Location C - Rooftop (Exterior, Night)",exterior,45.0,-57.3,72.1,0.88,31.5,OK,47.3,0,35,True,True
2026-08-29T16:33:00,573.0,CAM-05,Blackmagic,Jorge,"Location C - Rooftop (Exterior, Night)",exterior,95.0,-67.4,68.7,0.79,31.1,DEGRADED,23.5,23,454,True,True
2026-08-29T16:33:30,573.5,CAM-01,Sony FX6,Ariel,"Location C - Rooftop (Exterior, Night)",exterior,18.0,-53.7,73.6,0.95,32.0,OK,46.7,0,35,True,True
2026-08-29T16:33:30,573.5,CAM-02,Sony FX6,Marlon,"Location C - Rooftop (Exterior, Night)",exterior,32.0,-60.8,73.1,0.92,30.4,OK,43.3,4,63,True,True
2026-08-29T16:33:30,573.5,CAM-03,Sony FX3,Kiko,"Location C - Rooftop (Exterior, Night)",exterior,68.0,-63.6,52.0,0.61,31.4,OK,34.6,5,213,True,True
2026-08-29T16:33:30,573.5,CAM-04,Sony FX3,Dennis,"Location C - Rooftop (Exterior, Night)",exterior,45.0,-58.3,71.2,0.88,31.5,OK,48.7,0,35,True,True
2026-08-29T16:33:30,573.5,CAM-05,Blackmagic,Jorge,"Location C - Rooftop (Exterior, Night)",exterior,95.0,-65.7,68.6,0.79,31.1,DEGRADED,29.9,4,318,True,True
2026-08-29T16:34:00,574.0,CAM-01,Sony FX6,Ariel,"Location C - Rooftop (Exterior, Night)",exterior,18.0,-50.7,73.5,0.95,30.2,OK,49.2,0,35,True,True
2026-08-29T16:34:00,574.0,CAM-02,Sony FX6,Marlon,"Location C - Rooftop (Exterior, Night)",exterior,32.0,-56.6,72.4,0.92,32.0,OK,50.7,0,35,True,True
2026-08-29T16:34:00,574.0,CAM-03,Sony FX3,Kiko,"Location C - Rooftop (Exterior, Night)",exterior,68.0,-60.8,52.0,0.61,31.4,OK,44.9,4,60,True,True
2026-08-29T16:34:00,574.0,CAM-04,Sony FX3,Dennis,"Location C - Rooftop (Exterior, Night)",exterior,45.0,-60.9,71.8,0.88,30.3,OK,43.9,8,58,True,True
2026-08-29T16:34:00,574.0,CAM-05,Blackmagic,Jorge,"Location C - Rooftop (Exterior, Night)",exterior,95.0,-66.7,68.5,0.79,31.9,DEGRADED,27.4,28,414,True,True
2026-08-29T16:34:30,574.5,CAM-01,Sony FX6,Ariel,"Location C - Rooftop (Exterior, Night)",exterior,18.0,-55.3,73.3,0.95,29.7,OK,50.1,0,35,True,True
2026-08-29T16:34:30,574.5,CAM-02,Sony FX6,Marlon,"Location C - Rooftop (Exterior, Night)",exterior,32.0,-56.1,72.9,0.92,32.2,OK,47.4,0,35,True,True
2026-08-29T16:34:30,574.5,CAM-03,Sony FX3,Kiko,"Location C - Rooftop (Exterior, Night)",exterior,68.0,-61.8,51.6,0.61,31.2,OK,42.8,10,132,True,True
2026-08-29T16:34:30,574.5,CAM-04,Sony FX3,Dennis,"Location C - Rooftop (Exterior, Night)",exterior,45.0,-59.7,71.5,0.88,30.8,OK,48.7,0,35,True,True
2026-08-29T16:34:30,574.5,CAM-05,Blackmagic,Jorge,"Location C - Rooftop (Exterior, Night)",exterior,95.0,-62.8,67.6,0.79,31.4,OK,38.3,4,85,True,True
2026-08-29T16:35:00,575.0,CAM-01,Sony FX6,Ariel,"Location C - Rooftop (Exterior, Night)",exterior,18.0,-54.0,73.3,0.95,32.2,OK,50.2,0,35,True,True
2026-08-29T16:35:00,575.0,CAM-02,Sony FX6,Marlon,"Location C - Rooftop (Exterior, Night)",exterior,32.0,-62.1,73.1,0.92,30.7,OK,41.4,4,135,True,True
2026-08-29T16:35:00,575.0,CAM-03,Sony FX3,Kiko,"Location C - Rooftop (Exterior, Night)",exterior,68.0,-62.0,51.4,0.61,31.0,OK,44.4,14,71,True,True
2026-08-29T16:35:00,575.0,CAM-04,Sony FX3,Dennis,"Location C - Rooftop (Exterior, Night)",exterior,45.0,-60.2,71.7,0.88,31.5,OK,44.7,0,36,True,True
2026-08-29T16:35:00,575.0,CAM-05,Blackmagic,Jorge,"Location C - Rooftop (Exterior, Night)",exterior,95.0,-65.1,67.4,0.79,30.9,OK,29.5,30,244,True,True
2026-08-29T16:35:30,575.5,CAM-01,Sony FX6,Ariel,"Location C - Rooftop (Exterior, Night)",exterior,18.0,-56.3,73.0,0.95,29.9,OK,45.5,0,35,True,True
2026-08-29T16:35:30,575.5,CAM-02,Sony FX6,Marlon,"Location C - Rooftop (Exterior, Night)",exterior,32.0,-58.7,72.4,0.92,29.4,OK,47.3,0,35,True,True
2026-08-29T16:35:30,575.5,CAM-03,Sony FX3,Kiko,"Location C - Rooftop (Exterior, Night)",exterior,68.0,-62.8,51.1,0.61,30.7,OK,38.3,7,154,True,True
2026-08-29T16:35:30,575.5,CAM-04,Sony FX3,Dennis,"Location C - Rooftop (Exterior, Night)",exterior,45.0,-56.2,71.2,0.88,30.5,OK,45.1,0,35,True,True
2026-08-29T16:35:30,575.5,CAM-05,Blackmagic,Jorge,"Location C - Rooftop (Exterior, Night)",exterior,95.0,-67.1,67.2,0.79,31.0,DEGRADED,22.9,32,428,True,True
2026-08-29T16:36:00,576.0,CAM-01,Sony FX6,Ariel,"Location C - Rooftop (Exterior, Night)",exterior,18.0,-54.5,73.6,0.95,31.7,OK,47.8,0,35,True,True
2026-08-29T16:36:00,576.0,CAM-02,Sony FX6,Marlon,"Location C - Rooftop (Exterior, Night)",exterior,32.0,-56.2,72.0,0.92,31.9,OK,43.8,0,35,True,True
2026-08-29T16:36:00,576.0,CAM-03,Sony FX3,Kiko,"Location C - Rooftop (Exterior, Night)",exterior,68.0,-59.8,52.0,0.61,29.8,OK,49.0,0,35,True,True
2026-08-29T16:36:00,576.0,CAM-04,Sony FX3,Dennis,"Location C - Rooftop (Exterior, Night)",exterior,45.0,-62.0,70.8,0.88,31.4,OK,43.4,1,104,True,True
2026-08-29T16:36:00,576.0,CAM-05,Blackmagic,Jorge,"Location C - Rooftop (Exterior, Night)",exterior,95.0,-64.8,67.2,0.79,31.3,OK,34.0,8,234,True,True
2026-08-29T16:36:30,576.5,CAM-01,Sony FX6,Ariel,"Location C - Rooftop (Exterior, Night)",exterior,18.0,-51.9,73.7,0.95,30.2,OK,47.5,0,35,True,True
2026-08-29T16:36:30,576.5,CAM-02,Sony FX6,Marlon,"Location C - Rooftop (Exterior, Night)",exterior,32.0,-58.0,72.0,0.92,31.7,OK,50.8,0,35,True,True
2026-08-29T16:36:30,576.5,CAM-03,Sony FX3,Kiko,"Location C - Rooftop (Exterior, Night)",exterior,68.0,-63.0,50.2,0.61,29.9,OK,38.1,16,58,True,True
2026-08-29T16:36:30,576.5,CAM-04,Sony FX3,Dennis,"Location C - Rooftop (Exterior, Night)",exterior,45.0,-58.3,71.1,0.88,30.5,OK,47.5,0,35,True,True
2026-08-29T16:36:30,576.5,CAM-05,Blackmagic,Jorge,"Location C - Rooftop (Exterior, Night)",exterior,95.0,-65.5,68.2,0.79,30.9,DEGRADED,29.0,41,359,True,True
2026-08-29T16:37:00,577.0,CAM-01,Sony FX6,Ariel,"Location C - Rooftop (Exterior, Night)",exterior,18.0,-53.8,72.9,0.95,30.9,OK,48.0,0,35,True,True
2026-08-29T16:37:00,577.0,CAM-02,Sony FX6,Marlon,"Location C - Rooftop (Exterior, Night)",exterior,32.0,-55.6,71.7,0.92,30.4,OK,46.3,0,35,True,True
2026-08-29T16:37:00,577.0,CAM-03,Sony FX3,Kiko,"Location C - Rooftop (Exterior, Night)",exterior,68.0,-62.7,49.8,0.61,29.8,OK,39.3,10,162,True,True
2026-08-29T16:37:00,577.0,CAM-04,Sony FX3,Dennis,"Location C - Rooftop (Exterior, Night)",exterior,45.0,-59.9,71.7,0.88,31.7,OK,44.9,0,35,True,True
2026-08-29T16:37:00,577.0,CAM-05,Blackmagic,Jorge,"Location C - Rooftop (Exterior, Night)",exterior,95.0,-64.3,67.0,0.79,31.0,OK,33.0,6,268,True,True
2026-08-29T16:37:30,577.5,CAM-01,Sony FX6,Ariel,"Location C - Rooftop (Exterior, Night)",exterior,18.0,-55.7,72.6,0.95,31.5,OK,50.7,0,35,True,True
2026-08-29T16:37:30,577.5,CAM-02,Sony FX6,Marlon,"Location C - Rooftop (Exterior, Night)",exterior,32.0,-58.4,72.0,0.92,30.7,OK,49.9,0,35,True,True
2026-08-29T16:37:30,577.5,CAM-03,Sony FX3,Kiko,"Location C - Rooftop (Exterior, Night)",exterior,68.0,-60.4,50.3,0.61,31.3,OK,46.4,2,47,True,True
2026-08-29T16:37:30,577.5,CAM-04,Sony FX3,Dennis,"Location C - Rooftop (Exterior, Night)",exterior,45.0,-62.1,71.1,0.88,32.4,OK,40.9,8,90,True,True
2026-08-29T16:37:30,577.5,CAM-05,Blackmagic,Jorge,"Location C - Rooftop (Exterior, Night)",exterior,95.0,-67.4,67.7,0.79,31.7,DEGRADED,23.8,2,91,True,True
2026-08-29T16:38:00,578.0,CAM-01,Sony FX6,Ariel,"Location C - Rooftop (Exterior, Night)",exterior,18.0,-53.6,73.5,0.95,31.4,OK,47.5,0,35,True,True
2026-08-29T16:38:00,578.0,CAM-02,Sony FX6,Marlon,"Location C - Rooftop (Exterior, Night)",exterior,32.0,-59.2,71.0,0.92,31.2,OK,46.4,0,35,True,True
2026-08-29T16:38:00,578.0,CAM-03,Sony FX3,Kiko,"Location C - Rooftop (Exterior, Night)",exterior,68.0,-64.4,48.8,0.61,31.2,OK,33.1,26,186,True,True
2026-08-29T16:38:00,578.0,CAM-04,Sony FX3,Dennis,"Location C - Rooftop (Exterior, Night)",exterior,45.0,-59.8,70.6,0.88,32.3,OK,49.0,0,35,True,True
2026-08-29T16:38:00,578.0,CAM-05,Blackmagic,Jorge,"Location C - Rooftop (Exterior, Night)",exterior,95.0,-66.1,66.5,0.79,30.0,DEGRADED,30.9,38,312,True,True
2026-08-29T16:38:30,578.5,CAM-01,Sony FX6,Ariel,"Location C - Rooftop (Exterior, Night)",exterior,18.0,-52.8,72.3,0.95,32.0,OK,50.1,0,35,True,True
2026-08-29T16:38:30,578.5,CAM-02,Sony FX6,Marlon,"Location C - Rooftop (Exterior, Night)",exterior,32.0,-58.0,70.7,0.92,29.8,OK,49.2,0,35,True,True
2026-08-29T16:38:30,578.5,CAM-03,Sony FX3,Kiko,"Location C - Rooftop (Exterior, Night)",exterior,68.0,-61.5,49.5,0.61,31.3,OK,42.3,13,49,True,True
2026-08-29T16:38:30,578.5,CAM-04,Sony FX3,Dennis,"Location C - Rooftop (Exterior, Night)",exterior,45.0,-57.6,70.4,0.88,29.2,OK,50.3,0,35,True,True
2026-08-29T16:38:30,578.5,CAM-05,Blackmagic,Jorge,"Location C - Rooftop (Exterior, Night)",exterior,95.0,-65.1,66.3,0.79,30.5,OK,31.1,39,63,True,True
2026-08-29T16:39:00,579.0,CAM-01,Sony FX6,Ariel,"Location C - Rooftop (Exterior, Night)",exterior,18.0,-52.9,72.0,0.95,30.8,OK,48.0,0,35,True,True
2026-08-29T16:39:00,579.0,CAM-02,Sony FX6,Marlon,"Location C - Rooftop (Exterior, Night)",exterior,32.0,-54.6,71.4,0.92,30.2,OK,45.0,0,35,True,True
2026-08-29T16:39:00,579.0,CAM-03,Sony FX3,Kiko,"Location C - Rooftop (Exterior, Night)",exterior,68.0,-64.4,49.6,0.61,31.3,OK,34.0,1,180,True,True
2026-08-29T16:39:00,579.0,CAM-04,Sony FX3,Dennis,"Location C - Rooftop (Exterior, Night)",exterior,45.0,-59.6,70.2,0.88,30.4,OK,46.7,0,35,True,True
2026-08-29T16:39:00,579.0,CAM-05,Blackmagic,Jorge,"Location C - Rooftop (Exterior, Night)",exterior,95.0,-64.2,67.5,0.79,30.8,OK,36.6,18,266,True,True
2026-08-29T16:39:30,579.5,CAM-01,Sony FX6,Ariel,"Location C - Rooftop (Exterior, Night)",exterior,18.0,-50.7,72.4,0.95,31.6,OK,47.7,0,35,True,True
2026-08-29T16:39:30,579.5,CAM-02,Sony FX6,Marlon,"Location C - Rooftop (Exterior, Night)",exterior,32.0,-58.1,72.1,0.92,30.9,OK,48.7,0,35,True,True
2026-08-29T16:39:30,579.5,CAM-03,Sony FX3,Kiko,"Location C - Rooftop (Exterior, Night)",exterior,68.0,-60.5,48.2,0.61,30.8,OK,47.8,0,54,True,True
2026-08-29T16:39:30,579.5,CAM-04,Sony FX3,Dennis,"Location C - Rooftop (Exterior, Night)",exterior,45.0,-59.5,70.3,0.88,30.6,OK,49.2,0,35,True,True
2026-08-29T16:39:30,579.5,CAM-05,Blackmagic,Jorge,"Location C - Rooftop (Exterior, Night)",exterior,95.0,-63.2,67.2,0.79,31.2,OK,32.4,20,70,True,True
2026-08-29T16:40:00,580.0,CAM-01,Sony FX6,Ariel,"Location C - Rooftop (Exterior, Night)",exterior,18.0,-53.3,73.2,0.95,29.6,OK,49.4,0,35,True,True
2026-08-29T16:40:00,580.0,CAM-02,Sony FX6,Marlon,"Location C - Rooftop (Exterior, Night)",exterior,32.0,-56.1,71.5,0.92,31.2,OK,45.7,0,35,True,True
2026-08-29T16:40:00,580.0,CAM-03,Sony FX3,Kiko,"Location C - Rooftop (Exterior, Night)",exterior,68.0,-62.9,47.5,0.61,29.8,OK,37.9,24,180,True,True
2026-08-29T16:40:00,580.0,CAM-04,Sony FX3,Dennis,"Location C - Rooftop (Exterior, Night)",exterior,45.0,-62.8,70.0,0.88,30.3,OK,39.6,1,124,True,True
2026-08-29T16:40:00,580.0,CAM-05,Blackmagic,Jorge,"Location C - Rooftop (Exterior, Night)",exterior,95.0,-66.4,66.6,0.79,31.3,DEGRADED,25.5,5,408,True,True
2026-08-29T16:40:30,580.5,CAM-01,Sony FX6,Ariel,"Location C - Rooftop (Exterior, Night)",exterior,18.0,-53.6,72.5,0.95,30.7,OK,47.3,0,35,True,True
2026-08-29T16:40:30,580.5,CAM-02,Sony FX6,Marlon,"Location C - Rooftop (Exterior, Night)",exterior,32.0,-55.9,71.3,0.92,30.4,OK,47.3,0,35,True,True
2026-08-29T16:40:30,580.5,CAM-03,Sony FX3,Kiko,"Location C - Rooftop (Exterior, Night)",exterior,68.0,-67.3,48.1,0.61,30.1,DEGRADED,22.5,56,155,True,True
2026-08-29T16:40:30,580.5,CAM-04,Sony FX3,Dennis,"Location C - Rooftop (Exterior, Night)",exterior,45.0,-58.2,70.2,0.88,30.6,OK,46.4,0,35,True,True
2026-08-29T16:40:30,580.5,CAM-05,Blackmagic,Jorge,"Location C - Rooftop (Exterior, Night)",exterior,95.0,-64.9,65.8,0.79,32.1,OK,32.8,36,150,True,True
2026-08-29T16:41:00,581.0,CAM-01,Sony FX6,Ariel,"Location C - Rooftop (Exterior, Night)",exterior,18.0,-55.9,72.0,0.95,30.7,OK,48.9,0,35,True,True
2026-08-29T16:41:00,581.0,CAM-02,Sony FX6,Marlon,"Location C - Rooftop (Exterior, Night)",exterior,32.0,-59.9,71.0,0.92,30.3,OK,46.0,0,35,True,True
2026-08-29T16:41:00,581.0,CAM-03,Sony FX3,Kiko,"Location C - Rooftop (Exterior, Night)",exterior,68.0,-61.8,47.4,0.61,31.1,OK,40.3,7,110,True,True
2026-08-29T16:41:00,581.0,CAM-04,Sony FX3,Dennis,"Location C - Rooftop (Exterior, Night)",exterior,45.0,-60.6,69.8,0.88,30.2,OK,47.0,4,67,True,True
2026-08-29T16:41:00,581.0,CAM-05,Blackmagic,Jorge,"Location C - Rooftop (Exterior, Night)",exterior,95.0,-59.5,66.4,0.79,30.9,OK,44.1,0,35,True,True
2026-08-29T16:41:30,581.5,CAM-01,Sony FX6,Ariel,"Location C - Rooftop (Exterior, Night)",exterior,18.0,-57.1,72.0,0.95,31.5,OK,50.1,0,35,True,True
2026-08-29T16:41:30,581.5,CAM-02,Sony FX6,Marlon,"Location C - Rooftop (Exterior, Night)",exterior,32.0,-59.1,71.2,0.92,31.1,OK,49.3,0,35,True,True
2026-08-29T16:41:30,581.5,CAM-03,Sony FX3,Kiko,"Location C - Rooftop (Exterior, Night)",exterior,68.0,-59.6,47.7,0.61,32.1,OK,46.8,0,35,True,True
2026-08-29T16:41:30,581.5,CAM-04,Sony FX3,Dennis,"Location C - Rooftop (Exterior, Night)",exterior,45.0,-61.2,69.2,0.88,28.9,OK,43.5,6,98,True,True
2026-08-29T16:41:30,581.5,CAM-05,Blackmagic,Jorge,"Location C - Rooftop (Exterior, Night)",exterior,95.0,-68.4,65.5,0.79,32.4,DEGRADED,24.2,8,503,True,True
2026-08-29T16:42:00,582.0,CAM-01,Sony FX6,Ariel,"Location C - Rooftop (Exterior, Night)",exterior,18.0,-54.1,71.3,0.95,31.8,OK,49.7,0,35,True,True
2026-08-29T16:42:00,582.0,CAM-02,Sony FX6,Marlon,"Location C - Rooftop (Exterior, Night)",exterior,32.0,-57.9,70.5,0.92,31.0,OK,47.4,0,35,True,True
2026-08-29T16:42:00,582.0,CAM-03,Sony FX3,Kiko,"Location C - Rooftop (Exterior, Night)",exterior,68.0,-66.0,47.6,0.61,30.4,DEGRADED,30.1,38,358,True,True
2026-08-29T16:42:00,582.0,CAM-04,Sony FX3,Dennis,"Location C - Rooftop (Exterior, Night)",exterior,45.0,-61.3,70.4,0.88,32.2,OK,44.2,3,71,True,True
2026-08-29T16:42:00,582.0,CAM-05,Blackmagic,Jorge,"Location C - Rooftop (Exterior, Night)",exterior,95.0,-68.2,66.1,0.79,31.0,DEGRADED,23.0,73,125,True,True
2026-08-29T16:42:30,582.5,CAM-01,Sony FX6,Ariel,"Location C - Rooftop (Exterior, Night)",exterior,18.0,-55.0,72.4,0.95,31.3,OK,47.9,0,35,True,True
2026-08-29T16:42:30,582.5,CAM-02,Sony FX6,Marlon,"Location C - Rooftop (Exterior, Night)",exterior,32.0,-59.0,70.7,0.92,31.4,OK,48.1,0,35,True,True
2026-08-29T16:42:30,582.5,CAM-03,Sony FX3,Kiko,"Location C - Rooftop (Exterior, Night)",exterior,68.0,-63.1,47.2,0.61,30.8,OK,38.2,8,98,True,True
2026-08-29T16:42:30,582.5,CAM-04,Sony FX3,Dennis,"Location C - Rooftop (Exterior, Night)",exterior,45.0,-60.2,69.3,0.88,31.0,OK,48.6,0,40,True,True
2026-08-29T16:42:30,582.5,CAM-05,Blackmagic,Jorge,"Location C - Rooftop (Exterior, Night)",exterior,95.0,-72.2,65.7,0.79,31.8,CRITICAL,7.4,29,638,True,True
2026-08-29T16:43:00,583.0,CAM-01,Sony FX6,Ariel,"Location C - Rooftop (Exterior, Night)",exterior,18.0,-55.6,70.9,0.95,30.8,OK,47.6,0,35,True,True
2026-08-29T16:43:00,583.0,CAM-02,Sony FX6,Marlon,"Location C - Rooftop (Exterior, Night)",exterior,32.0,-54.0,70.5,0.92,30.0,OK,48.7,0,35,True,True
2026-08-29T16:43:00,583.0,CAM-03,Sony FX3,Kiko,"Location C - Rooftop (Exterior, Night)",exterior,68.0,-64.7,46.6,0.61,31.3,OK,32.2,20,128,True,True
2026-08-29T16:43:00,583.0,CAM-04,Sony FX3,Dennis,"Location C - Rooftop (Exterior, Night)",exterior,45.0,-61.4,69.2,0.88,31.5,OK,43.1,1,73,True,True
2026-08-29T16:43:00,583.0,CAM-05,Blackmagic,Jorge,"Location C - Rooftop (Exterior, Night)",exterior,95.0,-63.9,65.7,0.79,31.0,OK,38.3,33,201,True,True
2026-08-29T16:43:30,583.5,CAM-01,Sony FX6,Ariel,"Location C - Rooftop (Exterior, Night)",exterior,18.0,-53.6,71.2,0.95,31.1,OK,47.1,0,35,True,True
2026-08-29T16:43:30,583.5,CAM-02,Sony FX6,Marlon,"Location C - Rooftop (Exterior, Night)",exterior,32.0,-57.7,70.3,0.92,31.0,OK,49.1,0,35,True,True
2026-08-29T16:43:30,583.5,CAM-03,Sony FX3,Kiko,"Location C - Rooftop (Exterior, Night)",exterior,68.0,-63.4,46.2,0.61,32.1,OK,35.4,14,53,True,True
2026-08-29T16:43:30,583.5,CAM-04,Sony FX3,Dennis,"Location C - Rooftop (Exterior, Night)",exterior,45.0,-58.1,68.2,0.88,30.8,OK,47.0,0,35,True,True
2026-08-29T16:43:30,583.5,CAM-05,Blackmagic,Jorge,"Location C - Rooftop (Exterior, Night)",exterior,95.0,-66.3,65.4,0.79,32.1,DEGRADED,29.8,15,284,True,True
2026-08-29T16:44:00,584.0,CAM-01,Sony FX6,Ariel,"Location C - Rooftop (Exterior, Night)",exterior,18.0,-50.8,71.8,0.95,31.9,OK,46.8,0,35,True,True
2026-08-29T16:44:00,584.0,CAM-02,Sony FX6,Marlon,"Location C - Rooftop (Exterior, Night)",exterior,32.0,-55.1,70.7,0.92,30.7,OK,47.2,0,35,True,True
2026-08-29T16:44:00,584.0,CAM-03,Sony FX3,Kiko,"Location C - Rooftop (Exterior, Night)",exterior,68.0,-62.6,46.2,0.61,30.7,OK,38.6,15,107,True,True
2026-08-29T16:44:00,584.0,CAM-04,Sony FX3,Dennis,"Location C - Rooftop (Exterior, Night)",exterior,45.0,-57.5,68.7,0.88,32.3,OK,47.2,0,35,True,True
2026-08-29T16:44:00,584.0,CAM-05,Blackmagic,Jorge,"Location C - Rooftop (Exterior, Night)",exterior,95.0,-65.6,65.7,0.79,31.1,DEGRADED,29.3,43,91,True,True
2026-08-29T16:44:30,584.5,CAM-01,Sony FX6,Ariel,"Location C - Rooftop (Exterior, Night)",exterior,18.0,-55.3,70.6,0.95,30.1,OK,46.4,0,35,True,True
2026-08-29T16:44:30,584.5,CAM-02,Sony FX6,Marlon,"Location C - Rooftop (Exterior, Night)",exterior,32.0,-60.9,70.6,0.92,29.5,OK,44.5,2,49,True,True
2026-08-29T16:44:30,584.5,CAM-03,Sony FX3,Kiko,"Location C - Rooftop (Exterior, Night)",exterior,68.0,-62.6,44.5,0.61,30.1,OK,43.3,9,63,True,True
2026-08-29T16:44:30,584.5,CAM-04,Sony FX3,Dennis,"Location C - Rooftop (Exterior, Night)",exterior,45.0,-61.7,68.6,0.88,30.4,OK,42.3,9,119,True,True
2026-08-29T16:44:30,584.5,CAM-05,Blackmagic,Jorge,"Location C - Rooftop (Exterior, Night)",exterior,95.0,-68.7,64.5,0.79,31.2,DEGRADED,21.1,15,340,True,True
2026-08-29T16:45:00,585.0,CAM-01,Sony FX6,Ariel,"Location C - Rooftop (Exterior, Night)",exterior,18.0,-57.4,70.6,0.95,29.8,OK,47.8,0,35,True,True
2026-08-29T16:45:00,585.0,CAM-02,Sony FX6,Marlon,"Location C - Rooftop (Exterior, Night)",exterior,32.0,-61.1,69.5,0.92,31.5,OK,46.1,3,96,True,True
2026-08-29T16:45:00,585.0,CAM-03,Sony FX3,Kiko,"Location C - Rooftop (Exterior, Night)",exterior,68.0,-63.9,45.5,0.61,29.8,OK,35.6,3,200,True,True
2026-08-29T16:45:00,585.0,CAM-04,Sony FX3,Dennis,"Location C - Rooftop (Exterior, Night)",exterior,45.0,-57.2,68.3,0.88,31.3,OK,46.7,0,35,True,True
2026-08-29T16:45:00,585.0,CAM-05,Blackmagic,Jorge,"Location C - Rooftop (Exterior, Night)",exterior,95.0,-63.8,65.0,0.79,30.8,OK,38.1,17,152,True,True
2026-08-29T16:45:30,585.5,CAM-01,Sony FX6,Ariel,"Location C - Rooftop (Exterior, Night)",exterior,18.0,-55.0,71.8,0.95,30.4,OK,47.5,0,35,True,True
2026-08-29T16:45:30,585.5,CAM-02,Sony FX6,Marlon,"Location C - Rooftop (Exterior, Night)",exterior,32.0,-61.5,70.3,0.92,31.1,OK,43.3,7,114,True,True
2026-08-29T16:45:30,585.5,CAM-03,Sony FX3,Kiko,"Location C - Rooftop (Exterior, Night)",exterior,68.0,-61.3,45.1,0.61,30.6,OK,43.6,8,73,True,True
2026-08-29T16:45:30,585.5,CAM-04,Sony FX3,Dennis,"Location C - Rooftop (Exterior, Night)",exterior,45.0,-59.0,67.9,0.88,29.9,OK,48.0,0,35,True,True
2026-08-29T16:45:30,585.5,CAM-05,Blackmagic,Jorge,"Location C - Rooftop (Exterior, Night)",exterior,95.0,-69.9,64.7,0.79,31.8,DEGRADED,14.7,35,397,True,True
2026-08-29T16:46:00,586.0,CAM-01,Sony FX6,Ariel,"Location C - Rooftop (Exterior, Night)",exterior,18.0,-53.7,70.9,0.95,31.1,OK,47.7,0,35,True,True
2026-08-29T16:46:00,586.0,CAM-02,Sony FX6,Marlon,"Location C - Rooftop (Exterior, Night)",exterior,32.0,-57.2,69.5,0.92,31.3,OK,49.5,0,35,True,True
2026-08-29T16:46:00,586.0,CAM-03,Sony FX3,Kiko,"Location C - Rooftop (Exterior, Night)",exterior,68.0,-69.3,44.4,0.61,31.9,DEGRADED,16.1,12,401,True,True
2026-08-29T16:46:00,586.0,CAM-04,Sony FX3,Dennis,"Location C - Rooftop (Exterior, Night)",exterior,45.0,-60.3,68.6,0.88,30.3,OK,46.5,0,47,True,True
2026-08-29T16:46:00,586.0,CAM-05,Blackmagic,Jorge,"Location C - Rooftop (Exterior, Night)",exterior,95.0,-64.7,64.8,0.79,30.5,OK,33.1,30,257,True,True
2026-08-29T16:46:30,586.5,CAM-01,Sony FX6,Ariel,"Location C - Rooftop (Exterior, Night)",exterior,18.0,-53.5,71.1,0.95,30.7,OK,47.1,0,35,True,True
2026-08-29T16:46:30,586.5,CAM-02,Sony FX6,Marlon,"Location C - Rooftop (Exterior, Night)",exterior,32.0,-59.4,69.6,0.92,30.4,OK,46.7,0,35,True,True
2026-08-29T16:46:30,586.5,CAM-03,Sony FX3,Kiko,"Location C - Rooftop (Exterior, Night)",exterior,68.0,-60.9,44.5,0.61,30.6,OK,44.7,7,60,True,True
2026-08-29T16:46:30,586.5,CAM-04,Sony FX3,Dennis,"Location C - Rooftop (Exterior, Night)",exterior,45.0,-59.8,67.9,0.88,31.9,OK,47.0,0,35,True,True
2026-08-29T16:46:30,586.5,CAM-05,Blackmagic,Jorge,"Location C - Rooftop (Exterior, Night)",exterior,95.0,-64.6,64.3,0.79,31.0,OK,31.9,26,270,True,True
2026-08-29T16:47:00,587.0,CAM-01,Sony FX6,Ariel,"Location C - Rooftop (Exterior, Night)",exterior,18.0,-54.4,69.8,0.95,31.6,OK,50.1,0,35,True,True
2026-08-29T16:47:00,587.0,CAM-02,Sony FX6,Marlon,"Location C - Rooftop (Exterior, Night)",exterior,32.0,-55.6,69.2,0.92,31.9,OK,46.0,0,35,True,True
2026-08-29T16:47:00,587.0,CAM-03,Sony FX3,Kiko,"Location C - Rooftop (Exterior, Night)",exterior,68.0,-62.6,45.1,0.61,31.6,OK,39.2,0,76,True,True
2026-08-29T16:47:00,587.0,CAM-04,Sony FX3,Dennis,"Location C - Rooftop (Exterior, Night)",exterior,45.0,-58.2,68.2,0.88,30.8,OK,47.3,0,35,True,True
2026-08-29T16:47:00,587.0,CAM-05,Blackmagic,Jorge,"Location C - Rooftop (Exterior, Night)",exterior,95.0,-64.0,64.5,0.79,32.2,OK,35.6,36,113,True,True
2026-08-29T16:47:30,587.5,CAM-01,Sony FX6,Ariel,"Location C - Rooftop (Exterior, Night)",exterior,18.0,-52.2,70.3,0.95,30.8,OK,48.5,0,35,True,True
2026-08-29T16:47:30,587.5,CAM-02,Sony FX6,Marlon,"Location C - Rooftop (Exterior, Night)",exterior,32.0,-57.0,69.6,0.92,31.1,OK,48.0,0,35,True,True
2026-08-29T16:47:30,587.5,CAM-03,Sony FX3,Kiko,"Location C - Rooftop (Exterior, Night)",exterior,68.0,-60.8,44.5,0.61,31.5,OK,46.9,4,68,True,True
2026-08-29T16:47:30,587.5,CAM-04,Sony FX3,Dennis,"Location C - Rooftop (Exterior, Night)",exterior,45.0,-61.4,68.4,0.88,31.5,OK,40.2,12,114,True,True
2026-08-29T16:47:30,587.5,CAM-05,Blackmagic,Jorge,"Location C - Rooftop (Exterior, Night)",exterior,95.0,-70.3,64.8,0.79,30.2,DEGRADED,15.9,26,195,True,True
2026-08-29T16:48:00,588.0,CAM-01,Sony FX6,Ariel,"Location C - Rooftop (Exterior, Night)",exterior,18.0,-53.1,71.0,0.95,31.3,OK,50.5,0,35,True,True
2026-08-29T16:48:00,588.0,CAM-02,Sony FX6,Marlon,"Location C - Rooftop (Exterior, Night)",exterior,32.0,-61.4,69.6,0.92,31.6,OK,44.7,12,88,True,True
2026-08-29T16:48:00,588.0,CAM-03,Sony FX3,Kiko,"Location C - Rooftop (Exterior, Night)",exterior,68.0,-62.8,43.2,0.61,32.8,OK,40.9,3,48,True,True
2026-08-29T16:48:00,588.0,CAM-04,Sony FX3,Dennis,"Location C - Rooftop (Exterior, Night)",exterior,45.0,-62.2,68.3,0.88,31.0,OK,40.4,3,121,True,True
2026-08-29T16:48:00,588.0,CAM-05,Blackmagic,Jorge,"Location C - Rooftop (Exterior, Night)",exterior,95.0,-65.6,65.7,0.79,29.0,DEGRADED,29.6,29,304,True,True
2026-08-29T16:48:30,588.5,CAM-01,Sony FX6,Ariel,"Location C - Rooftop (Exterior, Night)",exterior,18.0,-49.0,70.1,0.95,30.1,OK,50.5,0,35,True,True
2026-08-29T16:48:30,588.5,CAM-02,Sony FX6,Marlon,"Location C - Rooftop (Exterior, Night)",exterior,32.0,-59.0,69.3,0.92,31.5,OK,48.2,0,35,True,True
2026-08-29T16:48:30,588.5,CAM-03,Sony FX3,Kiko,"Location C - Rooftop (Exterior, Night)",exterior,68.0,-61.0,43.6,0.61,32.4,OK,45.3,9,41,True,True
2026-08-29T16:48:30,588.5,CAM-04,Sony FX3,Dennis,"Location C - Rooftop (Exterior, Night)",exterior,45.0,-63.4,67.3,0.88,29.5,OK,37.7,28,68,True,True
2026-08-29T16:48:30,588.5,CAM-05,Blackmagic,Jorge,"Location C - Rooftop (Exterior, Night)",exterior,95.0,-63.8,64.5,0.79,31.7,OK,39.2,33,208,True,True
2026-08-29T16:49:00,589.0,CAM-01,Sony FX6,Ariel,"Location C - Rooftop (Exterior, Night)",exterior,18.0,-54.7,70.1,0.95,31.5,OK,47.9,0,35,True,True
2026-08-29T16:49:00,589.0,CAM-02,Sony FX6,Marlon,"Location C - Rooftop (Exterior, Night)",exterior,32.0,-55.0,69.1,0.92,31.6,OK,46.0,0,35,True,True
2026-08-29T16:49:00,589.0,CAM-03,Sony FX3,Kiko,"Location C - Rooftop (Exterior, Night)",exterior,68.0,-63.2,43.1,0.61,31.4,OK,38.1,0,165,True,True
2026-08-29T16:49:00,589.0,CAM-04,Sony FX3,Dennis,"Location C - Rooftop (Exterior, Night)",exterior,45.0,-64.7,67.9,0.88,31.4,OK,32.7,25,251,True,True
2026-08-29T16:49:00,589.0,CAM-05,Blackmagic,Jorge,"Location C - Rooftop (Exterior, Night)",exterior,95.0,-65.8,64.3,0.79,30.1,DEGRADED,28.2,17,192,True,True
2026-08-29T16:49:30,589.5,CAM-01,Sony FX6,Ariel,"Location C - Rooftop (Exterior, Night)",exterior,18.0,-52.4,70.1,0.95,31.6,OK,48.6,0,35,True,True
2026-08-29T16:49:30,589.5,CAM-02,Sony FX6,Marlon,"Location C - Rooftop (Exterior, Night)",exterior,32.0,-60.5,68.6,0.92,31.4,OK,46.2,1,59,True,True
2026-08-29T16:49:30,589.5,CAM-03,Sony FX3,Kiko,"Location C - Rooftop (Exterior, Night)",exterior,68.0,-61.9,42.9,0.61,32.9,OK,42.2,9,48,True,True
2026-08-29T16:49:30,589.5,CAM-04,Sony FX3,Dennis,"Location C - Rooftop (Exterior, Night)",exterior,45.0,-60.5,67.6,0.88,29.5,OK,44.2,2,37,True,True
2026-08-29T16:49:30,589.5,CAM-05,Blackmagic,Jorge,"Location C - Rooftop (Exterior, Night)",exterior,95.0,-62.1,63.8,0.79,31.4,OK,42.0,0,95,True,True
2026-08-29T16:50:00,590.0,CAM-01,Sony FX6,Ariel,"Location C - Rooftop (Exterior, Night)",exterior,18.0,-55.6,69.6,0.95,30.4,OK,46.5,0,35,True,True
2026-08-29T16:50:00,590.0,CAM-02,Sony FX6,Marlon,"Location C - Rooftop (Exterior, Night)",exterior,32.0,-58.8,68.6,0.92,32.1,OK,47.9,0,35,True,True
2026-08-29T16:50:00,590.0,CAM-03,Sony FX3,Kiko,"Location C - Rooftop (Exterior, Night)",exterior,68.0,-64.1,42.8,0.61,31.4,OK,33.5,34,141,True,True
2026-08-29T16:50:00,590.0,CAM-04,Sony FX3,Dennis,"Location C - Rooftop (Exterior, Night)",exterior,45.0,-62.7,67.1,0.88,31.3,OK,40.0,10,97,True,True
2026-08-29T16:50:00,590.0,CAM-05,Blackmagic,Jorge,"Location C - Rooftop (Exterior, Night)",exterior,95.0,-66.6,63.7,0.79,31.0,DEGRADED,26.1,19,419,True,True
2026-08-29T16:50:30,590.5,CAM-01,Sony FX6,Ariel,"Location C - Rooftop (Exterior, Night)",exterior,18.0,-53.5,70.3,0.95,31.1,OK,46.7,0,35,True,True
2026-08-29T16:50:30,590.5,CAM-02,Sony FX6,Marlon,"Location C - Rooftop (Exterior, Night)",exterior,32.0,-58.1,69.2,0.92,32.3,OK,49.9,0,35,True,True
2026-08-29T16:50:30,590.5,CAM-03,Sony FX3,Kiko,"Location C - Rooftop (Exterior, Night)",exterior,68.0,-64.5,43.0,0.61,32.1,OK,31.1,4,250,True,True
2026-08-29T16:50:30,590.5,CAM-04,Sony FX3,Dennis,"Location C - Rooftop (Exterior, Night)",exterior,45.0,-57.3,67.1,0.88,31.7,OK,46.9,0,35,True,True
2026-08-29T16:50:30,590.5,CAM-05,Blackmagic,Jorge,"Location C - Rooftop (Exterior, Night)",exterior,95.0,-63.3,63.3,0.79,31.6,OK,36.3,15,202,True,True
2026-08-29T16:51:00,591.0,CAM-01,Sony FX6,Ariel,"Location C - Rooftop (Exterior, Night)",exterior,18.0,-49.6,69.3,0.95,31.9,OK,47.4,0,35,True,True
2026-08-29T16:51:00,591.0,CAM-02,Sony FX6,Marlon,"Location C - Rooftop (Exterior, Night)",exterior,32.0,-57.1,68.6,0.92,29.8,OK,49.7,0,35,True,True
2026-08-29T16:51:00,591.0,CAM-03,Sony FX3,Kiko,"Location C - Rooftop (Exterior, Night)",exterior,68.0,-61.4,41.9,0.61,31.7,OK,44.4,3,85,True,True
2026-08-29T16:51:00,591.0,CAM-04,Sony FX3,Dennis,"Location C - Rooftop (Exterior, Night)",exterior,45.0,-64.9,67.1,0.88,31.2,OK,34.0,3,98,True,True
2026-08-29T16:51:00,591.0,CAM-05,Blackmagic,Jorge,"Location C - Rooftop (Exterior, Night)",exterior,95.0,-69.6,63.1,0.79,32.0,DEGRADED,18.8,31,433,True,True
2026-08-29T16:51:30,591.5,CAM-01,Sony FX6,Ariel,"Location C - Rooftop (Exterior, Night)",exterior,18.0,-55.2,69.5,0.95,32.8,OK,45.4,0,35,True,True
2026-08-29T16:51:30,591.5,CAM-02,Sony FX6,Marlon,"Location C - Rooftop (Exterior, Night)",exterior,32.0,-55.6,68.6,0.92,30.8,OK,49.7,0,35,True,True
2026-08-29T16:51:30,591.5,CAM-03,Sony FX3,Kiko,"Location C - Rooftop (Exterior, Night)",exterior,68.0,-60.8,41.8,0.61,30.2,OK,45.9,4,82,True,True
2026-08-29T16:51:30,591.5,CAM-04,Sony FX3,Dennis,"Location C - Rooftop (Exterior, Night)",exterior,45.0,-56.5,66.6,0.88,31.2,OK,48.4,0,35,True,True
2026-08-29T16:51:30,591.5,CAM-05,Blackmagic,Jorge,"Location C - Rooftop (Exterior, Night)",exterior,95.0,-62.4,63.2,0.79,31.4,OK,40.0,21,174,True,True
2026-08-29T16:52:00,592.0,CAM-01,Sony FX6,Ariel,"Location C - Rooftop (Exterior, Night)",exterior,18.0,-53.8,69.2,0.95,29.9,OK,50.4,0,35,True,True
2026-08-29T16:52:00,592.0,CAM-02,Sony FX6,Marlon,"Location C - Rooftop (Exterior, Night)",exterior,32.0,-57.0,68.7,0.92,32.4,OK,48.4,0,35,True,True
2026-08-29T16:52:00,592.0,CAM-03,Sony FX3,Kiko,"Location C - Rooftop (Exterior, Night)",exterior,68.0,-66.6,41.0,0.61,31.4,DEGRADED,27.6,43,128,True,True
2026-08-29T16:52:00,592.0,CAM-04,Sony FX3,Dennis,"Location C - Rooftop (Exterior, Night)",exterior,45.0,-60.0,66.6,0.88,32.0,OK,48.1,0,35,True,True
2026-08-29T16:52:00,592.0,CAM-05,Blackmagic,Jorge,"Location C - Rooftop (Exterior, Night)",exterior,95.0,-62.1,62.6,0.79,31.2,OK,40.3,12,48,True,True
2026-08-29T16:52:30,592.5,CAM-01,Sony FX6,Ariel,"Location C - Rooftop (Exterior, Night)",exterior,18.0,-53.4,69.3,0.95,31.5,OK,47.3,0,35,True,True
2026-08-29T16:52:30,592.5,CAM-02,Sony FX6,Marlon,"Location C - Rooftop (Exterior, Night)",exterior,32.0,-57.0,67.9,0.92,30.8,OK,47.4,0,35,True,True
2026-08-29T16:52:30,592.5,CAM-03,Sony FX3,Kiko,"Location C - Rooftop (Exterior, Night)",exterior,68.0,-61.6,40.9,0.61,31.8,OK,41.6,12,118,True,True
2026-08-29T16:52:30,592.5,CAM-04,Sony FX3,Dennis,"Location C - Rooftop (Exterior, Night)",exterior,45.0,-59.0,66.2,0.88,31.9,OK,48.3,0,35,True,True
2026-08-29T16:52:30,592.5,CAM-05,Blackmagic,Jorge,"Location C - Rooftop (Exterior, Night)",exterior,95.0,-70.7,63.1,0.79,31.5,DEGRADED,14.5,23,600,True,True
2026-08-29T16:53:00,593.0,CAM-01,Sony FX6,Ariel,"Location C - Rooftop (Exterior, Night)",exterior,18.0,-53.3,69.2,0.95,30.8,OK,50.0,0,35,True,True
2026-08-29T16:53:00,593.0,CAM-02,Sony FX6,Marlon,"Location C - Rooftop (Exterior, Night)",exterior,32.0,-53.3,68.2,0.92,30.8,OK,49.5,0,35,True,True
2026-08-29T16:53:00,593.0,CAM-03,Sony FX3,Kiko,"Location C - Rooftop (Exterior, Night)",exterior,68.0,-66.0,40.1,0.61,30.3,DEGRADED,30.0,39,205,True,True
2026-08-29T16:53:00,593.0,CAM-04,Sony FX3,Dennis,"Location C - Rooftop (Exterior, Night)",exterior,45.0,-56.9,66.1,0.88,32.0,OK,46.5,0,35,True,True
2026-08-29T16:53:00,593.0,CAM-05,Blackmagic,Jorge,"Location C - Rooftop (Exterior, Night)",exterior,95.0,-65.6,62.7,0.79,30.3,DEGRADED,31.3,22,221,True,True
2026-08-29T16:53:30,593.5,CAM-01,Sony FX6,Ariel,"Location C - Rooftop (Exterior, Night)",exterior,18.0,-54.7,69.6,0.95,30.7,OK,48.0,0,35,True,True
2026-08-29T16:53:30,593.5,CAM-02,Sony FX6,Marlon,"Location C - Rooftop (Exterior, Night)",exterior,32.0,-55.7,67.7,0.92,31.0,OK,50.4,0,35,True,True
2026-08-29T16:53:30,593.5,CAM-03,Sony FX3,Kiko,"Location C - Rooftop (Exterior, Night)",exterior,68.0,-62.5,40.7,0.61,30.9,OK,42.0,1,67,True,True
2026-08-29T16:53:30,593.5,CAM-04,Sony FX3,Dennis,"Location C - Rooftop (Exterior, Night)",exterior,45.0,-59.9,66.9,0.88,32.0,OK,45.9,0,35,True,True
2026-08-29T16:53:30,593.5,CAM-05,Blackmagic,Jorge,"Location C - Rooftop (Exterior, Night)",exterior,95.0,-64.5,62.7,0.79,30.8,OK,33.5,19,260,True,True
2026-08-29T16:54:00,594.0,CAM-01,Sony FX6,Ariel,"Location C - Rooftop (Exterior, Night)",exterior,18.0,-52.6,70.0,0.95,31.0,OK,47.9,0,35,True,True
2026-08-29T16:54:00,594.0,CAM-02,Sony FX6,Marlon,"Location C - Rooftop (Exterior, Night)",exterior,32.0,-58.2,68.7,0.92,29.4,OK,49.6,0,35,True,True
2026-08-29T16:54:00,594.0,CAM-03,Sony FX3,Kiko,"Location C - Rooftop (Exterior, Night)",exterior,68.0,-62.4,39.8,0.61,30.9,OK,38.7,15,97,True,True
2026-08-29T16:54:00,594.0,CAM-04,Sony FX3,Dennis,"Location C - Rooftop (Exterior, Night)",exterior,45.0,-61.0,66.9,0.88,30.5,OK,44.2,0,44,True,True
2026-08-29T16:54:00,594.0,CAM-05,Blackmagic,Jorge,"Location C - Rooftop (Exterior, Night)",exterior,95.0,-66.9,62.1,0.79,30.2,DEGRADED,27.5,31,366,True,True
2026-08-29T16:54:30,594.5,CAM-01,Sony FX6,Ariel,"Location C - Rooftop (Exterior, Night)",exterior,18.0,-55.2,68.5,0.95,31.7,OK,44.8,0,35,True,True
2026-08-29T16:54:30,594.5,CAM-02,Sony FX6,Marlon,"Location C - Rooftop (Exterior, Night)",exterior,32.0,-61.2,68.4,0.92,30.2,OK,44.3,6,48,True,True
2026-08-29T16:54:30,594.5,CAM-03,Sony FX3,Kiko,"Location C - Rooftop (Exterior, Night)",exterior,68.0,-66.8,39.8,0.61,30.4,DEGRADED,28.0,37,180,True,True
2026-08-29T16:54:30,594.5,CAM-04,Sony FX3,Dennis,"Location C - Rooftop (Exterior, Night)",exterior,45.0,-56.7,65.8,0.88,31.7,OK,48.6,0,35,True,True
2026-08-29T16:54:30,594.5,CAM-05,Blackmagic,Jorge,"Location C - Rooftop (Exterior, Night)",exterior,95.0,-68.2,62.5,0.79,30.2,DEGRADED,20.8,76,282,True,True
2026-08-29T16:55:00,595.0,CAM-01,Sony FX6,Ariel,"Location C - Rooftop (Exterior, Night)",exterior,18.0,-54.5,69.0,0.95,31.4,OK,49.4,0,35,True,True
2026-08-29T16:55:00,595.0,CAM-02,Sony FX6,Marlon,"Location C - Rooftop (Exterior, Night)",exterior,32.0,-58.8,67.3,0.92,30.2,OK,46.7,0,35,True,True
2026-08-29T16:55:00,595.0,CAM-03,Sony FX3,Kiko,"Location C - Rooftop (Exterior, Night)",exterior,68.0,-62.9,40.0,0.61,31.1,OK,37.5,1,176,True,True
2026-08-29T16:55:00,595.0,CAM-04,Sony FX3,Dennis,"Location C - Rooftop (Exterior, Night)",exterior,45.0,-58.9,66.6,0.88,31.5,OK,47.7,0,35,True,True
2026-08-29T16:55:00,595.0,CAM-05,Blackmagic,Jorge,"Location C - Rooftop (Exterior, Night)",exterior,95.0,-64.4,62.2,0.79,31.3,OK,34.1,28,298,True,True
2026-08-29T16:55:30,595.5,CAM-01,Sony FX6,Ariel,"Location C - Rooftop (Exterior, Night)",exterior,18.0,-53.3,68.4,0.95,31.7,OK,45.1,0,35,True,True
2026-08-29T16:55:30,595.5,CAM-02,Sony FX6,Marlon,"Location C - Rooftop (Exterior, Night)",exterior,32.0,-56.8,67.4,0.92,31.7,OK,48.2,0,35,True,True
2026-08-29T16:55:30,595.5,CAM-03,Sony FX3,Kiko,"Location C - Rooftop (Exterior, Night)",exterior,68.0,-65.1,39.2,0.61,31.4,OK,32.6,7,167,True,True
2026-08-29T16:55:30,595.5,CAM-04,Sony FX3,Dennis,"Location C - Rooftop (Exterior, Night)",exterior,45.0,-61.3,66.4,0.88,30.2,OK,44.7,3,73,True,True
2026-08-29T16:55:30,595.5,CAM-05,Blackmagic,Jorge,"Location C - Rooftop (Exterior, Night)",exterior,95.0,-64.1,62.2,0.79,31.8,OK,35.6,21,176,True,True
2026-08-29T16:56:00,596.0,CAM-01,Sony FX6,Ariel,"Location C - Rooftop (Exterior, Night)",exterior,18.0,-55.4,68.1,0.95,32.0,OK,47.0,0,35,True,True
2026-08-29T16:56:00,596.0,CAM-02,Sony FX6,Marlon,"Location C - Rooftop (Exterior, Night)",exterior,32.0,-53.3,67.2,0.92,29.5,OK,49.3,0,35,True,True
2026-08-29T16:56:00,596.0,CAM-03,Sony FX3,Kiko,"Location C - Rooftop (Exterior, Night)",exterior,68.0,-61.3,38.4,0.61,29.9,OK,42.8,9,72,True,True
2026-08-29T16:56:00,596.0,CAM-04,Sony FX3,Dennis,"Location C - Rooftop (Exterior, Night)",exterior,45.0,-60.3,66.4,0.88,30.6,OK,46.9,2,42,True,True
2026-08-29T16:56:00,596.0,CAM-05,Blackmagic,Jorge,"Location C - Rooftop (Exterior, Night)",exterior,95.0,-64.4,62.2,0.79,30.2,OK,32.6,4,255,True,True
2026-08-29T16:56:30,596.5,CAM-01,Sony FX6,Ariel,"Location C - Rooftop (Exterior, Night)",exterior,18.0,-54.1,68.2,0.95,32.2,OK,45.3,0,35,True,True
2026-08-29T16:56:30,596.5,CAM-02,Sony FX6,Marlon,"Location C - Rooftop (Exterior, Night)",exterior,32.0,-58.4,67.1,0.92,31.5,OK,50.5,0,35,True,True
2026-08-29T16:56:30,596.5,CAM-03,Sony FX3,Kiko,"Location C - Rooftop (Exterior, Night)",exterior,68.0,-61.5,39.0,0.61,30.7,OK,43.8,13,79,True,True
2026-08-29T16:56:30,596.5,CAM-04,Sony FX3,Dennis,"Location C - Rooftop (Exterior, Night)",exterior,45.0,-62.9,66.1,0.88,31.9,OK,36.1,1,178,True,True
2026-08-29T16:56:30,596.5,CAM-05,Blackmagic,Jorge,"Location C - Rooftop (Exterior, Night)",exterior,95.0,-62.3,62.0,0.79,32.4,OK,39.4,17,122,True,True
2026-08-29T16:57:00,597.0,CAM-01,Sony FX6,Ariel,"Location C - Rooftop (Exterior, Night)",exterior,18.0,-50.4,68.5,0.95,29.9,OK,46.0,0,35,True,True
2026-08-29T16:57:00,597.0,CAM-02,Sony FX6,Marlon,"Location C - Rooftop (Exterior, Night)",exterior,32.0,-57.2,67.0,0.92,31.8,OK,47.5,0,35,True,True
2026-08-29T16:57:00,597.0,CAM-03,Sony FX3,Kiko,"Location C - Rooftop (Exterior, Night)",exterior,68.0,-62.6,37.6,0.61,30.3,OK,38.2,15,176,True,True
2026-08-29T16:57:00,597.0,CAM-04,Sony FX3,Dennis,"Location C - Rooftop (Exterior, Night)",exterior,45.0,-60.6,65.4,0.88,31.7,OK,43.6,4,51,True,True
2026-08-29T16:57:00,597.0,CAM-05,Blackmagic,Jorge,"Location C - Rooftop (Exterior, Night)",exterior,95.0,-65.3,61.9,0.79,30.3,DEGRADED,32.0,10,291,True,True
2026-08-29T16:57:30,597.5,CAM-01,Sony FX6,Ariel,"Location C - Rooftop (Exterior, Night)",exterior,18.0,-59.1,67.5,0.95,30.4,OK,49.5,0,35,True,True
2026-08-29T16:57:30,597.5,CAM-02,Sony FX6,Marlon,"Location C - Rooftop (Exterior, Night)",exterior,32.0,-59.4,67.4,0.92,30.8,OK,47.4,0,35,True,True
2026-08-29T16:57:30,597.5,CAM-03,Sony FX3,Kiko,"Location C - Rooftop (Exterior, Night)",exterior,68.0,-64.4,37.7,0.61,32.0,OK,33.2,21,122,True,True
2026-08-29T16:57:30,597.5,CAM-04,Sony FX3,Dennis,"Location C - Rooftop (Exterior, Night)",exterior,45.0,-62.5,64.9,0.88,32.5,OK,41.2,12,71,True,True
2026-08-29T16:57:30,597.5,CAM-05,Blackmagic,Jorge,"Location C - Rooftop (Exterior, Night)",exterior,95.0,-64.9,61.7,0.79,31.0,OK,32.6,43,219,True,True
2026-08-29T16:58:00,598.0,CAM-01,Sony FX6,Ariel,"Location C - Rooftop (Exterior, Night)",exterior,18.0,-54.1,67.7,0.95,31.1,OK,48.5,0,35,True,True
2026-08-29T16:58:00,598.0,CAM-02,Sony FX6,Marlon,"Location C - Rooftop (Exterior, Night)",exterior,32.0,-61.5,66.7,0.92,31.6,OK,43.4,0,118,True,True
2026-08-29T16:58:00,598.0,CAM-03,Sony FX3,Kiko,"Location C - Rooftop (Exterior, Night)",exterior,68.0,-63.1,37.7,0.61,30.3,OK,36.9,2,144,True,True
2026-08-29T16:58:00,598.0,CAM-04,Sony FX3,Dennis,"Location C - Rooftop (Exterior, Night)",exterior,45.0,-60.2,65.9,0.88,30.3,OK,44.1,0,45,True,True
2026-08-29T16:58:00,598.0,CAM-05,Blackmagic,Jorge,"Location C - Rooftop (Exterior, Night)",exterior,95.0,-68.6,61.7,0.79,30.3,DEGRADED,20.6,20,260,True,True
2026-08-29T16:58:30,598.5,CAM-01,Sony FX6,Ariel,"Location C - Rooftop (Exterior, Night)",exterior,18.0,-56.2,68.1,0.95,30.4,OK,48.2,0,35,True,True
2026-08-29T16:58:30,598.5,CAM-02,Sony FX6,Marlon,"Location C - Rooftop (Exterior, Night)",exterior,32.0,-56.0,67.2,0.92,32.4,OK,49.9,0,35,True,True
2026-08-29T16:58:30,598.5,CAM-03,Sony FX3,Kiko,"Location C - Rooftop (Exterior, Night)",exterior,68.0,-61.9,37.2,0.61,31.3,OK,44.4,13,56,True,True
2026-08-29T16:58:30,598.5,CAM-04,Sony FX3,Dennis,"Location C - Rooftop (Exterior, Night)",exterior,45.0,-60.6,65.8,0.88,31.4,OK,46.3,0,39,True,True
2026-08-29T16:58:30,598.5,CAM-05,Blackmagic,Jorge,"Location C - Rooftop (Exterior, Night)",exterior,95.0,-66.5,61.2,0.79,31.0,DEGRADED,30.1,38,268,True,True
2026-08-29T16:59:00,599.0,CAM-01,Sony FX6,Ariel,"Location C - Rooftop (Exterior, Night)",exterior,18.0,-56.3,68.0,0.95,31.6,OK,46.5,0,35,True,True
2026-08-29T16:59:00,599.0,CAM-02,Sony FX6,Marlon,"Location C - Rooftop (Exterior, Night)",exterior,32.0,-62.6,66.7,0.92,31.3,OK,38.1,5,174,True,True
2026-08-29T16:59:00,599.0,CAM-03,Sony FX3,Kiko,"Location C - Rooftop (Exterior, Night)",exterior,68.0,-67.0,36.7,0.61,30.1,DEGRADED,24.4,2,239,True,True
2026-08-29T16:59:00,599.0,CAM-04,Sony FX3,Dennis,"Location C - Rooftop (Exterior, Night)",exterior,45.0,-58.1,65.6,0.88,31.5,OK,49.3,0,35,True,True
2026-08-29T16:59:00,599.0,CAM-05,Blackmagic,Jorge,"Location C - Rooftop (Exterior, Night)",exterior,95.0,-65.1,61.0,0.79,30.8,OK,31.1,13,107,True,True
2026-08-29T16:59:30,599.5,CAM-01,Sony FX6,Ariel,"Location C - Rooftop (Exterior, Night)",exterior,18.0,-53.7,67.5,0.95,31.5,OK,47.6,0,35,True,True
2026-08-29T16:59:30,599.5,CAM-02,Sony FX6,Marlon,"Location C - Rooftop (Exterior, Night)",exterior,32.0,-59.1,65.9,0.92,30.9,OK,46.7,0,35,True,True
2026-08-29T16:59:30,599.5,CAM-03,Sony FX3,Kiko,"Location C - Rooftop (Exterior, Night)",exterior,68.0,-63.5,37.0,0.61,29.7,OK,38.7,12,105,True,True
2026-08-29T16:59:30,599.5,CAM-04,Sony FX3,Dennis,"Location C - Rooftop (Exterior, Night)",exterior,45.0,-60.0,65.4,0.88,31.3,OK,45.3,0,35,True,True
2026-08-29T16:59:30,599.5,CAM-05,Blackmagic,Jorge,"Location C - Rooftop (Exterior, Night)",exterior,95.0,-63.5,61.6,0.79,32.2,OK,36.5,20,139,True,True
2026-08-29T17:00:00,600.0,CAM-01,Sony FX6,Ariel,"Location C - Rooftop (Exterior, Night)",exterior,18.0,-51.1,68.3,0.95,31.8,OK,47.6,0,35,True,True
2026-08-29T17:00:00,600.0,CAM-02,Sony FX6,Marlon,"Location C - Rooftop (Exterior, Night)",exterior,32.0,-58.6,66.6,0.92,29.8,OK,45.7,0,35,True,True
2026-08-29T17:00:00,600.0,CAM-03,Sony FX3,Kiko,"Location C - Rooftop (Exterior, Night)",exterior,68.0,-64.3,36.8,0.61,32.7,OK,35.4,7,232,True,True
2026-08-29T17:00:00,600.0,CAM-04,Sony FX3,Dennis,"Location C - Rooftop (Exterior, Night)",exterior,45.0,-60.3,65.1,0.88,29.5,OK,45.4,1,39,True,True
2026-08-29T17:00:00,600.0,CAM-05,Blackmagic,Jorge,"Location C - Rooftop (Exterior, Night)",exterior,95.0,-63.5,61.0,0.79,30.9,OK,35.2,31,231,True,True
2026-08-29T17:00:30,600.5,CAM-01,Sony FX6,Ariel,"Location C - Rooftop (Exterior, Night)",exterior,18.0,-52.6,67.2,0.95,30.4,OK,49.1,0,35,True,True
2026-08-29T17:00:30,600.5,CAM-02,Sony FX6,Marlon,"Location C - Rooftop (Exterior, Night)",exterior,32.0,-58.9,66.8,0.92,31.7,OK,48.2,0,35,True,True
2026-08-29T17:00:30,600.5,CAM-03,Sony FX3,Kiko,"Location C - Rooftop (Exterior, Night)",exterior,68.0,-62.6,36.7,0.61,31.3,OK,38.4,19,156,True,True
2026-08-29T17:00:30,600.5,CAM-04,Sony FX3,Dennis,"Location C - Rooftop (Exterior, Night)",exterior,45.0,-64.1,65.3,0.88,30.7,OK,37.6,2,119,True,True
2026-08-29T17:00:30,600.5,CAM-05,Blackmagic,Jorge,"Location C - Rooftop (Exterior, Night)",exterior,95.0,-66.8,61.0,0.79,31.5,DEGRADED,27.1,12,432,True,True
2026-08-29T17:01:00,601.0,CAM-01,Sony FX6,Ariel,"Location C - Rooftop (Exterior, Night)",exterior,18.0,-53.8,66.6,0.95,30.6,OK,47.9,0,35,True,True
2026-08-29T17:01:00,601.0,CAM-02,Sony FX6,Marlon,"Location C - Rooftop (Exterior, Night)",exterior,32.0,-60.6,66.6,0.92,30.1,OK,48.2,2,56,True,True
2026-08-29T17:01:00,601.0,CAM-03,Sony FX3,Kiko,"Location C - Rooftop (Exterior, Night)",exterior,68.0,-64.3,36.2,0.61,32.8,OK,35.1,36,273,True,True
2026-08-29T17:01:00,601.0,CAM-04,Sony FX3,Dennis,"Location C - Rooftop (Exterior, Night)",exterior,45.0,-60.1,65.0,0.88,31.0,OK,46.8,0,37,True,True
2026-08-29T17:01:00,601.0,CAM-05,Blackmagic,Jorge,"Location C - Rooftop (Exterior, Night)",exterior,95.0,-65.8,61.0,0.79,31.1,DEGRADED,29.6,8,373,True,True
2026-08-29T17:01:30,601.5,CAM-01,Sony FX6,Ariel,"Location C - Rooftop (Exterior, Night)",exterior,18.0,-53.3,67.4,0.95,30.9,OK,49.4,0,35,True,True
2026-08-29T17:01:30,601.5,CAM-02,Sony FX6,Marlon,"Location C - Rooftop (Exterior, Night)",exterior,32.0,-57.2,65.9,0.92,30.6,OK,47.2,0,35,True,True
2026-08-29T17:01:30,601.5,CAM-03,Sony FX3,Kiko,"Location C - Rooftop (Exterior, Night)",exterior,68.0,-62.1,35.6,0.61,30.5,OK,41.7,3,142,True,True
2026-08-29T17:01:30,601.5,CAM-04,Sony FX3,Dennis,"Location C - Rooftop (Exterior, Night)",exterior,45.0,-59.5,64.7,0.88,31.1,OK,47.2,0,35,True,True
2026-08-29T17:01:30,601.5,CAM-05,Blackmagic,Jorge,"Location C - Rooftop (Exterior, Night)",exterior,95.0,-61.7,60.7,0.79,30.1,OK,44.5,4,134,True,True
2026-08-29T17:02:00,602.0,CAM-01,Sony FX6,Ariel,"Location C - Rooftop (Exterior, Night)",exterior,18.0,-53.5,67.3,0.95,30.4,OK,47.1,0,35,True,True
2026-08-29T17:02:00,602.0,CAM-02,Sony FX6,Marlon,"Location C - Rooftop (Exterior, Night)",exterior,32.0,-60.5,65.2,0.92,29.4,OK,45.1,2,37,True,True
2026-08-29T17:02:00,602.0,CAM-03,Sony FX3,Kiko,"Location C - Rooftop (Exterior, Night)",exterior,68.0,-62.1,34.6,0.61,30.3,OK,38.9,3,49,True,True
2026-08-29T17:02:00,602.0,CAM-04,Sony FX3,Dennis,"Location C - Rooftop (Exterior, Night)",exterior,45.0,-63.0,64.4,0.88,31.7,OK,43.7,8,130,True,True
2026-08-29T17:02:00,602.0,CAM-05,Blackmagic,Jorge,"Location C - Rooftop (Exterior, Night)",exterior,95.0,-68.5,60.6,0.79,33.1,DEGRADED,22.1,40,216,True,True
2026-08-29T17:02:30,602.5,CAM-01,Sony FX6,Ariel,"Location C - Rooftop (Exterior, Night)",exterior,18.0,-58.9,67.7,0.95,30.5,OK,48.9,0,35,True,True
2026-08-29T17:02:30,602.5,CAM-02,Sony FX6,Marlon,"Location C - Rooftop (Exterior, Night)",exterior,32.0,-58.1,65.9,0.92,32.1,OK,47.6,0,35,True,True
2026-08-29T17:02:30,602.5,CAM-03,Sony FX3,Kiko,"Location C - Rooftop (Exterior, Night)",exterior,68.0,-61.4,35.4,0.61,30.2,OK,45.4,6,66,True,True
2026-08-29T17:02:30,602.5,CAM-04,Sony FX3,Dennis,"Location C - Rooftop (Exterior, Night)",exterior,45.0,-58.7,65.0,0.88,30.1,OK,48.9,0,35,True,True
2026-08-29T17:02:30,602.5,CAM-05,Blackmagic,Jorge,"Location C - Rooftop (Exterior, Night)",exterior,95.0,-69.5,60.0,0.79,31.4,DEGRADED,20.8,12,311,True,True
2026-08-29T17:03:00,603.0,CAM-01,Sony FX6,Ariel,"Location C - Rooftop (Exterior, Night)",exterior,18.0,-53.0,66.5,0.95,30.5,OK,47.1,0,35,True,True
2026-08-29T17:03:00,603.0,CAM-02,Sony FX6,Marlon,"Location C - Rooftop (Exterior, Night)",exterior,32.0,-61.4,65.6,0.92,30.8,OK,41.9,0,94,True,True
2026-08-29T17:03:00,603.0,CAM-03,Sony FX3,Kiko,"Location C - Rooftop (Exterior, Night)",exterior,68.0,-64.6,34.6,0.61,30.7,OK,32.3,27,278,True,True
2026-08-29T17:03:00,603.0,CAM-04,Sony FX3,Dennis,"Location C - Rooftop (Exterior, Night)",exterior,45.0,-58.1,64.2,0.88,31.6,OK,48.9,0,35,True,True
2026-08-29T17:03:00,603.0,CAM-05,Blackmagic,Jorge,"Location C - Rooftop (Exterior, Night)",exterior,95.0,-65.8,59.8,0.79,28.9,DEGRADED,28.2,47,186,True,True
2026-08-29T17:03:30,603.5,CAM-01,Sony FX6,Ariel,"Location C - Rooftop (Exterior, Night)",exterior,18.0,-56.7,66.8,0.95,31.1,OK,45.5,0,35,True,True
2026-08-29T17:03:30,603.5,CAM-02,Sony FX6,Marlon,"Location C - Rooftop (Exterior, Night)",exterior,32.0,-55.1,65.5,0.92,32.0,OK,51.5,0,35,True,True
2026-08-29T17:03:30,603.5,CAM-03,Sony FX3,Kiko,"Location C - Rooftop (Exterior, Night)",exterior,68.0,-60.4,33.8,0.61,30.4,OK,44.3,2,56,True,True
2026-08-29T17:03:30,603.5,CAM-04,Sony FX3,Dennis,"Location C - Rooftop (Exterior, Night)",exterior,45.0,-62.0,64.5,0.88,29.9,OK,42.6,7,52,True,True
2026-08-29T17:03:30,603.5,CAM-05,Blackmagic,Jorge,"Location C - Rooftop (Exterior, Night)",exterior,95.0,-66.4,59.8,0.79,32.3,DEGRADED,24.2,13,295,True,True
2026-08-29T17:04:00,604.0,CAM-01,Sony FX6,Ariel,"Location C - Rooftop (Exterior, Night)",exterior,18.0,-52.1,66.3,0.95,30.6,OK,47.8,0,35,True,True
2026-08-29T17:04:00,604.0,CAM-02,Sony FX6,Marlon,"Location C - Rooftop (Exterior, Night)",exterior,32.0,-60.8,65.7,0.92,31.4,OK,43.4,5,47,True,True
2026-08-29T17:04:00,604.0,CAM-03,Sony FX3,Kiko,"Location C - Rooftop (Exterior, Night)",exterior,68.0,-60.3,33.8,0.61,31.2,OK,45.0,1,49,True,True
2026-08-29T17:04:00,604.0,CAM-04,Sony FX3,Dennis,"Location C - Rooftop (Exterior, Night)",exterior,45.0,-57.6,64.3,0.88,32.0,OK,50.9,0,35,True,True
2026-08-29T17:04:00,604.0,CAM-05,Blackmagic,Jorge,"Location C - Rooftop (Exterior, Night)",exterior,95.0,-62.4,60.3,0.79,31.0,OK,40.5,3,122,True,True
2026-08-29T17:04:30,604.5,CAM-01,Sony FX6,Ariel,"Location C - Rooftop (Exterior, Night)",exterior,18.0,-55.0,66.7,0.95,31.5,OK,47.5,0,35,True,True
2026-08-29T17:04:30,604.5,CAM-02,Sony FX6,Marlon,"Location C - Rooftop (Exterior, Night)",exterior,32.0,-59.3,64.9,0.92,31.0,OK,48.1,0,35,True,True
2026-08-29T17:04:30,604.5,CAM-03,Sony FX3,Kiko,"Location C - Rooftop (Exterior, Night)",exterior,68.0,-64.6,33.6,0.61,31.8,OK,34.7,18,101,True,True
2026-08-29T17:04:30,604.5,CAM-04,Sony FX3,Dennis,"Location C - Rooftop (Exterior, Night)",exterior,45.0,-59.6,63.7,0.88,30.9,OK,48.2,0,35,True,True
2026-08-29T17:04:30,604.5,CAM-05,Blackmagic,Jorge,"Location C - Rooftop (Exterior, Night)",exterior,95.0,-66.8,59.4,0.79,30.5,DEGRADED,25.1,36,324,True,True
2026-08-29T17:05:00,605.0,CAM-01,Sony FX6,Ariel,"Location C - Rooftop (Exterior, Night)",exterior,18.0,-53.7,66.4,0.95,31.8,OK,49.2,0,35,True,True
2026-08-29T17:05:00,605.0,CAM-02,Sony FX6,Marlon,"Location C - Rooftop (Exterior, Night)",exterior,32.0,-55.9,65.2,0.92,29.9,OK,51.2,0,35,True,True
2026-08-29T17:05:00,605.0,CAM-03,Sony FX3,Kiko,"Location C - Rooftop (Exterior, Night)",exterior,68.0,-59.2,33.0,0.61,30.4,OK,47.8,0,35,True,True
2026-08-29T17:05:00,605.0,CAM-04,Sony FX3,Dennis,"Location C - Rooftop (Exterior, Night)",exterior,45.0,-58.2,63.5,0.88,30.8,OK,48.4,0,35,True,True
2026-08-29T17:05:00,605.0,CAM-05,Blackmagic,Jorge,"Location C - Rooftop (Exterior, Night)",exterior,95.0,-66.5,59.7,0.79,29.9,DEGRADED,27.7,54,312,True,True
2026-08-29T17:05:30,605.5,CAM-01,Sony FX6,Ariel,"Location C - Rooftop (Exterior, Night)",exterior,18.0,-55.1,66.4,0.95,32.3,OK,51.0,0,35,True,True
2026-08-29T17:05:30,605.5,CAM-02,Sony FX6,Marlon,"Location C - Rooftop (Exterior, Night)",exterior,32.0,-55.1,65.4,0.92,30.3,OK,46.0,0,35,True,True
2026-08-29T17:05:30,605.5,CAM-03,Sony FX3,Kiko,"Location C - Rooftop (Exterior, Night)",exterior,68.0,-66.6,32.8,0.61,30.7,DEGRADED,29.2,39,127,True,True
2026-08-29T17:05:30,605.5,CAM-04,Sony FX3,Dennis,"Location C - Rooftop (Exterior, Night)",exterior,45.0,-60.0,63.8,0.88,30.9,OK,47.8,0,35,True,True
2026-08-29T17:05:30,605.5,CAM-05,Blackmagic,Jorge,"Location C - Rooftop (Exterior, Night)",exterior,95.0,-65.9,59.2,0.79,30.7,DEGRADED,27.3,7,301,True,True
2026-08-29T17:06:00,606.0,CAM-01,Sony FX6,Ariel,"Location C - Rooftop (Exterior, Night)",exterior,18.0,-56.0,66.7,0.95,30.4,OK,48.9,0,35,True,True
2026-08-29T17:06:00,606.0,CAM-02,Sony FX6,Marlon,"Location C - Rooftop (Exterior, Night)",exterior,32.0,-57.2,65.3,0.92,31.7,OK,49.0,0,35,True,True
2026-08-29T17:06:00,606.0,CAM-03,Sony FX3,Kiko,"Location C - Rooftop (Exterior, Night)",exterior,68.0,-67.9,32.5,0.61,31.4,DEGRADED,25.8,36,78,True,True
2026-08-29T17:06:00,606.0,CAM-04,Sony FX3,Dennis,"Location C - Rooftop (Exterior, Night)",exterior,45.0,-60.3,63.3,0.88,30.6,OK,47.3,2,52,True,True
2026-08-29T17:06:00,606.0,CAM-05,Blackmagic,Jorge,"Location C - Rooftop (Exterior, Night)",exterior,95.0,-69.6,59.5,0.79,29.7,DEGRADED,16.7,85,77,True,True
2026-08-29T17:06:30,606.5,CAM-01,Sony FX6,Ariel,"Location C - Rooftop (Exterior, Night)",exterior,18.0,-54.8,66.4,0.95,29.4,OK,47.9,0,35,True,True
2026-08-29T17:06:30,606.5,CAM-02,Sony FX6,Marlon,"Location C - Rooftop (Exterior, Night)",exterior,32.0,-57.9,65.0,0.92,31.5,OK,49.8,0,35,True,True
2026-08-29T17:06:30,606.5,CAM-03,Sony FX3,Kiko,"Location C - Rooftop (Exterior, Night)",exterior,68.0,-61.4,31.4,0.61,31.4,OK,46.4,3,93,True,True
2026-08-29T17:06:30,606.5,CAM-04,Sony FX3,Dennis,"Location C - Rooftop (Exterior, Night)",exterior,45.0,-61.3,63.6,0.88,30.5,OK,43.1,0,88,True,True
2026-08-29T17:06:30,606.5,CAM-05,Blackmagic,Jorge,"Location C - Rooftop (Exterior, Night)",exterior,95.0,-63.6,59.3,0.79,30.6,OK,38.1,16,82,True,True
2026-08-29T17:07:00,607.0,CAM-01,Sony FX6,Ariel,"Location C - Rooftop (Exterior, Night)",exterior,18.0,-55.3,66.8,0.95,30.5,OK,48.4,0,35,True,True
2026-08-29T17:07:00,607.0,CAM-02,Sony FX6,Marlon,"Location C - Rooftop (Exterior, Night)",exterior,32.0,-60.4,65.0,0.92,30.9,OK,44.8,2,58,True,True
2026-08-29T17:07:00,607.0,CAM-03,Sony FX3,Kiko,"Location C - Rooftop (Exterior, Night)",exterior,68.0,-64.5,31.7,0.61,30.2,OK,31.2,14,181,True,True
2026-08-29T17:07:00,607.0,CAM-04,Sony FX3,Dennis,"Location C - Rooftop (Exterior, Night)",exterior,45.0,-61.9,63.8,0.88,31.9,OK,42.0,2,60,True,True
2026-08-29T17:07:00,607.0,CAM-05,Blackmagic,Jorge,"Location C - Rooftop (Exterior, Night)",exterior,95.0,-69.5,58.2,0.79,31.1,DEGRADED,20.0,48,373,True,True
2026-08-29T17:07:30,607.5,CAM-01,Sony FX6,Ariel,"Location C - Rooftop (Exterior, Night)",exterior,18.0,-51.5,66.3,0.95,31.4,OK,47.6,0,35,True,True
2026-08-29T17:07:30,607.5,CAM-02,Sony FX6,Marlon,"Location C - Rooftop (Exterior, Night)",exterior,32.0,-55.7,65.4,0.92,31.0,OK,49.6,0,35,True,True
2026-08-29T17:07:30,607.5,CAM-03,Sony FX3,Kiko,"Location C - Rooftop (Exterior, Night)",exterior,68.0,-58.7,31.9,0.61,30.4,OK,47.2,0,35,True,True
2026-08-29T17:07:30,607.5,CAM-04,Sony FX3,Dennis,"Location C - Rooftop (Exterior, Night)",exterior,45.0,-60.7,63.3,0.88,29.8,OK,46.2,1,75,True,True
2026-08-29T17:07:30,607.5,CAM-05,Blackmagic,Jorge,"Location C - Rooftop (Exterior, Night)",exterior,95.0,-64.4,58.3,0.79,29.8,OK,34.5,11,139,True,True
2026-08-29T17:08:00,608.0,CAM-01,Sony FX6,Ariel,"Location C - Rooftop (Exterior, Night)",exterior,18.0,-53.1,65.3,0.95,30.1,OK,48.7,0,35,True,True
2026-08-29T17:08:00,608.0,CAM-02,Sony FX6,Marlon,"Location C - Rooftop (Exterior, Night)",exterior,32.0,-58.7,64.4,0.92,32.4,OK,47.3,0,35,True,True
2026-08-29T17:08:00,608.0,CAM-03,Sony FX3,Kiko,"Location C - Rooftop (Exterior, Night)",exterior,68.0,-63.5,31.3,0.61,30.3,OK,35.4,2,97,True,True
2026-08-29T17:08:00,608.0,CAM-04,Sony FX3,Dennis,"Location C - Rooftop (Exterior, Night)",exterior,45.0,-57.7,62.9,0.88,29.4,OK,46.4,0,35,True,True
2026-08-29T17:08:00,608.0,CAM-05,Blackmagic,Jorge,"Location C - Rooftop (Exterior, Night)",exterior,95.0,-63.2,58.2,0.79,30.6,OK,39.1,23,119,True,True
2026-08-29T17:08:30,608.5,CAM-01,Sony FX6,Ariel,"Location C - Rooftop (Exterior, Night)",exterior,18.0,-58.4,65.9,0.95,30.4,OK,47.3,0,35,True,True
2026-08-29T17:08:30,608.5,CAM-02,Sony FX6,Marlon,"Location C - Rooftop (Exterior, Night)",exterior,32.0,-55.5,64.6,0.92,29.7,OK,46.9,0,35,True,True
2026-08-29T17:08:30,608.5,CAM-03,Sony FX3,Kiko,"Location C - Rooftop (Exterior, Night)",exterior,68.0,-59.0,31.5,0.61,31.6,OK,46.8,0,35,True,True
2026-08-29T17:08:30,608.5,CAM-04,Sony FX3,Dennis,"Location C - Rooftop (Exterior, Night)",exterior,45.0,-59.5,63.1,0.88,32.2,OK,48.1,0,35,True,True
2026-08-29T17:08:30,608.5,CAM-05,Blackmagic,Jorge,"Location C - Rooftop (Exterior, Night)",exterior,95.0,-69.8,58.9,0.79,29.9,DEGRADED,17.4,29,178,True,True
2026-08-29T17:09:00,609.0,CAM-01,Sony FX6,Ariel,"Location C - Rooftop (Exterior, Night)",exterior,18.0,-52.2,65.9,0.95,30.4,OK,49.6,0,35,True,True
2026-08-29T17:09:00,609.0,CAM-02,Sony FX6,Marlon,"Location C - Rooftop (Exterior, Night)",exterior,32.0,-60.7,64.3,0.92,31.2,OK,44.4,3,44,True,True
2026-08-29T17:09:00,609.0,CAM-03,Sony FX3,Kiko,"Location C - Rooftop (Exterior, Night)",exterior,68.0,-64.5,30.8,0.61,29.5,OK,31.3,9,235,True,True
2026-08-29T17:09:00,609.0,CAM-04,Sony FX3,Dennis,"Location C - Rooftop (Exterior, Night)",exterior,45.0,-61.8,61.9,0.88,30.7,OK,41.6,15,45,True,True
2026-08-29T17:09:00,609.0,CAM-05,Blackmagic,Jorge,"Location C - Rooftop (Exterior, Night)",exterior,95.0,-64.9,58.2,0.79,29.8,OK,32.3,8,221,True,True
2026-08-29T17:09:30,609.5,CAM-01,Sony FX6,Ariel,"Location C - Rooftop (Exterior, Night)",exterior,18.0,-57.7,65.3,0.95,30.9,OK,49.2,0,35,True,True
2026-08-29T17:09:30,609.5,CAM-02,Sony FX6,Marlon,"Location C - Rooftop (Exterior, Night)",exterior,32.0,-59.3,64.1,0.92,30.9,OK,46.5,0,35,True,True
2026-08-29T17:09:30,609.5,CAM-03,Sony FX3,Kiko,"Location C - Rooftop (Exterior, Night)",exterior,68.0,-63.1,30.6,0.61,30.9,OK,36.5,13,76,True,True
2026-08-29T17:09:30,609.5,CAM-04,Sony FX3,Dennis,"Location C - Rooftop (Exterior, Night)",exterior,45.0,-57.9,62.5,0.88,29.9,OK,51.6,0,35,True,True
2026-08-29T17:09:30,609.5,CAM-05,Blackmagic,Jorge,"Location C - Rooftop (Exterior, Night)",exterior,95.0,-65.6,58.4,0.79,30.6,DEGRADED,30.6,44,186,True,True
2026-08-29T17:10:00,610.0,CAM-01,Sony FX6,Ariel,"Location C - Rooftop (Exterior, Night)",exterior,18.0,-53.4,65.6,0.95,31.6,OK,48.4,0,35,True,True
2026-08-29T17:10:00,610.0,CAM-02,Sony FX6,Marlon,"Location C - Rooftop (Exterior, Night)",exterior,32.0,-59.1,64.3,0.92,32.7,OK,45.1,0,35,True,True
2026-08-29T17:10:00,610.0,CAM-03,Sony FX3,Kiko,"Location C - Rooftop (Exterior, Night)",exterior,68.0,-62.9,30.3,0.61,31.7,OK,37.3,4,81,True,True
2026-08-29T17:10:00,610.0,CAM-04,Sony FX3,Dennis,"Location C - Rooftop (Exterior, Night)",exterior,45.0,-60.7,62.6,0.88,30.9,OK,47.2,5,42,True,True
2026-08-29T17:10:00,610.0,CAM-05,Blackmagic,Jorge,"Location C - Rooftop (Exterior, Night)",exterior,95.0,-62.9,57.9,0.79,30.8,OK,39.8,7,70,True,True
2026-08-29T17:10:30,610.5,CAM-01,Sony FX6,Ariel,"Location C - Rooftop (Exterior, Night)",exterior,18.0,-51.8,65.4,0.95,30.9,OK,50.0,0,35,True,True
2026-08-29T17:10:30,610.5,CAM-02,Sony FX6,Marlon,"Location C - Rooftop (Exterior, Night)",exterior,32.0,-59.8,64.1,0.92,31.0,OK,47.4,0,35,True,True
2026-08-29T17:10:30,610.5,CAM-03,Sony FX3,Kiko,"Location C - Rooftop (Exterior, Night)",exterior,68.0,-61.9,30.3,0.61,30.8,OK,43.0,1,81,True,True
2026-08-29T17:10:30,610.5,CAM-04,Sony FX3,Dennis,"Location C - Rooftop (Exterior, Night)",exterior,45.0,-59.8,62.5,0.88,31.8,OK,47.8,0,35,True,True
2026-08-29T17:10:30,610.5,CAM-05,Blackmagic,Jorge,"Location C - Rooftop (Exterior, Night)",exterior,95.0,-64.8,58.4,0.79,30.6,OK,33.3,26,188,True,True
2026-08-29T17:11:00,611.0,CAM-01,Sony FX6,Ariel,"Location C - Rooftop (Exterior, Night)",exterior,18.0,-55.5,65.1,0.95,30.9,OK,46.7,0,35,True,True
2026-08-29T17:11:00,611.0,CAM-02,Sony FX6,Marlon,"Location C - Rooftop (Exterior, Night)",exterior,32.0,-60.5,63.8,0.92,31.1,OK,44.5,0,43,True,True
2026-08-29T17:11:00,611.0,CAM-03,Sony FX3,Kiko,"Location C - Rooftop (Exterior, Night)",exterior,68.0,-60.7,29.5,0.61,31.2,OK,44.7,6,63,True,True
2026-08-29T17:11:00,611.0,CAM-04,Sony FX3,Dennis,"Location C - Rooftop (Exterior, Night)",exterior,45.0,-59.9,62.0,0.88,30.7,OK,51.1,0,35,True,True
2026-08-29T17:11:00,611.0,CAM-05,Blackmagic,Jorge,"Location C - Rooftop (Exterior, Night)",exterior,95.0,-65.3,58.3,0.79,29.4,DEGRADED,31.7,8,152,True,True
2026-08-29T17:11:30,611.5,CAM-01,Sony FX6,Ariel,"Location C - Rooftop (Exterior, Night)",exterior,18.0,-53.7,65.1,0.95,30.9,OK,47.4,0,35,True,True
2026-08-29T17:11:30,611.5,CAM-02,Sony FX6,Marlon,"Location C - Rooftop (Exterior, Night)",exterior,32.0,-56.6,63.6,0.92,29.9,OK,48.3,0,35,True,True
2026-08-29T17:11:30,611.5,CAM-03,Sony FX3,Kiko,"Location C - Rooftop (Exterior, Night)",exterior,68.0,-62.5,29.4,0.61,32.4,OK,40.8,1,82,True,True
2026-08-29T17:11:30,611.5,CAM-04,Sony FX3,Dennis,"Location C - Rooftop (Exterior, Night)",exterior,45.0,-62.3,62.3,0.88,30.9,OK,38.6,2,47,True,True
2026-08-29T17:11:30,611.5,CAM-05,Blackmagic,Jorge,"Location C - Rooftop (Exterior, Night)",exterior,95.0,-64.5,57.3,0.79,29.9,OK,34.9,38,205,True,True
2026-08-29T17:12:00,612.0,CAM-01,Sony FX6,Ariel,"Location C - Rooftop (Exterior, Night)",exterior,18.0,-53.1,64.6,0.95,31.2,OK,47.6,0,35,True,True
2026-08-29T17:12:00,612.0,CAM-02,Sony FX6,Marlon,"Location C - Rooftop (Exterior, Night)",exterior,32.0,-58.2,63.5,0.92,30.6,OK,49.3,0,35,True,True
2026-08-29T17:12:00,612.0,CAM-03,Sony FX3,Kiko,"Location C - Rooftop (Exterior, Night)",exterior,68.0,-60.7,29.1,0.61,32.4,OK,47.7,2,43,True,True
2026-08-29T17:12:00,612.0,CAM-04,Sony FX3,Dennis,"Location C - Rooftop (Exterior, Night)",exterior,45.0,-59.4,62.0,0.88,32.7,OK,48.9,0,35,True,True
2026-08-29T17:12:00,612.0,CAM-05,Blackmagic,Jorge,"Location C - Rooftop (Exterior, Night)",exterior,95.0,-64.2,57.6,0.79,32.0,OK,33.7,16,285,True,True
2026-08-29T17:12:30,612.5,CAM-01,Sony FX6,Ariel,"Location C - Rooftop (Exterior, Night)",exterior,18.0,-50.4,63.9,0.95,30.7,OK,47.4,0,35,True,True
2026-08-29T17:12:30,612.5,CAM-02,Sony FX6,Marlon,"Location C - Rooftop (Exterior, Night)",exterior,32.0,-56.6,63.3,0.92,30.7,OK,46.2,0,35,True,True
2026-08-29T17:12:30,612.5,CAM-03,Sony FX3,Kiko,"Location C - Rooftop (Exterior, Night)",exterior,68.0,-65.3,28.6,0.61,30.2,DEGRADED,32.4,31,342,True,True
2026-08-29T17:12:30,612.5,CAM-04,Sony FX3,Dennis,"Location C - Rooftop (Exterior, Night)",exterior,45.0,-62.0,61.9,0.88,31.3,OK,41.7,1,52,True,True
2026-08-29T17:12:30,612.5,CAM-05,Blackmagic,Jorge,"Location C - Rooftop (Exterior, Night)",exterior,95.0,-64.9,57.3,0.79,30.1,OK,33.7,10,188,True,True
2026-08-29T17:13:00,613.0,CAM-01,Sony FX6,Ariel,"Location C - Rooftop (Exterior, Night)",exterior,18.0,-53.9,65.3,0.95,31.3,OK,47.7,0,35,True,True
2026-08-29T17:13:00,613.0,CAM-02,Sony FX6,Marlon,"Location C - Rooftop (Exterior, Night)",exterior,32.0,-56.3,64.0,0.92,31.7,OK,45.9,0,35,True,True
2026-08-29T17:13:00,613.0,CAM-03,Sony FX3,Kiko,"Location C - Rooftop (Exterior, Night)",exterior,68.0,-65.1,28.3,0.61,30.2,OK,32.0,42,311,True,True
2026-08-29T17:13:00,613.0,CAM-04,Sony FX3,Dennis,"Location C - Rooftop (Exterior, Night)",exterior,45.0,-61.2,61.2,0.88,31.3,OK,45.1,3,73,True,True
2026-08-29T17:13:00,613.0,CAM-05,Blackmagic,Jorge,"Location C - Rooftop (Exterior, Night)",exterior,95.0,-68.4,57.1,0.79,30.2,DEGRADED,20.0,65,252,True,True
2026-08-29T17:13:30,613.5,CAM-01,Sony FX6,Ariel,"Location C - Rooftop (Exterior, Night)",exterior,18.0,-56.2,64.6,0.95,30.9,OK,47.3,0,35,True,True
2026-08-29T17:13:30,613.5,CAM-02,Sony FX6,Marlon,"Location C - Rooftop (Exterior, Night)",exterior,32.0,-58.4,63.9,0.92,31.1,OK,48.1,0,35,True,True
2026-08-29T17:13:30,613.5,CAM-03,Sony FX3,Kiko,"Location C - Rooftop (Exterior, Night)",exterior,68.0,-68.6,27.4,0.61,30.2,DEGRADED,22.8,59,490,True,True
2026-08-29T17:13:30,613.5,CAM-04,Sony FX3,Dennis,"Location C - Rooftop (Exterior, Night)",exterior,45.0,-64.0,61.5,0.88,30.3,OK,33.7,35,146,True,True
2026-08-29T17:13:30,613.5,CAM-05,Blackmagic,Jorge,"Location C - Rooftop (Exterior, Night)",exterior,95.0,-62.5,57.3,0.79,31.2,OK,41.2,10,173,True,True
2026-08-29T17:14:00,614.0,CAM-01,Sony FX6,Ariel,"Location C - Rooftop (Exterior, Night)",exterior,18.0,-51.4,64.4,0.95,31.8,OK,45.8,0,35,True,True
2026-08-29T17:14:00,614.0,CAM-02,Sony FX6,Marlon,"Location C - Rooftop (Exterior, Night)",exterior,32.0,-58.5,63.6,0.92,30.6,OK,46.7,0,35,True,True
2026-08-29T17:14:00,614.0,CAM-03,Sony FX3,Kiko,"Location C - Rooftop (Exterior, Night)",exterior,68.0,-62.8,27.6,0.61,31.3,OK,36.2,9,92,True,True
2026-08-29T17:14:00,614.0,CAM-04,Sony FX3,Dennis,"Location C - Rooftop (Exterior, Night)",exterior,45.0,-66.6,61.5,0.88,30.5,DEGRADED,26.2,24,150,True,True
2026-08-29T17:14:00,614.0,CAM-05,Blackmagic,Jorge,"Location C - Rooftop (Exterior, Night)",exterior,95.0,-64.6,57.4,0.79,31.1,OK,35.9,32,296,True,True
2026-08-29T17:14:30,614.5,CAM-01,Sony FX6,Ariel,"Location C - Rooftop (Exterior, Night)",exterior,18.0,-56.0,64.9,0.95,30.9,OK,46.5,0,35,True,True
2026-08-29T17:14:30,614.5,CAM-02,Sony FX6,Marlon,"Location C - Rooftop (Exterior, Night)",exterior,32.0,-57.6,62.6,0.92,31.3,OK,51.0,0,35,True,True
2026-08-29T17:14:30,614.5,CAM-03,Sony FX3,Kiko,"Location C - Rooftop (Exterior, Night)",exterior,68.0,-62.6,26.8,0.61,31.4,OK,39.3,1,70,True,True
2026-08-29T17:14:30,614.5,CAM-04,Sony FX3,Dennis,"Location C - Rooftop (Exterior, Night)",exterior,45.0,-62.3,62.0,0.88,30.4,OK,40.3,9,120,True,True
2026-08-29T17:14:30,614.5,CAM-05,Blackmagic,Jorge,"Location C - Rooftop (Exterior, Night)",exterior,95.0,-66.1,56.8,0.79,30.3,DEGRADED,28.5,9,113,True,True
2026-08-29T17:15:00,615.0,CAM-01,Sony FX6,Ariel,"Location C - Rooftop (Exterior, Night)",exterior,18.0,-57.6,64.2,0.95,31.9,OK,46.9,0,35,True,True
2026-08-29T17:15:00,615.0,CAM-02,Sony FX6,Marlon,"Location C - Rooftop (Exterior, Night)",exterior,32.0,-56.0,62.9,0.92,31.7,OK,50.2,0,35,True,True
2026-08-29T17:15:00,615.0,CAM-03,Sony FX3,Kiko,"Location C - Rooftop (Exterior, Night)",exterior,68.0,-59.4,26.2,0.61,30.8,OK,47.8,0,35,True,True
2026-08-29T17:15:00,615.0,CAM-04,Sony FX3,Dennis,"Location C - Rooftop (Exterior, Night)",exterior,45.0,-62.1,61.2,0.88,30.7,OK,41.5,5,53,True,True
2026-08-29T17:15:00,615.0,CAM-05,Blackmagic,Jorge,"Location C - Rooftop (Exterior, Night)",exterior,95.0,-66.4,56.8,0.79,31.3,DEGRADED,28.1,33,175,True,True
2026-08-29T17:15:30,615.5,CAM-01,Sony FX6,Ariel,"Location C - Rooftop (Exterior, Night)",exterior,18.0,-52.8,63.8,0.95,30.8,OK,46.7,0,35,True,True
2026-08-29T17:15:30,615.5,CAM-02,Sony FX6,Marlon,"Location C - Rooftop (Exterior, Night)",exterior,32.0,-53.8,62.5,0.92,30.6,OK,48.8,0,35,True,True
2026-08-29T17:15:30,615.5,CAM-03,Sony FX3,Kiko,"Location C - Rooftop (Exterior, Night)",exterior,68.0,-62.2,26.6,0.61,30.6,OK,41.3,5,106,True,True
2026-08-29T17:15:30,615.5,CAM-04,Sony FX3,Dennis,"Location C - Rooftop (Exterior, Night)",exterior,45.0,-58.9,61.4,0.88,31.0,OK,49.2,0,35,True,True
2026-08-29T17:15:30,615.5,CAM-05,Blackmagic,Jorge,"Location C - Rooftop (Exterior, Night)",exterior,95.0,-67.7,56.4,0.79,31.2,DEGRADED,24.1,12,230,True,True
2026-08-29T17:16:00,616.0,CAM-01,Sony FX6,Ariel,"Location C - Rooftop (Exterior, Night)",exterior,18.0,-55.7,64.3,0.95,31.6,OK,46.1,0,35,True,True
2026-08-29T17:16:00,616.0,CAM-02,Sony FX6,Marlon,"Location C - Rooftop (Exterior, Night)",exterior,32.0,-53.6,63.3,0.92,31.3,OK,48.3,0,35,True,True
2026-08-29T17:16:00,616.0,CAM-03,Sony FX3,Kiko,"Location C - Rooftop (Exterior, Night)",exterior,68.0,-61.7,26.2,0.61,31.7,OK,40.2,3,89,True,True
2026-08-29T17:16:00,616.0,CAM-04,Sony FX3,Dennis,"Location C - Rooftop (Exterior, Night)",exterior,45.0,-61.6,61.2,0.88,30.3,OK,42.6,6,113,True,True
2026-08-29T17:16:00,616.0,CAM-05,Blackmagic,Jorge,"Location C - Rooftop (Exterior, Night)",exterior,95.0,-68.5,56.8,0.79,30.5,DEGRADED,18.9,72,110,True,True
2026-08-29T17:16:30,616.5,CAM-01,Sony FX6,Ariel,"Location C - Rooftop (Exterior, Night)",exterior,18.0,-56.7,63.8,0.95,31.4,OK,48.3,0,35,True,True
2026-08-29T17:16:30,616.5,CAM-02,Sony FX6,Marlon,"Location C - Rooftop (Exterior, Night)",exterior,32.0,-57.8,63.0,0.92,30.8,OK,45.6,0,35,True,True
2026-08-29T17:16:30,616.5,CAM-03,Sony FX3,Kiko,"Location C - Rooftop (Exterior, Night)",exterior,68.0,-62.7,25.5,0.61,31.4,OK,38.3,24,102,True,True
2026-08-29T17:16:30,616.5,CAM-04,Sony FX3,Dennis,"Location C - Rooftop (Exterior, Night)",exterior,45.0,-61.5,61.1,0.88,30.8,OK,42.9,3,121,True,True
2026-08-29T17:16:30,616.5,CAM-05,Blackmagic,Jorge,"Location C - Rooftop (Exterior, Night)",exterior,95.0,-64.0,56.6,0.79,31.4,OK,34.3,13,216,True,True
2026-08-29T17:17:00,617.0,CAM-01,Sony FX6,Ariel,"Location C - Rooftop (Exterior, Night)",exterior,18.0,-50.3,64.2,0.95,31.7,OK,49.6,0,35,True,True
2026-08-29T17:17:00,617.0,CAM-02,Sony FX6,Marlon,"Location C - Rooftop (Exterior, Night)",exterior,32.0,-57.9,62.6,0.92,30.0,OK,46.3,0,35,True,True
2026-08-29T17:17:00,617.0,CAM-03,Sony FX3,Kiko,"Location C - Rooftop (Exterior, Night)",exterior,68.0,-65.8,24.9,0.61,31.3,DEGRADED,31.6,53,159,True,True
2026-08-29T17:17:00,617.0,CAM-04,Sony FX3,Dennis,"Location C - Rooftop (Exterior, Night)",exterior,45.0,-61.4,60.5,0.88,31.0,OK,43.2,0,70,True,True
2026-08-29T17:17:00,617.0,CAM-05,Blackmagic,Jorge,"Location C - Rooftop (Exterior, Night)",exterior,95.0,-64.3,56.3,0.79,31.0,OK,34.0,17,224,True,True
2026-08-29T17:17:30,617.5,CAM-01,Sony FX6,Ariel,"Location C - Rooftop (Exterior, Night)",exterior,18.0,-57.5,64.9,0.95,31.0,OK,46.7,0,35,True,True
2026-08-29T17:17:30,617.5,CAM-02,Sony FX6,Marlon,"Location C - Rooftop (Exterior, Night)",exterior,32.0,-55.2,63.1,0.92,31.7,OK,47.1,0,35,True,True
2026-08-29T17:17:30,617.5,CAM-03,Sony FX3,Kiko,"Location C - Rooftop (Exterior, Night)",exterior,68.0,-63.4,24.9,0.61,31.8,OK,38.9,26,158,True,True
2026-08-29T17:17:30,617.5,CAM-04,Sony FX3,Dennis,"Location C - Rooftop (Exterior, Night)",exterior,45.0,-60.3,60.9,0.88,30.8,OK,48.6,0,44,True,True
2026-08-29T17:17:30,617.5,CAM-05,Blackmagic,Jorge,"Location C - Rooftop (Exterior, Night)",exterior,95.0,-64.9,56.4,0.79,31.6,OK,32.5,36,317,True,True
2026-08-29T17:18:00,618.0,CAM-01,Sony FX6,Ariel,"Location C - Rooftop (Exterior, Night)",exterior,18.0,-55.5,63.4,0.95,30.6,OK,48.2,0,35,True,True
2026-08-29T17:18:00,618.0,CAM-02,Sony FX6,Marlon,"Location C - Rooftop (Exterior, Night)",exterior,32.0,-58.6,63.4,0.92,29.4,OK,46.8,0,35,True,True
2026-08-29T17:18:00,618.0,CAM-03,Sony FX3,Kiko,"Location C - Rooftop (Exterior, Night)",exterior,68.0,-64.3,23.9,0.61,30.7,OK,36.2,38,144,True,True
2026-08-29T17:18:00,618.0,CAM-04,Sony FX3,Dennis,"Location C - Rooftop (Exterior, Night)",exterior,45.0,-60.8,59.9,0.88,32.1,OK,46.4,4,52,True,True
2026-08-29T17:18:00,618.0,CAM-05,Blackmagic,Jorge,"Location C - Rooftop (Exterior, Night)",exterior,95.0,-64.2,55.5,0.79,30.8,OK,35.8,9,127,True,True
2026-08-29T17:18:30,618.5,CAM-01,Sony FX6,Ariel,"Location C - Rooftop (Exterior, Night)",exterior,18.0,-53.8,63.8,0.95,31.3,OK,48.1,0,35,True,True
2026-08-29T17:18:30,618.5,CAM-02,Sony FX6,Marlon,"Location C - Rooftop (Exterior, Night)",exterior,32.0,-55.5,62.8,0.92,31.6,OK,46.5,0,35,True,True
2026-08-29T17:18:30,618.5,CAM-03,Sony FX3,Kiko,"Location C - Rooftop (Exterior, Night)",exterior,68.0,-63.4,25.4,0.61,31.2,OK,35.4,14,141,True,True
2026-08-29T17:18:30,618.5,CAM-04,Sony FX3,Dennis,"Location C - Rooftop (Exterior, Night)",exterior,45.0,-61.8,59.7,0.88,31.9,OK,43.9,6,136,True,True
2026-08-29T17:18:30,618.5,CAM-05,Blackmagic,Jorge,"Location C - Rooftop (Exterior, Night)",exterior,95.0,-65.6,55.3,0.79,31.0,DEGRADED,28.5,7,258,True,True
2026-08-29T17:19:00,619.0,CAM-01,Sony FX6,Ariel,"Location C - Rooftop (Exterior, Night)",exterior,18.0,-54.3,63.3,0.95,31.7,OK,49.3,0,35,True,True
2026-08-29T17:19:00,619.0,CAM-02,Sony FX6,Marlon,"Location C - Rooftop (Exterior, Night)",exterior,32.0,-58.3,62.1,0.92,29.7,OK,48.2,0,35,True,True
2026-08-29T17:19:00,619.0,CAM-03,Sony FX3,Kiko,"Location C - Rooftop (Exterior, Night)",exterior,68.0,-63.7,25.0,0.61,31.6,OK,36.5,14,95,True,True
2026-08-29T17:19:00,619.0,CAM-04,Sony FX3,Dennis,"Location C - Rooftop (Exterior, Night)",exterior,45.0,-61.4,60.9,0.88,30.6,OK,43.1,8,47,True,True
2026-08-29T17:19:00,619.0,CAM-05,Blackmagic,Jorge,"Location C - Rooftop (Exterior, Night)",exterior,95.0,-64.0,55.5,0.79,30.8,OK,36.0,12,196,True,True
2026-08-29T17:19:30,619.5,CAM-01,Sony FX6,Ariel,"Location C - Rooftop (Exterior, Night)",exterior,18.0,-54.7,62.4,0.95,30.7,OK,47.1,0,35,True,True
2026-08-29T17:19:30,619.5,CAM-02,Sony FX6,Marlon,"Location C - Rooftop (Exterior, Night)",exterior,32.0,-60.7,62.2,0.92,29.2,OK,45.7,6,64,True,True
2026-08-29T17:19:30,619.5,CAM-03,Sony FX3,Kiko,"Location C - Rooftop (Exterior, Night)",exterior,68.0,-67.3,24.3,0.61,30.1,DEGRADED,24.4,23,367,True,True
2026-08-29T17:19:30,619.5,CAM-04,Sony FX3,Dennis,"Location C - Rooftop (Exterior, Night)",exterior,45.0,-58.8,60.4,0.88,31.6,OK,46.1,0,35,True,True
2026-08-29T17:19:30,619.5,CAM-05,Blackmagic,Jorge,"Location C - Rooftop (Exterior, Night)",exterior,95.0,-68.2,55.4,0.79,30.9,DEGRADED,22.2,18,496,True,True
